0.0,64.62,112.57,113.43,113.54,113.49,112.7,115.3,114.11,112.77,112.84,114.42,114.44,111.8,110.12,115.68,115.46,114.4,64.39,65.06,78.94,88.82,90.86,135.68,135.66,137.86,130.19,130.53,130.53,132.13,126.93,111.88,132.92,135.18,119.69,130.45,132.6,131.83,138.28,132.87,130.98,136.59,133.26,127.04,132.5,137.08,136.67,137.1,140.29,137.8,137.13,136.39,134.77,136.51,137.76,136.78,56.29,136.75,140.0,139.67,137.41,135.54,136.77,136.34,134.96,137.27,141.77,148.27,106.23,106.15,107.43,103.9,104.43,119.56,116.14,117.24,117.42,118.05,120.71,113.29,126.78,128.34,113.45,115.85,117.42,126.45,118.75,127.52,113.69,126.77,115.42,114.44,116.37,115.39,114.81,114.81,117.9,114.39,126.22,132.26,120.08,120.18,132.07,122.89,122.95,116.69,119.18,114.98,115.87,127.47,117.81,116.11,113.39,114.49,128.58,135.35,126.59,123.7,124.07,126.47,125.55,125.04,124.57,123.69,124.4,124.48,124.5,125.79,125.04,123.46,125.46,125.28,125.25,126.98,125.79,127.25,124.98,125.16,127.17,122.29,126.46,124.79,128.04,151.0,139.28,139.21,149.76,142.36,136.86,150.0,139.36,145.06,114.37,189.91,187.87,180.39,193.38,174.95,113.09,114.59,113.06,114.75,114.7,155.97,156.29,132.63,130.15,133.5,143.46,136.86,133.75,131.67,136.88,133.58,131.43,134.86,131.0,136.75,132.43,137.74,128.13,136.05,137.42,131.31,129.67,136.47,129.82,142.37,126.89,132.1,137.76,128.77,132.79,127.02,133.84,134.02,124.94,125.49,124.99,124.78,125.94,122.92,125.39,159.05,143.84,141.96,141.45,142.91,141.76,142.93,142.33,141.83,153.82,148.75,148.75,142.27,142.22,143.03,62.19
65.0,0.0,54.81,55.66,55.77,55.72,54.94,57.53,56.35,55.01,55.07,56.65,56.68,54.04,52.35,57.92,57.7,56.64,57.14,57.81,71.7,81.57,83.61,77.91,77.9,80.1,72.43,123.29,123.29,124.88,119.68,104.63,125.67,127.93,112.44,123.2,125.36,124.58,131.03,125.63,123.73,129.35,126.02,119.79,125.26,129.84,129.42,129.85,133.04,130.56,129.89,129.14,127.52,129.26,130.52,129.53,110.26,129.5,129.33,128.3,130.16,128.29,129.52,129.09,127.71,130.02,134.52,141.02,48.47,48.39,49.67,46.14,46.67,61.8,58.37,59.47,59.65,60.28,62.94,55.52,69.02,70.57,55.68,58.09,59.66,68.69,60.99,69.76,55.92,69.0,57.66,56.67,58.6,57.63,57.05,57.05,60.14,56.63,68.46,74.49,62.32,62.42,74.3,65.12,65.19,58.93,61.41,57.22,58.1,69.71,60.05,58.35,55.62,56.72,70.82,77.58,68.82,65.93,66.3,68.7,67.79,67.27,66.8,65.93,66.63,66.71,66.73,68.03,67.27,65.7,67.69,67.52,67.49,69.22,68.03,69.49,67.22,67.39,69.41,64.52,68.69,67.03,70.27,93.23,81.52,81.44,91.99,84.59,79.09,92.23,81.6,87.3,56.6,132.14,130.11,122.62,135.61,117.18,55.32,56.82,55.29,56.98,56.93,98.21,98.52,74.86,72.38,75.73,85.7,79.1,75.99,73.91,79.12,75.81,73.66,77.1,73.23,78.99,74.66,79.97,70.36,78.29,79.66,73.55,71.9,78.71,72.06,84.61,69.13,74.33,79.99,71.01,75.03,69.25,76.07,76.26,67.18,67.72,67.22,67.02,68.17,65.16,67.63,101.28,86.07,84.19,83.68,85.14,84.0,85.17,84.56,84.07,136.18,141.5,141.51,135.03,134.97,135.78,2.18
112.56,55.79,0.0,2.7,0.97,2.76,1.0,3.24,3.52,0.72,2.11,3.83,3.85,1.36,5.36,5.09,4.87,3.06,110.08,110.75,124.64,120.31,80.93,24.95,24.94,27.14,19.47,81.74,81.74,82.21,82.68,102.25,80.99,84.0,90.42,82.6,82.68,79.9,79.19,82.95,81.35,79.15,80.81,82.43,82.58,79.64,79.23,78.03,77.25,77.26,79.69,78.95,80.76,79.07,75.83,76.54,157.82,76.77,76.37,75.34,76.74,78.05,76.61,77.2,78.54,76.6,97.32,100.5,22.55,13.28,23.76,14.38,11.93,8.84,5.43,4.86,6.69,7.32,9.56,2.56,16.05,17.61,2.72,5.12,6.7,15.72,8.03,16.8,1.99,16.04,4.7,2.74,5.66,4.27,3.69,3.69,5.52,2.69,23.55,37.57,9.35,9.46,37.38,10.72,10.78,9.28,8.45,2.01,5.14,16.74,5.43,4.31,2.66,2.79,15.5,20.37,15.86,12.97,10.56,15.74,12.04,14.31,13.84,12.97,13.67,13.75,10.99,15.06,14.31,12.73,14.73,14.55,14.52,16.26,15.06,16.53,14.26,14.43,16.44,10.24,12.95,14.07,17.31,40.27,29.21,29.13,39.03,33.69,21.88,39.27,27.27,41.61,2.67,87.2,85.17,77.69,90.68,72.24,2.5,3.46,2.33,2.39,2.98,46.93,47.24,21.9,19.42,22.77,32.74,26.13,23.03,20.94,26.16,22.85,20.7,24.13,20.27,26.03,21.7,27.01,17.4,25.32,26.7,20.58,18.94,25.75,19.1,31.65,16.17,21.37,27.03,18.04,22.07,16.29,23.11,23.3,11.43,11.98,11.48,11.27,12.43,10.76,11.88,56.34,33.11,31.23,30.72,32.18,31.03,32.2,31.6,31.1,83.21,77.34,77.35,75.1,75.05,71.81,55.0
113.8,57.03,2.48,0.0,3.44,2.39,2.6,4.99,3.78,2.68,0.78,4.08,4.11,1.85,5.61,5.34,5.13,4.31,111.32,111.99,125.88,79.18,79.21,24.59,24.57,26.77,19.1,81.37,81.37,81.84,82.32,101.88,80.62,83.63,90.06,82.24,82.32,79.54,78.83,82.58,80.98,78.78,80.44,82.06,82.22,79.28,78.86,77.66,76.88,76.89,79.33,78.58,80.4,78.7,75.46,76.17,159.07,76.4,76.0,74.97,76.37,77.69,76.25,76.84,78.17,76.23,96.95,100.13,23.8,17.77,25.0,17.96,15.51,8.47,5.04,5.57,6.33,6.96,9.61,2.19,15.69,17.24,2.35,4.76,6.33,15.36,5.72,16.43,3.59,15.68,4.33,4.34,5.27,2.55,1.97,1.97,6.23,3.93,25.15,41.58,8.99,9.09,41.39,11.79,11.86,10.88,8.08,4.89,4.77,16.38,6.14,5.02,2.29,4.39,17.49,24.25,15.49,12.61,12.97,15.37,14.46,13.95,13.47,12.6,13.3,13.39,13.4,14.7,13.95,12.37,14.36,14.19,14.16,15.89,14.7,16.16,13.89,14.06,16.08,11.19,15.36,13.7,16.94,39.9,33.09,33.02,38.67,37.58,25.77,38.91,31.15,41.25,3.91,86.84,84.8,77.32,90.31,71.88,2.75,1.74,0.56,4.65,4.36,50.81,51.12,21.54,19.05,22.4,32.37,25.77,22.66,20.58,25.79,22.48,20.33,23.77,19.9,25.66,21.34,26.64,17.03,24.96,26.33,20.22,18.57,25.38,18.73,31.28,15.8,21.01,26.67,17.68,21.7,15.92,22.74,22.93,13.85,14.39,13.89,13.69,14.84,11.83,14.3,55.98,32.75,30.86,30.36,31.81,30.67,31.84,31.24,30.74,82.85,76.97,76.98,74.73,74.68,71.44,56.24
113.37,56.6,1.07,3.51,0.0,3.57,1.81,2.22,2.07,1.34,2.92,2.37,2.4,2.17,3.9,3.63,3.42,3.87,110.89,111.56,125.45,121.12,81.74,25.76,25.75,27.95,20.28,82.55,82.55,83.02,83.49,103.06,81.8,84.81,91.23,83.41,83.49,80.71,80.0,83.76,82.16,79.96,81.62,83.24,83.39,80.45,80.04,78.84,78.06,78.07,80.5,79.76,81.57,79.88,76.64,77.35,158.63,77.58,77.18,76.15,77.55,78.86,77.42,78.01,79.35,77.41,98.13,101.31,23.36,13.23,24.57,14.33,11.88,9.65,6.24,5.67,7.5,8.13,10.37,3.37,16.86,18.42,3.53,5.94,7.51,16.53,8.84,17.61,2.8,16.85,5.51,3.55,6.47,5.08,4.5,4.5,6.33,3.5,22.69,37.51,10.16,10.27,37.32,11.53,11.6,10.09,9.26,1.96,5.95,17.55,6.24,5.12,3.47,3.6,16.31,21.18,16.67,13.78,11.37,16.55,12.85,15.12,14.65,13.78,14.48,14.56,11.8,15.87,15.12,13.54,15.54,15.36,15.33,17.07,15.87,17.34,15.07,15.24,17.25,11.05,13.76,14.88,18.12,41.08,30.02,29.94,39.84,34.5,22.69,40.08,28.08,42.42,3.48,88.01,85.98,78.5,91.49,73.05,2.2,4.27,3.14,2.34,1.54,47.74,48.05,22.71,20.23,23.58,33.55,26.94,23.84,21.75,26.97,23.66,21.51,24.94,21.08,26.84,22.51,27.82,18.21,26.13,27.51,21.39,19.75,26.56,19.91,32.46,16.98,22.18,27.84,18.85,22.88,17.1,23.92,24.11,12.24,12.79,12.29,12.08,13.24,11.57,12.69,57.15,33.92,32.04,31.53,32.99,31.84,33.01,32.41,31.91,84.02,78.15,78.16,75.91,75.86,72.62,55.81
112.5,55.73,1.32,2.72,2.28,0.0,1.45,4.04,3.62,1.52,2.13,3.93,3.95,1.46,5.45,5.19,4.97,3.01,110.03,110.7,124.58,80.99,81.03,25.5,25.49,27.69,20.02,82.29,82.29,82.76,83.23,102.8,81.54,84.55,90.97,83.15,83.23,80.45,79.74,83.5,81.9,79.7,81.36,82.98,83.13,80.19,79.78,78.58,77.8,77.81,80.24,79.5,81.31,79.62,76.38,77.09,157.77,77.32,76.92,75.89,77.29,78.6,77.16,77.75,79.09,77.15,97.87,101.05,22.5,16.47,23.7,16.66,14.21,9.39,5.87,5.3,7.24,7.87,10.01,3.11,16.6,18.16,3.27,5.67,7.25,16.27,8.58,17.35,2.43,16.59,5.25,3.18,6.11,4.37,3.79,3.79,5.96,3.14,23.99,40.28,9.9,10.01,40.09,11.17,11.23,9.72,9.0,3.73,5.69,17.29,5.88,4.76,3.21,3.23,15.95,20.81,16.41,13.52,11.0,14.24,12.49,14.86,14.39,13.52,14.22,14.3,11.43,15.61,14.86,13.28,15.28,15.1,15.07,16.81,15.61,17.08,14.81,14.98,16.99,10.69,13.39,14.62,17.86,40.82,29.65,29.58,39.58,34.14,22.33,39.82,27.71,42.16,3.11,87.75,85.72,78.24,91.23,72.79,2.59,3.56,2.35,3.49,4.68,47.37,47.69,22.45,19.97,23.32,33.29,26.68,23.58,21.49,26.71,23.4,21.25,24.68,20.82,26.58,22.25,27.56,17.95,25.87,27.25,21.13,19.49,26.3,19.65,32.2,16.72,21.92,27.58,18.59,22.62,16.84,23.66,23.85,11.88,12.42,11.92,11.72,12.87,11.2,12.33,56.89,33.66,31.78,31.27,32.73,31.58,32.75,32.15,31.65,83.76,77.89,77.9,75.65,75.6,72.36,54.94
112.59,55.82,0.8,2.73,1.77,2.79,0.0,3.82,3.56,1.0,2.14,3.86,3.89,1.4,5.39,5.13,4.91,3.1,110.12,110.79,124.67,120.35,80.97,24.99,24.97,27.17,19.5,81.77,81.77,82.24,82.72,102.29,81.02,84.03,90.46,82.64,82.72,79.94,79.23,82.99,81.38,79.19,80.84,82.47,82.62,79.68,79.26,78.07,77.28,77.29,79.73,78.98,80.8,79.1,75.86,76.58,157.86,76.8,76.4,75.37,76.78,78.09,76.65,77.24,78.57,76.63,97.35,100.53,22.59,13.54,23.79,16.75,14.3,8.87,4.43,3.86,6.73,7.36,8.56,2.6,16.09,17.65,2.75,4.1,6.73,15.76,8.06,16.83,0.99,16.08,4.73,1.73,4.66,4.3,3.72,3.72,4.52,1.69,22.55,37.59,9.39,9.49,37.41,9.72,9.78,8.28,7.62,2.28,4.7,16.78,4.43,3.31,2.7,1.78,14.5,19.37,15.89,13.01,9.56,12.79,11.04,14.35,13.87,13.0,13.7,13.79,9.99,12.49,14.35,12.77,12.15,11.98,12.02,16.29,12.49,16.56,11.68,11.85,16.48,9.24,11.95,11.49,17.34,40.3,28.21,28.13,39.07,32.69,20.88,39.31,26.27,41.65,1.67,87.24,85.2,77.72,90.71,72.28,2.53,3.5,2.36,2.05,3.24,45.92,46.24,21.94,19.46,22.8,32.77,26.17,23.06,20.98,26.19,22.89,20.73,24.17,20.3,26.06,21.74,27.04,17.43,25.36,26.73,20.62,18.97,25.78,19.13,31.68,16.2,21.41,27.07,18.08,22.1,16.33,23.14,23.33,10.43,10.98,10.48,10.27,11.43,9.76,10.88,56.38,33.15,31.26,30.76,32.21,31.07,32.24,31.64,31.14,83.25,77.38,77.38,75.13,75.08,71.84,55.03
115.13,58.36,3.09,4.99,2.23,5.33,3.57,0.0,2.79,2.68,4.68,3.1,3.12,3.93,4.62,4.36,4.14,5.64,112.65,113.32,127.21,82.99,83.03,27.52,27.51,29.71,22.04,84.31,84.31,84.78,85.26,104.82,83.56,86.57,93.0,85.18,85.25,82.47,81.77,85.52,83.92,81.72,83.38,85.0,85.15,82.21,81.8,80.6,79.82,79.83,82.27,81.52,83.33,81.64,78.4,79.11,160.4,79.34,78.94,77.91,79.31,80.63,79.18,79.78,81.11,79.17,99.89,103.07,25.13,11.73,26.33,12.83,10.38,11.41,7.74,7.17,9.26,9.89,11.88,5.13,18.63,20.18,5.29,7.41,9.27,18.3,10.6,19.37,4.3,18.62,7.27,5.05,7.97,6.36,5.78,5.78,7.83,5.01,22.15,36.02,11.93,12.03,35.83,13.03,13.1,11.59,11.02,1.56,7.71,19.32,7.74,6.62,5.23,5.1,17.82,22.68,18.43,15.54,12.87,16.1,14.36,16.88,16.41,15.54,16.24,16.33,13.3,17.64,16.88,15.31,17.3,17.13,17.1,18.83,17.64,19.1,16.83,17.0,19.02,12.55,15.26,16.64,19.88,42.84,35.95,35.87,41.6,39.02,24.19,41.85,29.58,44.18,4.98,89.77,87.74,80.26,93.25,74.81,2.93,5.56,4.9,1.93,1.22,49.24,49.55,24.47,21.99,25.34,35.31,28.71,25.6,23.52,28.73,25.42,23.27,26.71,22.84,28.6,24.27,29.58,19.97,27.9,29.27,23.16,21.51,28.32,21.67,34.22,18.74,23.94,29.61,20.62,24.64,18.86,25.68,25.87,13.74,14.29,13.79,13.58,14.74,13.07,14.2,58.92,35.69,33.8,33.29,34.75,33.61,34.78,34.17,33.68,85.79,79.91,79.92,77.67,77.62,74.38,57.57
114.91,58.14,3.58,3.9,2.23,4.64,3.71,2.95,0.0,3.78,3.23,1.92,0.43,2.96,1.93,1.67,1.45,5.41,112.43,113.1,126.99,81.9,81.93,26.84,26.82,29.02,21.35,83.62,83.62,84.09,84.57,104.13,82.87,85.88,92.31,84.49,84.57,81.79,81.08,84.84,83.23,81.03,82.69,84.31,84.47,81.53,81.11,79.91,79.13,79.14,81.58,80.83,82.65,80.95,77.71,78.42,160.17,78.65,78.25,77.22,78.63,79.94,78.5,79.09,80.42,78.48,99.2,102.38,24.9,13.72,26.11,14.82,12.37,10.72,7.29,7.57,8.58,9.21,12.27,4.44,17.94,19.49,4.6,7.01,8.58,17.61,8.44,18.68,4.7,17.93,6.58,5.44,7.52,5.27,4.69,4.69,8.23,5.4,26.26,38.01,11.24,11.34,37.82,13.43,13.49,11.99,10.33,3.09,7.02,18.63,8.14,7.02,4.54,5.49,19.74,26.5,17.74,14.86,15.22,17.62,16.71,16.2,15.72,14.85,15.55,15.64,15.65,16.95,16.2,14.62,16.61,16.44,16.41,18.14,16.95,18.41,16.14,16.31,18.33,13.44,17.61,15.95,19.19,42.15,35.34,35.27,40.92,39.83,28.02,41.16,33.4,43.5,5.38,89.09,87.05,79.57,92.56,74.13,1.84,4.47,3.45,3.46,2.32,53.06,53.38,23.79,21.3,24.65,34.62,28.02,24.91,22.83,28.04,24.73,22.58,26.02,22.15,27.91,23.59,28.89,19.28,27.21,28.58,22.47,20.82,27.63,20.98,33.53,18.05,23.26,28.92,19.93,23.95,18.18,24.99,25.18,16.1,16.64,16.14,15.94,17.09,13.46,16.55,58.23,35.0,33.11,32.61,34.06,32.92,34.09,33.49,32.99,85.1,79.22,79.23,76.98,76.93,73.69,57.34
112.6,55.83,0.56,2.75,1.34,2.8,1.05,2.67,3.57,0.0,2.15,3.87,3.9,1.41,5.4,5.14,4.92,3.11,110.13,110.8,124.68,120.36,80.98,25.0,24.98,27.18,19.51,81.78,81.78,82.25,82.73,102.3,81.03,84.04,90.47,82.65,82.73,79.95,79.24,83.0,81.39,79.2,80.85,82.48,82.63,79.69,79.27,78.08,77.29,77.3,79.74,78.99,80.81,79.11,75.88,76.59,157.87,76.81,76.41,75.38,76.79,78.1,76.66,77.25,78.58,76.64,97.36,100.54,22.6,13.66,23.8,14.76,12.31,8.88,5.47,4.9,6.74,7.37,9.61,2.61,16.1,17.66,2.77,5.17,6.74,15.77,8.07,16.84,2.03,16.09,4.74,2.78,5.71,4.32,3.73,3.73,5.56,2.74,23.59,37.94,9.4,9.5,37.75,10.77,10.83,9.32,8.49,2.39,5.19,16.79,5.48,4.35,2.71,2.83,15.55,20.41,15.9,13.02,10.6,15.79,12.09,14.36,13.88,13.01,13.71,13.8,11.03,15.11,14.36,12.78,14.77,14.6,14.57,16.3,15.11,16.57,14.3,14.47,16.49,10.29,12.99,14.11,17.36,40.31,29.25,29.18,39.08,33.74,21.93,39.32,27.31,41.66,2.71,87.25,85.21,77.73,90.72,72.29,2.54,3.51,2.38,2.77,3.35,46.97,47.28,21.95,19.47,22.81,32.78,26.18,23.07,20.99,26.2,22.9,20.74,24.18,20.31,26.07,21.75,27.05,17.44,25.37,26.74,20.63,18.98,25.79,19.14,31.69,16.21,21.42,27.08,18.09,22.11,16.34,23.16,23.34,11.48,12.02,11.52,11.32,12.47,10.8,11.93,56.39,33.16,31.28,30.77,32.22,31.08,32.25,31.65,31.15,83.26,77.39,77.39,75.14,75.09,71.85,55.04
113.55,56.79,2.23,0.65,3.2,2.14,2.36,4.95,3.41,2.43,0.0,3.72,3.75,1.61,5.25,4.98,4.76,4.06,111.08,111.75,125.63,79.24,79.28,24.34,24.32,26.52,18.85,81.12,81.12,81.6,82.07,101.64,80.37,83.38,89.81,81.99,82.07,79.29,78.58,82.34,80.73,78.54,80.19,81.82,81.97,79.03,78.61,77.42,76.63,76.64,79.08,78.33,80.15,78.45,75.22,75.93,158.82,76.16,75.75,74.72,76.13,77.44,76.0,76.59,77.92,75.98,96.7,99.88,23.55,17.52,24.75,17.71,15.26,8.22,4.79,5.32,6.08,6.71,9.36,1.95,15.44,17.0,2.1,4.51,6.08,15.11,5.78,16.18,3.34,15.43,4.08,4.09,5.03,2.62,2.03,2.03,5.98,3.69,24.9,41.33,8.74,8.84,41.14,11.55,11.61,10.63,7.84,4.64,4.52,16.13,5.89,4.77,2.05,4.14,17.24,24.01,15.24,12.36,12.73,15.13,14.21,13.7,13.23,12.35,13.06,13.14,13.16,14.45,13.7,12.12,14.12,13.94,13.91,15.64,14.45,15.91,13.64,13.82,15.83,10.95,15.12,13.45,16.7,39.65,32.84,32.77,38.42,37.33,25.52,38.66,30.9,41.0,3.66,86.59,84.55,77.07,90.06,71.63,2.39,1.81,0.28,4.4,4.0,50.56,50.88,21.29,18.81,22.16,32.12,25.52,22.41,20.33,25.54,22.24,20.08,23.52,19.66,25.41,21.09,26.39,16.78,24.71,26.08,19.97,18.33,25.13,18.48,31.03,15.55,20.76,26.42,17.43,21.45,15.68,22.5,22.68,13.6,14.15,13.65,13.44,14.59,11.58,14.05,55.73,32.5,30.62,30.11,31.56,30.42,31.59,30.99,30.49,82.6,76.73,76.73,74.48,74.43,71.19,55.99
115.41,58.64,4.08,4.4,2.73,5.14,4.21,3.45,0.6,4.28,3.73,0.0,0.93,3.46,2.43,2.17,1.95,5.91,112.93,113.6,127.48,82.4,82.43,27.34,27.32,29.52,21.85,84.12,84.12,84.59,85.07,104.63,83.37,86.38,92.81,84.99,85.07,82.29,81.58,85.33,83.73,81.53,83.19,84.81,84.97,82.03,81.61,80.41,79.63,79.64,82.08,81.33,83.15,81.45,78.21,78.92,160.67,79.15,78.75,77.72,79.12,80.44,79.0,79.59,80.92,78.98,99.7,102.88,25.4,14.22,26.61,15.32,12.87,11.22,7.79,8.07,9.08,9.71,12.77,4.94,18.44,19.99,5.1,7.51,9.08,18.11,8.94,19.18,5.2,18.43,7.08,5.94,8.02,5.77,5.19,5.19,8.73,5.9,26.76,38.5,11.74,11.84,38.32,13.93,13.99,12.49,10.83,3.59,7.52,19.13,8.64,7.52,5.04,5.99,20.24,27.0,18.24,15.36,15.72,18.12,17.21,16.7,16.22,15.35,16.05,16.14,16.15,17.45,16.7,15.12,17.11,16.94,16.91,18.64,17.45,18.91,16.64,16.81,18.83,13.94,18.11,16.45,19.69,42.65,35.84,35.77,41.42,40.33,28.52,41.66,33.9,44.0,5.88,89.59,87.55,80.07,93.06,74.63,2.33,4.97,3.95,3.96,2.82,53.56,53.88,24.29,21.8,25.15,35.12,28.52,25.41,23.33,28.54,25.23,23.08,26.52,22.65,28.41,24.09,29.39,19.78,27.71,29.08,22.97,21.32,28.13,21.48,34.03,18.55,23.76,29.42,20.43,24.45,18.68,25.49,25.68,16.6,17.14,16.64,16.44,17.59,13.96,17.05,58.73,35.5,33.61,33.11,34.56,33.42,34.59,33.99,33.49,85.6,79.72,79.73,77.48,77.43,74.19,57.84
115.13,58.36,3.8,4.13,2.46,4.86,3.93,3.18,1.84,4.01,3.45,2.15,0.0,3.18,1.5,1.24,1.02,5.63,112.65,113.32,127.21,82.12,82.16,27.06,27.04,29.24,21.57,83.84,83.84,84.32,84.79,104.36,83.1,86.11,92.53,84.71,84.79,82.01,81.3,85.06,83.45,81.26,82.91,84.54,84.69,81.75,81.33,80.14,79.35,79.36,81.8,81.05,82.87,81.17,77.94,78.65,160.39,78.88,78.48,77.45,78.85,80.16,78.72,79.31,80.64,78.71,99.43,102.6,25.13,13.64,26.33,14.74,12.29,10.95,7.51,7.79,8.8,9.43,12.5,4.67,18.16,19.72,4.83,7.23,8.8,17.83,8.66,18.9,4.92,18.15,6.8,5.67,7.75,5.5,4.92,4.92,8.45,5.63,26.48,37.93,11.46,11.56,37.74,13.65,13.72,12.21,10.56,3.31,7.25,18.85,8.36,7.24,4.77,5.72,19.96,26.73,17.97,15.08,15.45,17.85,16.93,16.42,15.95,15.07,15.78,15.86,15.88,17.17,16.42,14.84,16.84,16.66,16.63,18.36,17.17,18.64,16.36,16.54,18.55,13.67,17.84,16.17,19.42,42.38,35.57,35.49,41.14,40.05,28.24,41.38,33.63,43.72,5.6,89.31,87.28,79.79,92.78,74.35,2.06,4.69,3.67,3.68,2.55,53.29,53.6,24.01,21.53,24.88,34.84,28.24,25.13,23.05,28.26,24.96,22.81,26.24,22.38,28.13,23.81,29.12,19.51,27.43,28.8,22.69,21.05,27.85,21.2,33.75,18.27,23.48,29.14,20.15,24.17,18.4,25.22,25.4,16.32,16.87,16.37,16.16,17.32,13.69,16.77,58.45,35.22,33.34,32.83,34.29,33.14,34.31,33.71,33.21,85.32,79.45,79.45,77.2,77.15,73.91,57.57
114.01,57.24,2.73,1.63,3.69,1.68,2.86,5.45,3.91,2.93,1.03,4.22,4.24,0.0,5.75,5.48,5.26,4.52,111.54,112.21,126.09,80.22,80.25,23.88,23.86,26.06,18.39,80.66,80.66,81.14,81.61,101.18,79.91,82.92,89.35,81.53,81.61,78.83,78.12,81.88,80.27,78.08,79.73,81.36,81.51,78.57,78.15,76.96,76.17,76.18,78.62,77.87,79.69,77.99,74.76,75.47,159.28,75.7,75.29,74.26,75.67,76.98,75.54,76.13,77.46,75.52,96.24,99.42,24.01,17.98,25.21,18.17,15.72,7.76,4.33,4.86,5.62,6.25,8.9,1.49,14.98,16.54,1.64,4.05,5.62,14.65,6.2,15.72,3.14,14.97,3.62,3.98,4.57,3.59,3.01,3.01,5.52,3.23,25.4,41.79,8.28,8.38,41.6,11.09,11.15,11.13,7.38,5.14,4.06,15.67,5.43,4.31,1.59,3.65,16.78,23.55,14.78,11.9,12.27,14.67,13.75,13.24,12.77,11.89,12.6,12.68,12.7,13.99,13.24,11.66,13.66,13.48,13.45,15.18,13.99,15.45,13.18,13.36,15.37,10.49,14.66,12.99,16.24,39.19,32.38,32.31,37.96,36.87,25.06,38.2,30.44,40.54,3.2,86.13,84.09,76.61,89.6,71.17,2.89,2.78,1.25,4.9,4.49,50.1,50.42,20.83,18.35,21.7,31.66,25.06,21.95,19.87,25.08,21.78,19.62,23.06,19.2,24.95,20.63,25.93,16.32,24.25,25.62,19.51,17.87,24.67,18.02,30.57,15.09,20.3,25.96,16.97,20.99,15.22,22.04,22.22,13.14,13.69,13.19,12.98,14.13,11.12,13.59,55.27,32.04,30.16,29.65,31.1,29.96,31.13,30.53,30.03,82.14,76.27,76.27,74.02,73.97,70.73,56.45
116.63,59.86,5.3,5.62,3.95,6.36,5.43,4.67,3.34,5.5,4.95,3.64,1.85,4.68,0.0,0.52,1.04,7.13,114.15,114.82,128.71,82.71,82.75,28.56,28.54,30.74,23.07,85.34,85.34,85.81,86.29,105.86,84.59,87.6,94.03,86.21,86.29,83.51,82.8,86.56,84.95,82.76,84.41,86.04,86.19,83.25,82.83,81.64,80.85,80.86,83.3,82.55,84.37,82.67,79.43,80.15,161.89,80.37,79.97,78.94,80.35,81.66,80.22,80.81,82.14,80.2,100.92,104.1,26.62,14.42,27.83,14.61,12.16,12.44,9.01,9.29,10.3,10.93,13.99,6.16,19.66,21.22,6.32,8.73,10.3,19.33,9.26,20.4,6.42,19.65,8.3,7.16,9.24,6.09,5.51,5.51,9.95,7.12,26.06,38.23,12.96,13.06,38.04,15.15,15.21,13.71,12.05,4.81,8.74,20.35,9.86,8.74,6.26,7.21,21.46,28.22,19.46,16.58,16.95,19.35,18.43,17.92,17.44,16.57,17.27,17.36,17.37,18.67,17.92,16.34,18.33,18.16,18.13,19.86,18.67,20.13,17.86,18.03,20.05,15.16,19.33,17.67,20.91,43.87,37.06,36.99,42.64,41.55,29.74,42.88,35.12,45.22,7.1,90.81,88.77,81.29,94.28,75.85,3.56,5.28,5.17,5.18,4.04,54.78,55.1,25.51,23.03,26.37,36.34,29.74,26.63,24.55,29.76,26.46,24.3,27.74,23.87,29.63,25.31,30.61,21.0,28.93,30.3,24.19,22.54,29.35,22.7,35.25,19.77,24.98,30.64,21.65,25.67,19.9,26.71,26.9,17.82,18.37,17.87,17.66,18.81,15.19,18.27,59.95,36.72,34.83,34.33,35.78,34.64,35.81,35.21,34.71,86.82,80.95,80.95,78.7,78.65,75.41,59.06
116.11,59.34,4.79,5.11,3.44,5.85,4.92,4.16,2.82,4.99,4.43,3.13,1.33,4.16,1.0,0.0,0.52,6.62,113.64,114.31,128.19,82.2,82.24,28.04,28.03,30.23,22.56,84.83,84.83,85.3,85.77,105.34,84.08,87.09,93.51,85.69,85.77,82.99,82.28,86.04,84.44,82.24,83.9,85.52,85.67,82.73,82.32,81.12,80.34,80.35,82.78,82.04,83.85,82.15,78.92,79.63,161.38,79.86,79.46,78.43,79.83,81.14,79.7,80.29,81.63,79.69,100.41,103.59,26.11,15.22,27.31,15.42,12.97,11.93,8.5,8.77,9.78,10.41,13.48,5.65,19.14,20.7,5.81,8.21,9.79,18.81,8.74,19.89,5.9,19.13,7.78,6.65,8.73,5.58,4.99,4.99,9.43,6.61,27.46,39.04,12.44,12.55,38.85,14.63,14.7,13.19,11.54,4.29,8.23,19.83,9.35,8.22,5.75,6.7,20.95,27.71,18.95,16.06,16.43,18.83,17.92,17.4,16.93,16.05,16.76,16.84,16.86,18.15,17.4,15.82,17.82,17.64,17.61,19.35,18.15,19.62,17.35,17.52,19.53,14.65,18.82,17.16,20.4,43.36,36.55,36.47,42.12,41.03,29.22,42.36,34.61,44.7,6.58,90.29,88.26,80.78,93.77,75.33,3.04,4.77,4.66,4.67,3.53,54.27,54.58,24.99,22.51,25.86,35.83,29.22,26.12,24.03,29.25,25.94,23.79,27.22,23.36,29.12,24.79,30.1,20.49,28.41,29.79,23.67,22.03,28.84,22.19,34.74,19.26,24.46,30.12,21.13,25.15,19.38,26.2,26.39,17.3,17.85,17.35,17.15,18.3,14.67,17.76,59.43,36.2,34.32,33.81,35.27,34.12,35.29,34.69,34.19,86.3,80.43,80.44,78.19,78.14,74.9,58.55
116.11,59.34,4.79,5.11,3.44,5.85,4.92,4.16,2.82,4.99,4.43,3.13,1.33,4.16,0.94,0.67,0.0,6.62,113.64,114.31,128.19,82.2,82.24,28.04,28.03,30.23,22.56,84.83,84.83,85.3,85.77,105.34,84.08,87.09,93.51,85.69,85.77,82.99,82.28,86.04,84.44,82.24,83.9,85.52,85.67,82.73,82.32,81.12,80.34,80.35,82.78,82.04,83.85,82.16,78.92,79.63,161.38,79.86,79.46,78.43,79.83,81.14,79.7,80.29,81.63,79.69,100.41,103.59,26.11,15.16,27.31,15.35,12.9,11.93,8.5,8.77,9.78,10.41,13.48,5.65,19.14,20.7,5.81,8.21,9.79,18.81,8.74,19.89,5.9,19.13,7.78,6.65,8.73,5.58,4.99,4.99,9.43,6.61,27.46,38.97,12.44,12.55,38.78,14.63,14.7,13.19,11.54,4.29,8.23,19.83,9.35,8.22,5.75,6.7,20.95,27.71,18.95,16.06,16.43,18.83,17.92,17.4,16.93,16.06,16.76,16.84,16.86,18.15,17.4,15.82,17.82,17.64,17.61,19.35,18.15,19.62,17.35,17.52,19.53,14.65,18.82,17.16,20.4,43.36,36.55,36.47,42.12,41.03,29.22,42.36,34.61,44.7,6.58,90.29,88.26,80.78,93.77,75.33,3.04,4.77,4.66,4.67,3.53,54.27,54.58,24.99,22.51,25.86,35.83,29.22,26.12,24.03,29.25,25.94,23.79,27.22,23.36,29.12,24.79,30.1,20.49,28.41,29.79,23.67,22.03,28.84,22.19,34.74,19.26,24.46,30.12,21.13,25.16,19.38,26.2,26.39,17.3,17.85,17.35,17.15,18.3,14.67,17.76,59.43,36.2,34.32,33.81,35.27,34.12,35.29,34.69,34.19,86.3,80.43,80.44,78.19,78.14,74.9,58.55
109.5,52.73,13.49,14.34,14.45,14.4,13.62,11.69,15.03,13.69,13.75,15.33,15.36,12.72,10.95,11.3,11.82,0.0,107.02,107.69,121.57,131.45,133.49,36.59,36.58,38.78,31.11,93.38,93.38,93.85,94.33,113.89,92.63,95.64,102.07,94.24,94.32,91.54,90.84,94.59,92.99,90.79,92.45,94.07,94.22,91.28,90.87,89.67,88.89,88.9,91.33,90.59,92.4,90.71,87.47,88.18,154.76,88.41,88.01,86.98,88.38,89.7,88.25,88.84,90.18,88.24,108.96,112.14,19.49,13.46,20.69,13.66,11.21,20.48,17.05,18.15,18.33,18.96,21.62,14.2,27.7,29.25,14.36,16.77,18.34,27.37,19.67,28.44,14.6,27.68,16.34,15.35,17.28,16.31,15.73,15.73,18.82,15.31,28.51,37.27,21.0,21.1,37.08,23.8,23.87,17.82,20.09,11.36,16.78,28.39,18.73,17.03,14.3,15.4,29.5,36.26,27.5,24.61,24.98,27.38,26.47,25.95,25.48,24.61,25.31,25.39,25.41,26.71,25.95,24.37,26.37,26.2,26.17,27.9,26.71,28.17,25.9,26.07,28.09,23.2,27.37,25.71,28.95,51.91,45.1,45.03,50.67,49.58,37.77,50.91,43.16,53.25,15.28,98.84,96.81,89.33,102.32,83.88,14.0,15.5,13.97,11.74,12.19,62.82,63.13,33.54,31.06,34.41,44.38,37.78,34.67,32.59,37.8,34.49,32.34,35.77,31.91,37.67,33.34,38.65,29.04,36.97,38.34,32.23,30.58,37.39,30.74,43.29,27.81,33.01,38.67,29.69,33.71,27.93,34.75,34.94,25.86,26.4,25.9,25.7,26.85,23.84,26.31,67.98,44.75,42.87,42.36,43.82,42.68,43.85,43.24,42.75,94.86,88.98,88.99,86.74,86.69,83.45,51.93
64.34,56.79,109.83,110.69,110.8,110.75,109.96,112.55,111.37,110.03,110.09,111.68,111.7,109.06,107.38,112.94,112.72,111.66,0.0,3.77,19.62,29.5,31.54,132.94,132.92,135.12,127.45,71.22,71.22,72.81,67.61,52.56,73.6,75.86,60.37,71.13,73.29,72.51,78.96,73.55,71.66,77.27,73.94,67.72,73.19,77.77,77.35,77.78,80.97,78.49,77.82,77.07,75.45,77.19,78.44,77.46,120.57,77.43,80.68,80.35,78.09,76.22,77.45,77.02,75.64,77.95,82.45,88.95,103.49,103.41,104.69,101.16,101.69,116.82,113.39,114.5,114.68,115.31,117.96,110.55,124.04,125.6,110.71,113.11,114.68,123.71,116.01,124.78,110.95,124.03,112.68,111.7,113.63,112.65,112.07,112.07,115.16,111.65,123.48,129.52,117.34,117.44,129.33,120.15,120.21,113.95,116.44,112.24,113.13,124.73,115.07,113.37,110.65,111.75,125.84,132.61,123.84,120.96,121.33,123.73,122.81,122.3,121.83,120.95,121.66,121.74,121.76,123.05,122.3,120.72,122.72,122.54,122.51,124.24,123.05,124.51,122.24,122.42,124.43,119.55,123.72,122.05,125.3,148.25,136.54,136.47,147.02,139.62,134.12,147.26,136.62,142.32,111.63,187.17,185.13,155.42,162.62,152.52,110.35,111.85,110.32,112.01,111.96,153.23,153.55,129.89,127.41,130.76,140.72,134.12,131.01,128.93,134.14,130.84,128.69,132.12,128.26,134.01,129.69,135.0,125.38,133.31,134.68,128.57,126.93,133.73,127.08,139.63,124.15,129.36,135.02,126.03,130.05,124.28,131.1,131.28,122.2,122.75,122.25,122.04,123.19,120.18,122.65,156.31,124.4,124.15,122.79,123.46,121.24,123.49,124.71,124.03,94.5,89.43,89.44,82.95,82.9,83.71,58.93
64.13,56.57,109.62,110.47,110.58,110.53,109.74,112.34,111.16,109.82,109.88,111.46,111.49,108.85,107.16,112.72,112.51,111.45,4.75,0.0,16.93,26.81,28.85,132.72,132.71,101.5,127.24,68.52,68.52,70.12,64.91,49.86,70.9,73.16,57.67,68.44,70.59,69.82,76.27,70.86,68.97,74.58,71.25,65.03,70.49,75.07,74.65,75.09,78.28,75.79,75.12,74.37,72.76,74.49,75.75,74.76,120.35,74.73,77.99,77.66,75.4,73.52,74.76,74.32,72.95,75.25,79.76,86.25,103.27,103.2,104.48,100.94,101.48,116.61,113.18,114.28,114.46,115.09,117.75,110.33,123.82,125.38,110.49,112.9,114.47,123.49,115.8,124.57,110.73,123.81,112.47,111.48,113.41,112.44,111.86,111.86,114.94,111.44,123.27,129.3,117.12,117.23,129.11,119.93,120.0,113.73,116.22,112.03,112.91,124.52,114.86,113.16,110.43,111.53,125.63,132.39,123.63,120.74,121.11,123.51,122.6,122.08,121.61,120.74,121.44,121.52,121.54,122.84,122.08,120.5,122.5,122.32,122.3,124.03,122.84,124.3,122.03,122.2,124.21,119.33,123.5,121.84,125.08,148.04,136.32,136.25,146.8,139.4,133.9,147.04,136.41,142.11,111.41,186.95,184.91,152.73,159.93,149.82,110.13,111.63,110.1,111.79,111.74,153.02,153.33,129.67,127.19,130.54,140.51,133.9,130.8,128.71,133.93,130.62,128.47,131.9,128.04,133.8,129.47,134.78,125.17,133.09,134.47,128.35,126.71,133.52,126.87,139.42,123.94,129.14,134.8,125.81,129.84,124.06,130.88,131.07,121.98,122.53,122.03,121.83,122.98,119.97,122.44,156.09,121.7,121.46,120.09,120.77,118.55,120.8,122.01,121.33,91.81,86.74,86.74,80.26,80.21,81.02,58.72
80.7,73.15,126.19,127.04,127.16,127.1,126.32,128.91,127.73,126.39,126.45,128.04,128.06,125.42,123.74,129.3,129.08,128.02,22.14,20.22,0.0,10.2,12.24,86.24,86.23,84.89,88.63,51.91,51.91,53.51,48.3,33.25,54.29,56.55,41.06,51.83,53.98,53.21,59.66,54.25,52.36,57.97,54.64,48.42,53.88,58.46,58.04,58.48,61.67,59.18,58.51,57.76,56.15,57.88,59.14,58.15,136.92,58.12,61.38,61.05,58.79,56.91,58.15,57.71,56.34,58.64,63.15,69.64,119.85,119.77,121.05,117.52,118.05,133.18,129.75,130.86,131.04,131.67,134.32,126.91,93.02,94.24,127.06,129.47,131.04,92.69,86.06,93.43,127.3,90.09,129.04,128.05,129.98,129.01,128.43,128.43,131.52,128.01,139.84,145.87,133.7,133.8,145.68,136.5,136.57,130.31,132.79,128.6,129.48,93.38,131.43,129.73,127.0,128.1,142.2,108.55,99.79,137.32,137.68,140.08,139.17,98.24,93.0,97.35,97.6,97.68,138.11,139.41,98.24,91.36,139.07,138.9,138.87,119.08,100.32,100.46,138.6,100.9,100.37,135.9,140.07,138.41,101.24,126.86,131.71,131.64,125.63,129.67,110.06,125.87,134.94,128.21,127.98,142.97,139.09,136.12,143.32,133.21,126.7,128.2,126.67,128.36,128.31,149.67,149.98,112.72,117.43,110.05,122.53,108.16,111.73,113.08,117.22,117.48,113.52,112.19,114.39,108.05,116.33,109.47,115.87,108.12,114.54,114.7,116.95,108.52,117.57,121.44,119.18,114.7,112.05,116.53,116.69,116.92,111.39,113.5,138.56,139.1,138.6,138.4,139.55,136.54,139.01,122.75,105.09,104.85,103.48,104.16,101.94,104.18,105.4,104.72,75.2,70.13,70.13,63.65,63.6,64.41,75.29
88.41,80.86,81.59,79.98,82.55,81.81,81.72,83.79,82.58,81.79,80.2,82.89,82.91,133.13,84.42,84.15,83.93,83.42,29.85,27.93,11.01,0.0,2.07,76.17,76.16,74.82,78.56,41.84,41.84,43.44,38.23,23.18,44.22,46.48,30.99,41.76,43.91,43.13,49.58,44.18,42.29,47.9,44.57,38.35,43.81,48.39,47.97,48.4,51.6,49.11,48.44,47.69,46.08,47.81,49.07,48.08,144.63,48.05,51.31,50.98,48.71,46.84,48.08,47.64,46.27,48.57,53.08,59.57,127.56,127.48,128.76,125.23,125.76,82.26,81.57,82.67,80.55,80.37,83.84,81.41,82.95,84.17,81.57,81.28,80.56,82.62,75.99,83.36,82.7,80.02,79.86,83.45,81.8,78.07,78.43,78.43,83.33,83.78,147.55,153.58,83.71,83.81,153.39,86.02,86.09,138.02,82.31,84.0,81.3,83.31,83.25,83.62,81.71,84.21,94.89,98.48,89.71,83.85,90.82,90.84,90.81,88.17,82.93,87.28,87.53,87.61,90.03,90.16,88.17,81.29,91.23,89.65,89.85,109.01,90.25,90.38,89.35,90.83,90.3,86.32,90.95,89.37,91.17,116.79,121.64,121.57,115.56,119.6,99.99,115.8,124.87,118.14,83.76,132.9,129.02,126.04,133.24,123.14,81.56,79.69,79.98,83.76,83.17,139.59,139.91,102.65,107.36,99.98,112.46,98.09,101.66,103.01,107.15,107.41,103.45,102.12,104.32,97.98,106.26,99.4,105.8,98.04,104.47,104.63,106.88,98.45,107.49,111.37,109.1,104.63,101.97,106.45,106.62,106.85,101.31,103.43,90.19,90.74,90.24,90.03,91.19,86.06,90.65,112.68,95.02,94.78,93.41,94.09,91.87,94.11,95.33,94.65,65.13,60.06,60.06,53.58,53.53,54.33,83.0
89.97,82.41,80.8,79.19,81.77,81.02,80.93,83.01,81.8,81.0,79.42,82.1,82.13,80.18,83.63,83.36,83.15,82.63,31.41,29.48,12.57,2.54,0.0,75.39,75.37,74.03,77.78,44.25,44.25,45.85,40.64,25.59,46.63,48.89,33.4,44.17,46.32,45.54,51.99,46.59,44.7,50.31,46.98,40.76,46.22,50.8,50.38,50.82,54.01,51.52,50.85,50.1,48.49,50.22,51.48,50.49,146.19,50.46,53.72,53.39,51.13,49.25,50.49,50.05,48.68,50.98,55.49,61.98,129.11,129.04,130.32,126.78,127.31,81.47,80.78,81.89,79.77,79.58,83.05,80.62,82.16,83.39,80.78,80.5,79.77,81.83,75.21,82.57,81.92,79.23,79.07,82.66,81.02,77.29,77.65,77.65,82.55,83.0,109.35,155.14,82.92,83.02,154.95,85.24,85.3,89.21,81.52,83.21,80.51,82.52,82.46,82.83,80.93,83.42,94.11,97.69,88.93,83.07,90.03,90.05,90.02,87.38,82.14,86.5,86.74,86.82,89.24,89.38,87.38,80.5,90.45,88.87,89.07,86.51,89.46,89.6,88.57,90.04,89.51,85.53,90.16,88.58,90.38,119.2,124.05,123.98,117.97,122.01,99.2,118.21,127.28,120.55,82.97,135.31,131.43,128.45,135.66,125.55,80.77,78.9,79.19,82.98,82.38,142.0,142.32,105.06,109.77,102.39,114.87,100.5,104.07,105.42,109.56,90.47,105.86,104.53,106.73,100.39,89.33,101.81,85.02,100.45,106.88,107.04,109.29,100.86,84.0,113.78,87.85,107.04,104.39,80.29,89.69,109.26,103.72,105.84,89.41,89.95,89.45,89.25,90.4,85.27,89.86,115.09,97.43,97.19,95.82,96.5,94.28,96.52,97.74,97.06,67.54,62.47,62.47,55.99,55.94,56.75,84.55
136.63,79.86,25.45,26.85,26.41,24.3,25.58,28.17,27.75,25.65,26.26,28.06,28.08,25.59,29.58,29.32,29.1,27.14,130.95,129.02,112.11,101.12,103.16,0.0,0.01,7.81,7.89,62.54,62.54,63.02,63.49,83.06,61.8,64.8,71.23,63.41,63.49,60.71,60.0,63.76,62.15,59.96,61.61,63.24,63.39,60.45,60.03,58.84,58.05,58.06,60.5,59.75,61.57,59.87,56.64,57.35,181.9,57.58,57.18,56.15,57.55,58.86,57.42,58.01,59.34,57.4,78.13,81.3,46.63,40.6,47.83,40.79,38.34,19.52,22.89,23.99,20.82,20.67,22.91,24.88,14.41,15.64,25.04,22.61,20.82,14.08,20.37,14.82,25.64,11.48,23.13,26.49,22.53,26.92,26.34,26.34,24.66,25.73,41.6,50.3,19.76,19.86,53.16,25.73,25.79,31.18,20.61,27.86,22.62,14.77,23.23,24.94,24.39,26.16,26.35,29.94,21.18,19.8,22.28,22.3,22.27,19.63,20.51,18.74,18.99,19.07,21.49,21.62,19.63,18.87,22.69,21.11,21.32,12.08,21.71,21.85,20.82,22.29,21.76,22.94,22.41,20.83,22.63,28.33,33.17,33.1,27.09,31.13,31.45,27.33,36.4,29.67,25.71,75.26,73.22,58.04,78.73,60.3,26.72,26.3,26.48,27.62,28.81,51.13,51.44,8.95,10.43,9.11,19.15,10.06,8.26,8.92,13.42,13.85,9.36,10.86,10.23,9.95,12.7,10.94,8.43,9.25,13.96,10.54,9.95,9.67,10.13,18.06,12.18,10.54,13.95,9.05,13.06,9.93,9.16,10.04,21.66,22.2,21.7,21.5,22.65,25.76,22.11,44.4,18.28,15.21,14.7,17.35,16.73,17.37,15.58,15.09,64.02,58.15,58.15,55.9,55.85,52.61,79.07
136.62,79.85,25.43,26.84,26.4,24.29,25.56,28.15,27.74,25.63,26.25,28.04,28.07,25.57,29.57,29.3,29.09,27.12,130.93,129.01,112.1,101.1,103.15,0.01,0.0,7.79,7.87,62.53,62.53,63.0,63.48,83.04,61.78,64.79,71.22,63.39,63.47,60.69,59.99,63.74,62.14,59.94,61.6,63.22,63.37,60.43,60.02,58.82,58.04,58.05,60.48,59.74,61.55,59.86,56.62,57.33,181.88,57.56,57.16,56.13,57.53,58.85,57.4,57.99,59.33,57.39,78.11,81.29,46.61,40.58,47.82,40.78,38.33,19.5,22.87,23.98,20.8,20.66,22.89,24.87,14.4,15.62,25.02,22.59,20.81,14.07,20.36,14.81,25.63,11.46,23.11,26.47,22.52,26.9,26.32,26.32,24.64,25.72,41.58,50.29,19.75,19.85,53.15,25.71,25.78,31.17,20.6,27.84,22.61,14.75,23.22,24.93,24.38,26.15,26.34,29.92,21.16,19.79,22.26,22.28,22.25,19.62,20.49,18.73,18.97,19.06,21.48,21.61,19.62,18.85,22.68,21.1,21.3,12.06,21.7,21.83,20.8,22.27,21.75,22.93,22.4,20.82,22.61,28.31,33.16,33.08,27.07,31.12,31.44,27.32,36.38,29.65,25.69,75.24,73.21,58.03,78.72,60.28,26.71,26.28,26.47,27.61,28.8,51.11,51.43,8.93,10.42,9.1,19.13,10.05,8.25,8.91,13.41,13.83,9.35,10.84,10.22,9.94,12.68,10.92,8.42,9.24,13.95,10.53,9.94,9.66,10.11,18.04,12.16,10.53,13.94,9.03,13.05,9.91,9.15,10.03,21.64,22.19,21.69,21.48,22.64,25.75,22.09,44.39,18.27,15.2,14.69,17.33,16.72,17.36,15.57,15.07,64.01,58.13,58.14,55.89,55.84,52.6,79.05
139.72,82.95,28.53,29.94,29.5,27.39,28.66,31.26,30.84,28.73,29.35,31.14,31.17,28.68,32.67,32.4,32.19,30.22,129.77,127.84,110.93,99.94,101.98,7.56,7.55,0.0,17.72,61.36,61.36,61.84,62.31,81.88,60.61,63.62,70.05,62.23,62.31,59.53,58.82,62.58,60.97,58.78,60.43,62.06,62.21,59.27,58.85,57.66,56.87,56.88,59.32,58.57,60.39,58.69,55.46,56.17,184.98,56.4,55.99,54.96,56.37,57.68,56.24,56.83,58.16,56.22,76.95,80.12,49.71,43.68,50.92,43.88,41.43,22.6,25.98,27.08,23.9,23.76,25.99,27.97,17.5,18.72,28.12,25.69,23.91,17.17,23.46,17.91,28.73,14.57,26.21,29.57,25.62,30.01,29.42,29.42,27.74,28.82,44.69,53.39,22.85,22.95,56.25,28.82,28.88,34.27,23.7,30.94,25.71,17.86,26.32,28.03,27.48,29.25,29.44,33.02,24.26,22.89,25.37,25.39,25.35,22.72,23.59,21.83,22.07,22.16,24.58,24.71,22.72,21.95,25.78,24.2,24.4,21.85,24.8,24.93,23.9,25.37,24.85,26.03,25.5,23.92,25.72,32.75,37.59,37.52,31.51,35.55,34.54,31.75,39.92,34.09,28.79,79.68,77.64,60.53,67.64,56.87,29.81,29.39,29.57,30.71,31.9,55.55,55.86,13.37,22.38,13.53,23.57,14.48,12.68,14.62,17.84,25.81,23.66,15.28,23.23,14.37,24.66,15.36,20.36,13.67,18.38,23.54,21.9,14.09,19.33,22.47,23.19,24.33,18.37,21.0,25.02,21.87,13.58,14.46,24.74,25.29,24.79,24.58,25.74,28.85,25.2,48.82,17.79,17.31,16.67,18.77,19.22,18.8,17.68,17.18,62.84,56.97,56.97,54.72,54.67,51.43,82.15
130.98,74.21,19.79,21.2,20.76,18.65,19.92,22.52,22.1,19.99,20.61,22.4,22.43,19.93,23.93,23.66,23.45,21.48,128.5,129.17,117.54,106.55,108.59,5.89,5.87,12.0,0.0,67.97,67.97,68.44,68.92,88.48,67.22,70.23,76.66,68.84,68.92,66.14,65.43,69.19,67.58,65.39,67.04,68.67,68.82,65.88,65.46,64.26,63.48,67.19,65.93,65.18,67.0,65.3,65.76,62.77,176.24,63.0,62.6,61.57,64.71,64.29,62.85,63.44,64.77,66.53,83.55,90.43,40.97,34.94,42.18,35.14,32.69,13.86,17.24,18.34,15.16,15.02,15.56,19.23,7.58,5.07,19.38,16.95,15.17,7.24,13.96,9.24,19.99,5.06,17.47,20.83,16.88,21.27,20.68,20.68,19.0,20.08,28.89,46.73,12.75,12.85,49.59,18.89,18.95,24.34,14.96,22.2,16.97,9.19,17.58,19.29,18.74,20.51,16.97,20.56,11.79,10.42,14.64,15.56,15.56,10.25,11.15,9.36,9.61,9.69,14.78,14.87,10.25,9.51,13.31,14.36,14.62,6.63,12.33,12.46,13.34,12.91,12.38,15.36,15.71,14.08,13.25,25.81,30.66,30.58,24.58,28.62,22.07,24.82,27.45,27.16,20.05,72.75,70.71,63.23,76.22,57.79,21.07,20.65,20.83,21.97,23.16,48.61,48.93,7.45,4.98,8.31,18.28,11.72,7.79,6.49,11.7,8.4,6.24,9.68,5.81,11.61,7.25,12.6,2.98,10.91,12.24,5.11,4.5,11.33,4.68,17.19,6.73,6.92,12.58,3.6,7.61,4.47,8.66,8.84,14.94,15.49,14.99,14.79,15.94,18.92,15.4,41.89,18.7,16.82,16.31,17.77,17.45,17.79,17.19,16.69,73.15,67.28,67.28,65.03,64.98,61.74,73.41
130.75,123.2,81.65,83.06,82.62,80.51,81.78,84.37,83.96,81.85,82.47,84.26,84.29,81.79,85.79,85.52,85.31,83.34,72.2,70.27,53.36,42.37,44.41,61.55,61.53,62.12,67.22,0.0,0.0,8.04,7.26,24.31,5.8,8.32,12.46,6.93,8.52,4.71,9.85,8.79,1.89,8.66,6.18,7.01,8.42,9.15,8.73,9.16,8.57,11.38,9.2,8.45,8.02,8.57,11.34,5.19,186.98,6.28,7.69,6.66,10.99,8.79,5.18,6.71,8.22,10.84,24.58,31.08,102.83,96.8,104.04,97.0,94.55,75.72,79.1,80.2,77.02,76.88,79.11,81.09,70.62,71.84,81.24,78.81,77.03,70.29,76.58,71.03,81.85,67.68,79.33,82.69,78.74,83.12,82.54,82.54,80.86,81.94,97.8,106.4,75.97,76.07,109.26,81.93,82.0,87.39,76.82,84.06,78.83,70.98,79.44,81.15,80.6,82.37,82.56,86.14,77.38,76.01,78.48,78.5,78.47,75.84,76.71,74.95,75.19,75.28,77.7,77.83,75.84,75.07,78.9,77.32,77.52,68.36,77.92,78.05,77.02,78.49,77.97,79.15,78.62,77.04,78.83,76.15,80.99,80.92,74.91,78.95,87.66,75.15,84.22,77.49,81.91,95.17,91.29,88.32,95.52,85.42,82.93,82.5,82.69,83.83,85.02,98.95,99.26,62.0,66.72,59.33,71.82,57.44,61.01,62.37,66.5,66.76,62.81,61.48,63.67,57.33,65.61,58.76,65.15,57.4,63.82,63.99,66.23,57.8,66.85,70.72,68.46,63.98,61.33,65.81,65.97,66.21,60.67,62.78,77.86,78.41,77.91,77.7,78.86,81.97,78.31,92.22,54.38,54.13,52.77,53.44,51.22,53.47,54.69,54.01,27.4,22.33,22.33,15.85,15.8,16.61,125.34
130.75,123.2,81.65,83.06,82.62,80.51,81.78,84.37,83.96,81.85,82.47,84.26,84.29,81.79,85.79,85.52,85.31,83.34,72.2,70.27,53.36,42.37,44.41,61.55,61.53,62.12,67.22,0.0,0.0,8.04,7.26,24.31,5.8,8.32,12.46,6.93,8.52,4.71,9.85,8.79,1.89,8.66,6.18,7.01,8.42,9.15,8.73,9.16,8.57,11.38,9.2,8.45,8.02,8.57,11.34,5.19,186.98,6.28,7.69,6.66,10.99,8.79,5.18,6.71,8.22,10.84,24.58,31.08,102.83,96.8,104.04,97.0,94.55,75.72,79.1,80.2,77.02,76.88,79.11,81.09,70.62,71.84,81.24,78.81,77.03,70.29,76.58,71.03,81.85,67.68,79.33,82.69,78.74,83.12,82.54,82.54,80.86,81.94,97.8,106.4,75.97,76.07,109.26,81.93,82.0,87.39,76.82,84.06,78.83,70.98,79.44,81.15,80.6,82.37,82.56,86.14,77.38,76.01,78.48,78.5,78.47,75.84,76.71,74.95,75.19,75.28,77.7,77.83,75.84,75.07,78.9,77.32,77.52,68.36,77.92,78.05,77.02,78.49,77.97,79.15,78.62,77.04,78.83,76.15,80.99,80.92,74.91,78.95,87.66,75.15,84.22,77.49,81.91,95.17,91.29,88.32,95.52,85.42,82.93,82.5,82.69,83.83,85.02,98.95,99.26,62.0,66.72,59.33,71.82,57.44,61.01,62.37,66.5,66.76,62.81,61.48,63.67,57.33,65.61,58.76,65.15,57.4,63.82,63.99,66.23,57.8,66.85,70.72,68.46,63.98,61.33,65.81,65.97,66.21,60.67,62.78,77.86,78.41,77.91,77.7,78.86,81.97,78.31,92.22,54.38,54.13,52.77,53.44,51.22,53.47,54.69,54.01,27.4,22.33,22.33,15.85,15.8,16.61,125.34
134.23,126.68,82.73,84.13,83.7,81.59,82.86,85.45,85.03,82.93,83.54,85.34,85.36,82.87,86.87,86.6,86.38,84.42,75.67,73.75,56.84,45.85,47.89,62.62,62.61,63.19,68.3,6.87,6.87,0.0,11.93,27.78,12.71,3.9,15.2,3.45,4.15,11.63,12.24,1.54,6.51,12.07,13.1,11.68,1.22,12.56,12.14,11.08,10.3,13.12,12.61,11.86,13.43,11.98,17.34,9.45,190.46,9.68,9.42,8.39,11.53,10.97,9.53,10.12,11.45,11.85,31.61,39.36,103.91,97.88,105.11,98.07,95.62,76.8,80.17,81.28,78.1,77.96,80.19,82.16,71.69,72.92,82.32,79.89,78.1,71.36,77.65,72.1,82.92,68.76,80.41,83.77,79.82,84.2,83.62,83.62,81.94,83.02,98.88,107.48,77.04,77.14,110.34,83.01,83.08,88.46,77.89,85.14,79.9,72.05,80.52,82.22,81.68,83.44,83.64,87.22,78.46,77.09,79.56,79.58,79.55,76.91,77.79,76.03,76.27,76.35,78.77,78.91,76.91,76.15,79.98,78.4,78.6,69.44,78.99,79.13,78.1,79.57,79.04,80.22,79.7,78.11,79.91,77.23,82.07,82.0,75.99,80.03,88.73,76.23,85.3,78.57,82.99,98.7,94.83,91.85,99.05,88.95,84.01,83.58,83.76,84.9,86.09,100.03,100.34,63.08,67.79,60.41,72.89,58.52,62.09,63.44,67.58,67.84,63.88,62.56,64.75,58.41,66.69,59.84,66.23,58.48,64.9,65.06,67.31,58.88,67.93,71.8,69.54,65.06,62.41,66.89,67.05,67.28,61.75,63.86,78.94,79.48,78.98,78.78,79.93,83.05,79.39,93.3,55.45,55.21,53.84,54.52,52.3,54.55,55.77,55.09,30.94,25.86,25.87,19.39,19.34,20.14,128.82
126.27,118.72,83.78,85.19,84.75,82.64,83.91,86.5,86.09,83.98,84.6,86.39,86.42,83.92,87.92,87.65,87.44,85.47,67.71,65.78,48.87,37.88,39.93,63.68,63.66,64.25,69.35,7.26,7.26,12.88,0.0,19.82,6.37,13.16,7.97,11.76,13.35,5.28,12.51,13.62,8.39,10.83,6.51,0.49,13.25,11.32,10.9,11.33,10.7,12.04,11.37,10.62,9.0,10.74,12.0,7.32,182.49,10.98,9.82,8.79,11.64,9.77,7.31,10.57,9.2,11.5,21.07,27.57,104.96,98.93,106.17,99.13,96.68,77.85,81.22,82.33,79.15,79.01,81.24,83.22,72.75,73.97,83.37,80.94,79.16,72.42,78.71,73.16,83.98,69.81,81.46,84.82,80.87,85.25,84.67,84.67,82.99,84.07,99.93,108.53,78.1,78.2,111.39,84.06,84.13,89.52,78.95,86.19,80.96,73.1,81.57,83.28,82.73,84.5,84.69,88.27,79.51,78.14,80.61,80.63,80.6,77.97,78.84,77.08,77.32,77.41,79.83,79.96,77.97,77.2,81.03,79.45,79.65,70.49,80.05,80.18,79.15,80.62,80.1,81.27,80.75,79.17,80.96,78.28,83.12,83.05,77.04,81.08,89.79,77.28,86.35,79.62,84.04,95.82,91.95,88.97,96.17,86.07,85.06,84.63,84.82,85.96,87.15,101.08,101.39,64.13,68.85,61.46,73.95,59.57,63.14,64.5,68.63,68.89,64.94,63.61,65.8,59.46,67.74,60.89,67.28,59.53,65.95,66.12,68.36,59.93,68.98,72.85,70.59,66.11,63.46,67.94,68.1,68.34,62.8,64.91,79.99,80.54,80.04,79.83,80.99,84.1,80.44,75.61,56.51,56.26,54.9,55.57,53.35,55.6,56.82,56.14,28.06,22.98,22.99,16.51,16.46,17.26,120.86
112.41,104.86,105.16,106.56,106.12,104.01,105.29,107.88,107.46,105.36,105.97,107.77,107.79,105.3,109.29,109.03,108.81,106.84,53.85,51.93,35.02,24.02,26.07,85.05,85.03,85.62,90.72,24.7,24.7,26.3,21.09,0.0,27.08,29.34,13.85,24.61,26.77,25.99,32.44,27.04,25.14,30.76,27.43,21.21,26.67,31.25,30.83,31.26,34.46,31.97,31.3,30.55,28.93,30.67,31.93,30.94,168.64,30.91,34.17,33.83,31.57,29.7,30.93,30.5,29.13,31.43,35.94,42.43,126.34,120.3,127.54,120.5,118.05,99.22,102.6,103.7,100.53,100.38,102.62,104.59,94.12,95.35,104.75,102.32,100.53,93.79,100.08,94.53,105.35,91.19,102.84,106.2,102.24,106.63,106.05,106.05,104.36,105.44,121.31,129.9,99.47,99.57,132.76,105.44,105.5,110.89,100.32,107.57,102.33,94.48,102.94,104.65,104.1,105.87,106.06,109.65,100.89,99.51,101.99,102.01,101.98,99.34,100.22,98.45,98.7,98.78,101.2,101.33,99.34,98.58,102.4,100.82,101.03,91.87,101.42,101.56,100.52,102.0,101.47,102.65,102.12,100.54,102.34,99.65,104.5,104.42,98.42,102.46,111.16,98.66,107.73,101.0,105.42,115.76,111.88,108.9,116.1,106.0,106.43,106.01,106.19,107.33,108.52,122.45,122.77,85.51,90.22,82.84,95.32,80.95,84.51,85.87,90.01,90.26,86.31,84.98,87.18,80.84,89.12,82.26,88.66,80.9,87.33,87.49,89.74,81.31,90.35,94.23,91.96,87.49,84.83,89.31,89.48,89.71,84.17,86.29,101.37,101.91,101.41,101.21,102.36,105.47,101.82,95.54,77.88,77.64,76.27,76.95,74.73,76.97,78.19,77.51,47.99,42.92,42.92,36.44,36.39,37.19,107.0
132.01,124.45,81.57,82.98,82.54,80.43,81.7,84.29,83.88,81.77,82.39,84.18,84.21,81.71,85.71,85.44,85.23,83.26,73.45,71.52,54.61,43.62,45.66,61.47,61.45,62.04,67.14,5.67,5.67,13.75,6.25,25.56,0.0,14.03,13.71,12.64,14.23,0.95,9.21,14.5,7.6,7.52,1.57,5.99,14.13,8.01,7.59,8.03,9.21,8.73,8.06,7.31,5.7,7.43,8.69,5.02,188.23,6.11,8.33,7.3,8.34,6.46,5.01,7.26,5.89,8.19,18.65,25.15,102.75,96.72,103.96,96.92,94.47,75.64,79.01,80.12,76.94,76.8,79.03,81.01,70.54,71.76,81.16,78.73,76.95,70.21,76.5,70.95,81.77,67.6,79.25,82.61,78.66,83.04,82.46,82.46,80.78,81.86,97.72,106.32,75.89,75.99,109.18,81.85,81.92,87.31,76.74,83.98,78.75,70.89,79.36,81.07,80.52,82.29,82.48,86.06,77.3,75.93,78.4,78.42,78.39,75.76,76.63,74.87,75.11,75.2,77.62,77.75,75.76,74.99,78.82,77.24,77.44,68.28,77.84,77.97,76.94,78.41,77.89,79.07,78.54,76.96,78.75,76.07,80.91,80.84,74.83,78.87,87.58,75.07,84.14,77.41,81.83,92.52,88.64,85.67,92.87,82.76,82.85,82.42,82.61,83.75,84.94,98.87,99.18,61.92,66.64,59.25,71.74,57.36,60.93,62.29,66.42,66.68,62.73,61.4,63.59,57.25,65.53,58.68,65.07,57.32,63.74,63.91,66.15,57.72,66.77,70.64,68.38,63.9,61.25,65.73,65.89,66.13,60.59,62.7,77.78,78.33,77.83,77.62,78.78,81.89,78.23,72.3,54.3,54.05,52.69,53.36,51.14,53.39,54.61,53.93,24.75,19.68,19.68,13.2,13.15,13.96,126.6
135.71,128.16,84.14,85.55,85.11,83.0,84.27,86.86,86.45,84.34,84.96,86.75,86.78,84.28,88.28,88.01,87.8,85.83,77.16,75.23,58.32,47.33,49.37,64.04,64.02,64.61,69.71,8.28,8.28,5.15,13.34,29.27,14.12,0.0,16.61,4.87,5.63,13.04,13.66,5.9,7.92,13.48,14.5,13.09,5.53,13.97,13.55,12.49,11.71,14.54,14.02,13.27,14.84,13.39,18.82,10.87,191.94,11.1,10.83,9.8,12.94,12.38,10.94,11.53,12.86,13.27,33.02,40.84,105.32,99.29,106.53,99.49,97.04,78.21,81.58,82.69,79.51,79.37,81.6,83.58,73.11,74.33,83.73,81.3,79.52,72.78,79.07,73.52,84.34,70.17,81.82,85.18,81.23,85.61,85.03,85.03,83.35,84.43,100.29,108.89,78.46,78.56,111.75,84.42,84.49,89.88,79.31,86.55,81.32,73.46,81.93,83.64,83.09,84.86,85.05,88.63,79.87,78.5,80.97,80.99,80.96,78.33,79.2,77.44,77.68,77.77,80.19,80.32,78.33,77.56,81.39,79.81,80.01,70.85,80.41,80.54,79.51,80.98,80.46,81.64,81.11,79.53,81.32,78.64,83.48,83.41,77.4,81.44,90.15,77.64,86.71,79.98,84.4,100.19,96.31,93.33,100.53,90.43,85.42,84.99,85.18,86.32,87.51,101.44,101.75,64.49,69.21,61.82,74.31,59.93,63.5,64.86,68.99,69.25,65.3,63.97,66.16,59.82,68.1,61.25,67.64,59.89,66.31,66.48,68.72,60.29,69.34,73.21,70.95,66.47,63.82,68.3,68.46,68.7,63.16,65.27,80.35,80.9,80.4,80.19,81.35,84.46,80.8,94.71,56.87,56.62,55.26,55.93,53.71,55.96,57.18,56.5,32.42,27.35,27.35,20.87,20.82,21.62,130.3
122.9,115.34,93.34,94.75,94.31,92.2,93.47,96.07,95.65,93.55,94.16,95.95,95.98,93.49,97.48,97.22,97.0,95.03,64.34,62.41,45.5,34.51,36.55,73.24,73.22,73.81,79.22,10.85,10.85,15.38,7.24,16.45,13.23,15.66,0.0,14.46,15.85,12.14,18.59,16.12,11.3,16.91,13.58,7.36,15.75,17.4,16.98,17.42,20.61,18.12,17.45,16.7,15.09,16.82,18.08,17.09,179.12,17.06,20.32,15.65,17.73,15.85,17.09,16.65,15.28,17.58,22.09,28.58,114.52,108.49,115.73,108.69,106.24,87.41,90.79,91.89,88.71,88.57,90.81,92.78,82.31,83.53,92.94,90.5,88.72,81.98,88.27,82.72,93.54,79.38,91.03,94.38,90.43,94.82,94.23,94.23,92.55,93.63,109.5,118.4,87.66,87.76,121.26,93.63,93.69,99.08,88.51,95.75,90.52,82.67,91.13,92.84,92.29,94.06,94.25,97.83,89.07,87.7,90.18,90.2,90.17,87.53,88.4,86.64,86.88,86.97,89.39,89.52,87.53,86.76,90.59,89.01,89.21,80.36,89.61,89.74,88.71,90.19,89.66,90.84,90.31,88.73,90.53,88.15,92.99,92.92,86.91,90.95,99.35,87.15,96.22,89.49,93.61,101.91,98.03,95.06,102.26,92.15,94.62,94.2,94.38,95.52,96.71,110.95,111.26,74.0,78.71,71.33,83.81,69.44,73.01,74.36,78.5,78.76,74.8,73.47,75.67,69.33,77.61,70.76,77.15,69.4,75.82,75.98,78.23,69.8,78.85,82.72,80.46,75.98,73.33,77.81,77.97,78.2,72.67,74.78,89.55,90.1,89.6,89.39,90.55,93.66,90.01,81.69,66.37,66.13,64.76,65.44,63.22,65.47,66.68,66.0,34.14,29.07,29.07,22.59,22.54,23.35,117.49
129.54,121.98,82.74,84.14,83.71,81.6,82.87,85.46,85.04,82.94,83.55,85.35,85.37,82.88,86.88,86.61,86.39,84.43,70.98,69.05,52.14,41.15,43.19,62.63,62.62,63.2,68.31,6.88,6.88,4.67,11.71,23.09,12.72,4.94,15.11,0.0,5.14,11.63,12.25,5.41,6.52,12.08,13.1,11.46,5.04,12.57,12.15,11.09,10.31,13.13,12.62,11.87,13.44,11.99,12.88,9.46,185.76,9.69,9.43,8.4,11.54,10.98,9.54,10.13,11.46,11.86,30.35,36.85,103.92,97.89,105.12,98.08,95.63,76.81,80.18,81.29,78.11,77.97,80.2,82.17,71.7,72.93,82.33,79.9,78.11,71.37,77.66,72.11,82.93,68.77,80.42,83.78,79.83,84.21,83.63,83.63,81.95,83.03,98.89,107.49,77.05,77.15,110.35,83.02,83.09,88.47,77.9,85.15,79.91,72.06,80.53,82.23,81.69,83.45,83.65,87.23,78.47,77.1,79.57,79.59,79.56,76.92,77.8,76.04,76.28,76.36,78.78,78.92,76.92,76.16,79.99,78.41,78.61,69.45,79.0,79.14,78.11,79.58,79.05,80.23,79.71,78.12,79.92,77.24,82.08,82.01,76.0,80.04,88.74,76.24,85.31,78.58,83.0,99.7,99.29,96.31,100.05,89.94,84.02,83.59,83.77,84.91,86.1,100.04,100.35,63.09,67.8,60.42,72.9,58.53,62.1,63.45,67.59,67.85,63.89,62.57,64.76,58.42,66.7,59.85,66.24,58.49,64.91,65.07,67.32,58.89,67.94,71.81,69.55,65.07,62.42,66.9,67.06,67.29,61.76,63.87,78.95,79.49,78.99,78.79,79.94,83.06,79.4,93.31,55.46,55.22,53.85,54.53,52.31,54.56,55.78,55.1,31.93,26.86,26.86,20.38,20.33,21.14,124.13
135.27,127.72,83.77,85.17,84.73,82.62,83.9,86.49,86.07,83.97,84.58,86.38,86.4,83.91,87.9,87.64,87.42,85.46,76.71,74.79,57.88,46.88,48.93,63.66,63.65,64.23,69.34,7.91,7.91,1.89,12.97,28.82,13.75,4.94,16.24,4.49,0.0,12.67,13.28,2.63,7.55,13.1,14.13,12.72,2.26,13.6,13.18,12.12,11.34,14.16,13.65,12.9,14.46,13.02,18.38,10.49,191.5,10.72,10.46,9.43,12.56,12.01,10.57,11.16,12.49,12.89,32.65,40.4,104.95,98.92,106.15,99.11,96.66,77.84,81.21,82.32,79.14,79.0,81.23,83.2,72.73,73.96,83.36,80.93,79.14,72.4,78.69,73.14,83.96,69.8,81.45,84.81,80.86,85.24,84.66,84.66,82.98,84.06,99.92,108.52,78.08,78.18,111.37,84.05,84.11,89.5,78.93,86.18,80.94,73.09,81.55,83.26,82.72,84.48,84.68,88.26,79.5,78.13,80.6,80.62,80.59,77.95,78.83,77.07,77.31,77.39,79.81,79.94,77.95,77.19,81.01,79.43,79.64,70.48,80.03,80.17,79.14,80.61,80.08,81.26,80.73,79.15,80.95,78.26,83.11,83.04,77.03,81.07,89.77,77.27,86.34,79.61,84.03,99.74,95.87,92.89,100.09,89.99,85.05,84.62,84.8,85.94,87.13,101.07,101.38,64.12,68.83,61.45,73.93,59.56,63.13,64.48,68.62,68.88,64.92,63.59,65.79,59.45,67.73,60.87,67.27,59.52,65.94,66.1,68.35,59.92,68.97,72.84,70.58,66.1,63.45,67.93,68.09,68.32,62.79,64.9,79.98,80.52,80.02,79.82,80.97,84.09,80.43,94.34,56.49,56.25,54.88,55.56,53.34,55.58,56.8,56.12,31.98,26.9,26.91,20.43,20.38,21.18,129.86
131.67,124.11,81.23,82.64,82.2,80.09,81.36,83.95,83.53,81.43,82.04,83.84,83.87,81.37,85.37,85.1,84.89,82.92,73.11,71.18,54.27,43.28,45.32,61.12,61.11,61.7,66.8,4.71,4.71,12.8,5.29,25.22,1.09,13.08,13.37,11.68,13.27,0.0,8.86,13.54,6.65,7.18,1.23,5.04,13.17,7.67,7.25,7.69,8.87,8.39,7.72,6.97,5.36,7.09,8.35,4.67,187.89,5.77,7.99,6.96,8.0,6.12,4.67,6.92,5.55,7.85,18.31,24.81,102.41,96.38,103.61,96.58,94.13,75.3,78.67,79.78,76.6,76.46,78.69,80.67,70.2,71.42,80.82,78.39,76.61,69.87,76.16,70.61,81.43,67.26,78.91,82.27,78.32,82.7,82.12,82.12,80.44,81.52,97.38,105.98,75.55,75.65,108.84,81.51,81.58,86.97,76.4,83.64,78.41,70.55,79.02,80.73,80.18,81.95,82.14,85.72,76.96,75.59,78.06,78.08,78.05,75.42,76.29,74.53,74.77,74.86,77.28,77.41,75.42,74.65,78.48,76.9,77.1,67.94,77.5,77.63,76.6,78.07,77.55,78.72,78.2,76.61,78.41,75.73,80.57,80.5,74.49,78.53,87.24,74.73,83.8,77.07,81.49,92.18,88.3,85.33,92.53,82.42,82.51,82.08,82.27,83.41,84.6,98.53,98.84,61.58,66.3,58.91,71.4,57.02,60.59,61.95,66.08,66.34,62.39,61.06,63.25,56.91,65.19,58.34,64.73,56.98,63.4,63.57,65.81,57.38,66.43,70.3,68.04,63.56,60.91,65.39,65.55,65.79,60.25,62.36,77.44,77.99,77.49,77.28,78.43,81.55,77.89,71.96,53.96,53.71,52.35,53.02,50.8,53.05,54.27,53.59,24.41,19.34,19.34,12.86,12.81,13.62,126.26
136.18,128.63,78.99,80.39,79.95,77.84,79.12,81.71,81.29,79.19,79.8,81.6,81.62,79.13,83.12,82.86,82.64,80.67,77.63,75.7,58.79,47.8,49.84,58.88,58.86,59.45,64.55,10.45,10.45,13.64,10.91,29.74,7.66,13.66,17.89,12.26,14.11,7.17,0.0,14.38,10.06,1.39,5.98,11.14,14.01,2.96,1.78,1.17,3.59,2.47,3.01,2.02,3.29,1.59,2.6,4.58,192.41,3.47,3.3,4.65,0.87,3.85,4.65,3.06,2.75,1.2,20.33,27.49,100.17,94.13,101.37,94.33,91.88,73.05,76.43,77.53,74.36,74.21,76.45,78.42,67.95,69.18,78.58,76.15,74.36,67.62,73.91,68.36,79.18,65.02,76.67,80.03,76.07,80.46,79.88,79.88,78.19,79.27,95.14,103.73,73.3,73.4,106.59,79.27,79.33,84.72,74.15,81.4,76.16,68.31,76.77,78.48,77.93,79.7,79.89,83.48,74.72,73.34,75.82,75.84,75.81,73.17,74.05,72.28,72.53,72.61,75.03,75.16,73.17,72.41,76.23,74.65,74.86,65.7,75.25,75.39,74.35,75.83,75.3,76.48,75.95,74.37,76.17,73.48,78.33,78.25,72.25,76.29,84.99,72.49,81.56,74.83,79.25,87.16,83.29,80.31,87.51,77.41,80.26,79.84,80.02,81.16,82.35,96.28,96.6,59.34,64.05,56.67,69.15,54.78,58.34,59.7,63.84,64.09,60.14,58.81,61.01,54.67,62.95,56.09,62.49,54.73,61.16,61.32,63.57,55.14,64.18,68.06,65.79,61.32,58.66,63.14,63.31,63.54,58.0,60.12,75.2,75.74,75.24,75.04,76.19,79.3,75.65,66.95,51.71,51.47,50.1,50.78,48.56,50.8,52.02,51.34,20.48,14.32,14.33,7.85,7.8,8.6,130.77
135.17,127.61,83.66,85.07,84.63,82.52,83.79,86.38,85.96,83.86,84.47,86.27,86.3,83.8,87.8,87.53,87.32,85.35,76.61,74.68,57.77,46.78,48.82,63.55,63.54,64.13,69.23,7.8,7.8,1.54,12.87,28.72,13.65,4.83,16.13,4.38,5.08,12.56,13.18,0.0,7.45,13.0,14.03,12.61,2.16,13.49,13.07,12.01,11.23,14.06,13.54,12.79,14.36,12.91,18.27,10.39,191.39,10.62,10.35,9.32,12.46,11.9,10.46,11.05,12.38,12.79,32.55,40.29,104.84,98.81,106.04,99.0,96.55,77.73,81.1,82.21,79.03,78.89,81.12,83.1,72.63,73.85,83.25,80.82,79.04,72.3,78.59,73.04,83.86,69.69,81.34,84.7,80.75,85.13,84.55,84.55,82.87,83.95,99.81,108.41,77.98,78.08,111.27,83.94,84.01,89.4,78.83,86.07,80.84,72.98,81.45,83.16,82.61,84.38,84.57,88.15,79.39,78.02,80.49,80.51,80.48,77.85,78.72,76.96,77.2,77.29,79.71,79.84,77.85,77.08,80.91,79.33,79.53,70.37,79.93,80.06,79.03,80.5,79.98,81.15,80.63,79.04,80.84,78.16,83.0,82.93,76.92,80.96,89.67,77.16,86.23,79.5,83.92,99.64,95.76,92.79,99.99,89.88,84.94,84.51,84.7,85.84,87.03,100.96,101.27,64.01,68.73,61.34,73.82,59.45,63.02,64.38,68.51,68.77,64.82,63.49,65.68,59.34,67.62,60.77,67.16,59.41,65.83,66.0,68.24,59.81,68.86,72.73,70.47,65.99,63.34,67.82,67.98,68.22,62.68,64.79,79.87,80.42,79.92,79.71,80.86,83.98,80.32,94.23,56.39,56.14,54.78,55.45,53.23,55.48,56.7,56.02,31.87,26.8,26.8,20.32,20.27,21.08,129.75
128.15,120.6,82.66,84.06,83.63,81.52,82.79,85.38,84.96,82.86,83.47,85.27,85.29,82.8,86.8,86.53,86.31,84.35,69.59,67.66,50.75,39.76,41.81,62.55,62.54,63.13,68.23,2.23,2.23,6.2,7.17,21.7,8.07,6.48,13.18,5.08,6.67,6.99,10.86,6.94,0.0,9.67,8.46,6.91,6.57,10.16,9.74,10.17,9.58,12.39,10.21,9.46,9.03,9.58,12.35,6.19,184.37,7.28,8.7,7.67,12.0,9.8,6.19,7.72,9.22,11.85,27.81,34.31,103.84,97.81,105.04,98.0,95.55,76.73,80.1,81.21,78.03,77.89,80.12,82.09,71.62,72.85,82.25,79.82,78.03,71.29,77.58,72.03,82.86,68.69,80.34,83.7,79.75,84.13,83.55,83.55,81.87,82.95,98.81,107.41,76.97,77.08,110.27,82.94,83.01,88.39,77.82,85.07,79.83,71.98,80.45,82.15,81.61,83.37,83.57,87.15,78.39,77.02,79.49,79.51,79.48,76.84,77.72,75.96,76.2,76.28,78.7,78.84,76.84,76.08,79.91,78.33,78.53,69.37,78.92,79.06,78.03,79.5,78.97,80.15,79.63,78.04,79.84,77.16,82.0,81.93,75.92,79.96,88.66,76.16,85.23,78.5,82.92,96.18,92.3,89.32,96.53,86.42,83.94,83.51,83.69,84.83,86.02,99.96,100.27,63.01,67.72,60.34,72.82,58.45,62.02,63.37,67.51,67.77,63.81,62.49,64.68,58.34,66.62,59.77,66.16,58.41,64.83,64.99,67.24,58.81,67.86,71.73,69.47,64.99,62.34,66.82,66.98,67.21,61.68,63.79,78.87,79.42,78.92,78.71,79.86,82.98,79.32,93.23,55.38,55.14,53.77,54.45,52.23,54.48,55.7,55.02,28.41,23.34,23.34,16.86,16.81,17.62,122.74
134.86,127.31,80.61,82.01,81.57,79.46,80.74,83.33,82.91,80.81,81.42,83.22,83.24,80.75,84.74,84.48,84.26,82.3,76.3,74.38,57.46,46.47,48.52,60.5,60.49,61.07,66.18,9.4,9.4,13.48,9.59,28.41,6.34,13.5,16.56,12.11,13.96,5.84,1.39,14.22,9.01,0.0,4.65,9.82,13.86,1.63,0.45,1.69,4.05,3.36,1.68,0.99,1.97,0.27,3.49,3.54,191.08,2.43,3.76,4.87,1.76,2.81,3.61,2.02,1.71,2.09,19.0,25.5,101.79,95.76,102.99,95.95,93.5,74.68,78.05,79.15,75.98,75.84,78.07,80.04,69.57,70.8,80.2,77.77,75.98,69.24,75.53,69.98,80.8,66.64,78.29,81.65,77.7,82.08,81.5,81.5,79.82,80.89,96.76,105.36,74.92,75.02,108.21,80.89,80.95,86.34,75.77,83.02,77.78,69.93,78.39,80.1,79.56,81.32,81.52,85.1,76.34,74.96,77.44,77.46,77.43,74.79,75.67,73.9,74.15,74.23,76.65,76.78,74.79,74.03,77.85,76.27,76.48,67.32,76.87,77.01,75.98,77.45,76.92,78.1,77.57,75.99,77.79,75.1,79.95,79.88,73.87,77.91,86.61,74.11,83.18,76.45,80.87,89.6,85.72,82.75,89.95,79.84,81.88,81.46,81.64,82.78,83.97,97.91,98.22,60.96,65.67,58.29,70.77,56.4,59.97,61.32,65.46,65.72,61.76,60.43,62.63,56.29,64.57,57.71,64.11,56.35,62.78,62.94,65.19,56.76,65.81,69.68,67.42,62.94,60.29,64.77,64.93,65.16,59.62,61.74,76.82,77.36,76.86,76.66,77.81,80.93,77.27,69.38,53.33,53.09,51.72,52.4,50.18,52.42,53.64,52.96,21.83,16.76,16.76,10.28,10.23,11.04,129.45
132.51,124.95,80.04,81.45,81.01,78.9,80.17,82.77,82.35,80.24,80.86,82.65,82.68,80.18,84.18,83.91,83.7,81.73,73.95,72.02,55.11,44.12,46.16,59.94,59.92,60.51,65.61,5.94,5.94,14.03,6.52,26.06,1.73,14.31,14.21,12.91,14.5,1.23,7.68,14.77,7.88,5.99,0.0,6.27,14.4,6.48,6.07,6.5,7.68,7.2,6.53,5.79,4.17,5.91,7.16,3.49,188.73,4.58,6.8,5.77,6.81,4.93,3.48,5.73,4.36,6.66,17.12,23.62,101.22,95.19,102.43,95.39,92.94,74.11,77.49,78.59,75.41,75.27,77.5,79.48,69.01,70.23,79.63,77.2,75.42,68.68,74.97,69.42,80.24,66.08,77.72,81.08,77.13,81.52,80.93,80.93,79.25,80.33,96.2,104.79,74.36,74.46,107.65,80.33,80.39,85.78,75.21,82.45,77.22,69.37,77.83,79.54,78.99,80.76,80.95,84.53,75.77,74.4,76.87,76.9,76.86,74.23,75.1,73.34,73.58,73.67,76.09,76.22,74.23,73.46,77.29,75.71,75.91,66.75,76.31,76.44,75.41,76.88,76.36,77.54,77.01,75.43,77.22,74.54,79.38,79.31,73.3,77.34,86.05,73.54,82.61,75.88,80.3,90.99,87.11,84.14,91.34,81.23,81.32,80.9,81.08,82.22,83.41,97.34,97.65,60.39,65.11,57.72,70.21,55.83,59.4,60.76,64.9,65.15,61.2,59.87,62.06,55.72,64.0,57.15,63.54,55.79,62.21,62.38,64.62,56.19,65.24,69.12,66.85,62.38,59.72,64.2,64.37,64.6,59.06,61.18,76.25,76.8,76.3,76.09,77.25,80.36,76.7,70.77,52.77,52.52,51.16,51.83,49.61,51.86,53.08,52.4,23.22,18.15,18.15,11.67,11.62,12.43,127.1
126.41,118.86,83.54,84.94,84.51,82.4,83.67,86.26,85.84,83.74,84.35,86.15,86.17,83.68,87.68,87.41,87.19,85.23,67.85,65.93,49.01,38.02,40.07,63.43,63.42,64.0,69.11,7.02,7.02,12.63,0.37,19.96,6.12,12.91,8.11,11.52,13.11,5.04,12.75,13.38,8.15,11.07,6.27,0.0,13.01,11.56,11.14,11.57,10.46,12.28,11.61,10.86,9.24,10.98,12.24,7.07,182.64,8.16,9.58,8.55,11.88,10.01,7.07,10.81,9.44,11.74,21.21,27.71,104.72,98.69,105.92,98.88,96.43,77.61,80.98,82.09,78.91,78.77,81.0,82.97,72.5,73.73,83.13,80.7,78.91,72.17,78.46,72.91,83.73,69.57,81.22,84.58,80.63,85.01,84.43,84.43,82.75,83.83,99.69,108.29,77.85,77.95,111.15,83.82,83.89,89.27,78.7,85.95,80.71,72.86,81.33,83.03,82.49,84.25,84.45,88.03,79.27,77.9,80.37,80.39,80.36,77.72,78.6,76.84,77.08,77.16,79.58,79.72,77.72,76.96,80.79,79.21,79.41,70.25,79.8,79.94,78.91,80.38,79.85,81.03,80.5,78.92,80.72,78.04,82.88,82.81,76.8,80.84,89.54,77.04,86.11,79.38,83.8,96.07,92.19,89.21,96.41,86.31,84.82,84.39,84.57,85.71,86.9,100.84,101.15,63.89,68.6,61.22,73.7,59.33,62.9,64.25,68.39,68.65,64.69,63.37,65.56,59.22,67.5,60.65,67.04,59.29,65.71,65.87,68.12,59.69,68.74,72.61,70.35,65.87,63.22,67.7,67.86,68.09,62.56,64.67,79.75,80.29,79.79,79.59,80.74,83.86,80.2,75.85,56.26,56.02,54.65,55.33,53.11,55.36,56.57,55.9,28.3,23.23,23.23,16.75,16.7,17.5,121.0
133.08,125.52,81.51,82.91,82.47,80.36,81.63,84.23,83.81,81.71,82.32,84.12,84.14,81.65,85.64,85.38,85.16,83.19,74.52,72.59,55.68,44.69,46.73,61.4,61.38,61.97,67.07,5.64,5.64,2.52,10.71,26.63,11.49,2.67,13.97,2.23,2.99,10.4,11.02,3.26,5.29,10.84,11.87,10.45,0.0,11.33,10.92,9.86,9.07,11.9,11.38,10.64,12.2,10.76,16.18,8.23,189.3,8.46,8.2,7.17,10.3,9.75,8.3,8.89,10.23,10.63,30.39,38.2,102.68,96.65,103.89,96.85,94.4,75.57,78.95,80.05,76.88,76.73,78.97,80.94,70.47,71.69,81.1,78.67,76.88,70.14,76.43,70.88,81.7,67.54,79.19,82.55,78.59,82.98,82.4,82.4,80.71,81.79,97.66,106.25,75.82,75.92,109.11,81.79,81.85,87.24,76.67,83.92,78.68,70.83,79.29,81.0,80.45,82.22,82.41,86.0,77.24,75.86,78.34,78.36,78.33,75.69,76.57,74.8,75.05,75.13,77.55,77.68,75.69,74.93,78.75,77.17,77.38,68.21,77.77,77.91,76.87,78.35,77.82,79.0,78.47,76.89,78.69,76.0,80.85,80.77,74.77,78.81,87.51,75.01,84.07,77.35,81.77,97.55,93.67,90.7,97.9,87.8,82.78,82.36,82.54,83.68,84.87,98.8,99.12,61.85,66.57,59.19,71.67,57.29,60.86,62.22,66.36,66.61,62.66,61.33,63.53,57.19,65.47,58.61,65.01,57.25,63.68,63.84,66.09,57.66,66.7,70.58,68.31,63.84,61.18,65.66,65.83,66.06,60.52,62.64,77.71,78.26,77.76,77.56,78.71,81.82,78.17,92.08,54.23,53.99,52.62,53.3,51.08,53.32,54.54,53.86,29.78,24.71,24.71,18.23,18.18,18.99,127.67
134.35,126.8,80.7,82.1,81.67,79.56,80.83,83.42,83.0,80.9,81.51,83.31,83.33,80.84,84.84,84.57,84.35,82.39,75.8,73.87,56.96,45.97,48.01,60.59,60.58,61.16,66.27,9.49,9.49,15.26,9.08,27.91,5.83,15.23,16.06,13.84,15.73,5.34,5.15,16.0,9.1,3.96,4.15,9.31,15.63,0.0,4.03,4.47,6.82,5.31,0.23,3.75,1.46,3.87,5.26,4.14,190.58,4.11,6.53,6.43,4.91,2.9,4.14,3.7,2.33,4.77,18.5,24.99,101.88,95.85,103.08,96.04,93.59,74.77,78.14,79.25,76.07,75.93,78.16,80.13,69.66,70.89,80.29,77.86,76.07,69.33,75.62,70.07,80.89,66.73,78.38,81.74,77.79,82.17,81.59,81.59,79.91,80.99,96.85,105.45,75.01,75.11,108.31,80.98,81.05,86.43,75.86,83.11,77.87,70.02,78.49,80.19,79.65,81.41,81.61,85.19,76.43,75.06,77.53,77.55,77.52,74.88,75.76,74.0,74.24,74.32,76.74,76.88,74.88,74.12,77.95,76.37,76.57,67.41,76.96,77.1,76.07,77.54,77.01,78.19,77.67,76.08,77.88,75.2,80.04,79.97,73.96,78.0,86.7,74.2,83.27,76.54,80.96,89.09,85.22,82.24,89.44,79.34,81.98,81.55,81.73,82.87,84.06,98.0,98.31,61.05,65.76,58.38,70.86,56.49,60.06,61.41,65.55,65.81,61.85,60.53,62.72,56.38,64.66,57.81,64.2,56.45,62.87,63.03,65.28,56.85,65.9,69.77,67.51,63.03,60.38,64.86,65.02,65.25,59.72,61.83,76.91,77.45,76.95,76.75,77.9,81.02,77.36,68.88,53.42,53.18,51.81,52.49,50.27,52.52,53.74,53.06,21.32,16.25,16.26,9.77,9.72,10.53,128.94
134.56,127.01,80.68,82.09,81.65,79.54,80.81,83.41,82.99,80.88,81.5,83.29,83.32,80.82,84.82,84.55,84.34,82.37,76.01,74.08,57.17,46.18,48.22,60.58,60.56,61.15,66.25,9.48,9.48,13.56,9.29,28.12,6.04,13.58,16.27,12.18,14.03,5.55,1.75,14.3,9.09,0.43,4.36,9.52,13.93,1.34,0.0,1.77,4.13,3.73,1.39,1.07,1.67,0.34,3.86,3.61,190.79,2.51,3.84,4.94,2.13,2.89,3.68,2.1,1.79,2.46,18.71,25.2,101.86,95.83,103.07,96.03,93.58,74.75,78.13,79.23,76.05,75.91,78.14,80.12,69.65,70.87,80.27,77.84,76.06,69.32,75.61,70.06,80.88,66.72,78.36,81.72,77.77,82.16,81.57,81.57,79.89,80.97,96.84,105.43,75.0,75.1,108.29,80.97,81.03,86.42,75.85,83.09,77.86,70.01,78.47,80.18,79.63,81.4,81.59,85.17,76.41,75.04,77.51,77.54,77.5,74.87,75.74,73.98,74.22,74.31,76.73,76.86,74.87,74.1,77.93,76.35,76.55,67.39,76.95,77.08,76.05,77.52,77.0,78.18,77.65,76.07,77.86,75.18,80.02,79.95,73.94,77.98,86.69,74.18,83.25,76.52,80.94,89.3,85.43,82.45,89.65,79.55,81.96,81.53,81.72,82.86,84.05,97.98,98.29,61.03,65.75,58.36,70.85,56.47,60.04,61.4,65.54,65.79,61.84,60.51,62.7,56.36,64.64,57.79,64.18,56.43,62.85,63.02,65.26,56.83,65.88,69.76,67.49,63.01,60.36,64.84,65.01,65.24,59.7,61.82,76.89,77.44,76.94,76.73,77.89,81.0,77.34,69.09,53.41,53.16,51.8,52.47,50.25,52.5,53.72,53.04,21.54,16.46,16.47,9.98,9.93,10.74,129.15
136.16,128.61,77.82,79.23,78.79,76.68,77.95,80.55,80.13,78.03,78.64,80.43,80.46,77.97,81.96,81.69,81.48,79.51,77.6,75.67,58.76,47.77,49.82,57.72,57.7,58.29,63.39,9.76,9.76,12.47,10.89,29.71,7.64,12.49,17.86,11.1,12.95,7.14,1.17,13.22,9.37,1.68,5.95,11.11,12.85,2.93,1.75,0.0,2.43,3.15,2.98,1.34,3.27,1.59,3.27,3.89,192.38,2.79,2.14,3.48,1.55,3.17,3.96,2.38,2.07,1.87,20.3,28.16,99.0,92.97,100.21,93.17,90.72,71.89,75.27,76.37,73.19,73.05,75.29,77.26,66.79,68.01,77.42,74.98,73.2,66.46,72.75,67.2,78.02,63.86,75.5,78.86,74.91,79.3,78.71,78.71,77.03,78.11,93.98,102.57,72.14,72.24,105.43,78.11,78.17,83.56,72.99,80.23,75.0,67.15,75.61,77.32,76.77,78.54,78.73,82.31,73.55,72.18,74.66,74.68,74.65,72.01,72.88,71.12,71.36,71.45,73.87,74.0,72.01,71.24,75.07,73.49,73.69,64.53,74.09,74.22,73.19,74.67,74.14,75.32,74.79,73.21,75.01,72.32,77.17,77.09,71.08,75.12,83.83,71.32,80.39,73.66,78.08,87.84,83.96,80.99,88.19,78.09,79.1,78.68,78.86,80.0,81.19,95.12,95.44,58.17,62.89,55.5,67.99,53.61,57.18,58.54,62.68,62.93,58.98,57.65,59.84,53.5,61.78,54.93,61.32,53.57,60.0,60.16,62.41,53.97,63.02,66.9,64.63,60.16,57.5,61.98,62.15,62.38,56.84,58.96,74.03,74.58,74.08,73.87,75.03,78.14,74.49,67.63,50.55,50.31,48.94,49.61,47.39,49.64,50.86,50.18,21.16,15.0,15.01,8.52,8.47,9.28,130.75
143.07,135.51,76.87,78.28,77.84,75.73,77.0,79.59,79.17,77.07,77.68,79.48,79.51,77.01,81.01,80.74,80.52,78.56,84.51,82.58,65.67,54.68,56.72,56.76,56.75,57.34,62.44,9.37,9.37,11.52,10.32,36.62,10.2,11.54,20.42,10.14,11.99,7.54,3.79,12.26,8.98,4.24,8.51,10.07,11.89,5.49,4.32,2.63,0.0,4.67,5.54,3.9,5.83,4.16,4.42,4.08,199.29,2.73,1.11,2.53,3.07,5.73,4.15,2.48,4.63,3.4,22.86,29.31,98.05,92.02,99.25,92.21,89.76,70.94,74.31,75.42,72.24,72.1,74.33,76.3,65.84,67.06,76.46,74.03,72.24,65.5,71.8,66.24,77.07,62.9,74.55,77.91,73.96,78.34,77.76,77.76,76.08,77.16,93.02,101.62,71.18,71.29,104.48,77.15,77.22,82.61,72.04,79.28,74.05,66.19,74.66,76.36,75.82,77.59,77.78,81.36,72.6,71.23,73.7,73.72,73.69,71.05,71.93,70.17,70.41,70.49,72.91,73.05,71.05,70.29,74.12,72.54,72.74,63.58,73.13,73.27,72.24,73.71,73.19,74.36,73.84,72.25,74.05,71.37,76.21,76.14,70.13,74.17,82.87,70.37,79.44,72.71,77.13,88.99,93.42,90.45,89.33,79.23,78.15,77.72,77.91,79.05,80.24,94.17,94.48,57.22,61.93,54.55,67.03,52.66,56.23,57.58,61.72,61.98,58.03,56.7,58.89,52.55,60.83,53.98,60.37,52.62,59.04,59.2,61.45,53.02,62.07,65.94,63.68,59.2,56.55,61.03,61.19,61.43,55.89,58.0,73.08,73.63,73.13,72.92,74.07,77.19,73.53,87.44,49.6,49.35,47.99,48.66,46.44,48.69,49.91,49.23,22.3,16.15,16.15,9.67,9.62,10.42,137.65
135.27,127.72,81.65,83.05,82.62,80.51,81.78,84.37,83.95,81.85,82.46,84.26,84.28,81.79,85.79,85.52,85.3,83.34,76.71,74.78,57.87,46.88,48.93,61.54,61.53,62.11,67.22,10.45,10.45,14.57,10.0,28.82,6.86,14.59,16.97,13.2,15.05,6.36,2.94,15.32,10.06,1.61,5.17,10.22,14.95,2.03,1.32,2.95,5.31,0.0,2.08,2.25,2.37,1.53,5.05,4.63,191.49,3.52,5.02,5.96,3.32,3.85,4.7,3.11,2.76,3.65,19.4,25.9,102.83,96.8,104.03,96.99,94.54,75.72,79.09,80.2,77.02,76.88,79.11,81.08,70.61,71.84,81.24,78.81,77.02,70.28,76.57,71.02,81.84,67.68,79.33,82.69,78.74,83.12,82.54,82.54,80.86,81.94,97.8,106.4,75.96,76.06,109.26,81.93,82.0,87.38,76.81,84.06,78.82,70.97,79.44,81.14,80.6,82.36,82.56,86.14,77.38,76.01,78.48,78.5,78.47,75.83,76.71,74.95,75.19,75.27,77.69,77.83,75.83,75.07,78.9,77.32,77.52,68.36,77.91,78.05,77.02,78.49,77.96,79.14,78.61,77.03,78.83,76.15,80.99,80.92,74.91,78.95,87.65,75.15,84.22,77.49,81.91,90.0,86.12,83.15,90.35,80.25,82.93,82.5,82.68,83.82,85.01,98.95,99.26,62.0,66.71,59.33,71.81,57.44,61.01,62.36,66.5,66.76,62.8,61.48,63.67,57.33,65.61,58.76,65.15,57.4,63.82,63.98,66.23,57.8,66.85,70.72,68.46,63.98,61.33,65.81,65.97,66.2,60.67,62.78,77.86,78.4,77.9,77.7,78.85,81.97,78.31,69.79,54.37,54.13,52.76,53.44,51.22,53.47,54.68,54.01,22.23,17.16,17.17,10.68,10.63,11.44,129.86
134.4,126.85,80.74,82.15,81.71,79.6,80.87,83.47,83.05,80.95,81.56,83.35,83.38,80.89,84.88,84.61,84.4,82.43,75.84,73.91,57.0,46.01,48.06,60.64,60.62,61.21,66.31,9.54,9.54,15.3,9.13,27.95,5.88,15.28,16.1,13.88,15.77,5.38,5.19,16.04,9.15,4.0,4.19,9.35,15.67,0.23,4.08,4.51,6.87,5.35,0.0,3.8,1.5,3.92,5.31,4.19,190.62,4.16,6.58,6.47,4.96,2.95,4.18,3.75,2.37,4.81,18.54,25.04,101.92,95.89,103.13,96.09,93.64,74.81,78.19,79.29,76.11,75.97,78.21,80.18,69.71,70.93,80.34,77.9,76.12,69.38,75.67,70.12,80.94,66.78,78.42,81.78,77.83,82.22,81.63,81.63,79.95,81.03,96.9,105.49,75.06,75.16,108.35,81.03,81.09,86.48,75.91,83.15,77.92,70.07,78.53,80.24,79.69,81.46,81.65,85.23,76.47,75.1,77.58,77.6,77.57,74.93,75.8,74.04,74.28,74.37,76.79,76.92,74.93,74.16,77.99,76.41,76.61,67.45,77.01,77.14,76.11,77.59,77.06,78.24,77.71,76.13,77.93,75.24,80.09,80.01,74.0,78.04,86.75,74.24,83.31,76.58,81.0,89.14,85.26,82.28,89.49,79.38,82.02,81.6,81.78,82.92,84.11,98.04,98.35,61.09,65.81,58.42,70.91,56.53,60.1,61.46,65.6,65.85,61.9,60.57,62.76,56.42,64.7,57.85,64.24,56.49,62.92,63.08,65.32,56.89,65.94,69.82,67.55,63.08,60.42,64.9,65.07,65.3,59.76,61.88,76.95,77.5,77.0,76.79,77.95,81.06,77.41,68.92,53.47,53.23,51.86,52.53,50.31,52.56,53.78,53.1,21.37,16.3,16.3,9.82,9.77,10.58,128.99
135.47,127.92,80.26,81.67,81.23,79.12,80.39,82.98,82.57,80.46,81.07,82.87,82.9,80.4,84.4,84.13,83.92,81.95,76.91,74.98,58.07,47.08,49.13,60.16,60.14,60.73,65.83,9.06,9.06,13.14,10.2,29.02,6.95,13.16,17.17,11.76,13.61,6.45,2.17,13.88,8.67,0.99,5.26,10.42,13.51,2.24,1.06,1.49,3.84,4.15,2.29,0.0,2.58,0.9,4.28,3.19,191.69,2.09,3.56,4.52,2.55,2.47,3.26,1.68,1.37,2.88,19.61,26.11,101.44,95.41,102.64,95.61,93.16,74.33,77.7,78.81,75.63,75.49,77.72,79.7,69.23,70.45,79.85,77.42,75.64,68.9,75.19,69.64,80.46,66.29,77.94,81.3,77.35,81.73,81.15,81.15,79.47,80.55,96.41,105.01,74.58,74.68,107.87,80.54,80.61,86.0,75.43,82.67,77.44,69.58,78.05,79.76,79.21,80.98,81.17,84.75,75.99,74.62,77.09,77.11,77.08,74.45,75.32,73.56,73.8,73.89,76.31,76.44,74.45,73.68,77.51,75.93,76.13,66.97,76.53,76.66,75.63,77.1,76.58,77.75,77.23,75.64,77.44,74.76,79.6,79.53,73.52,77.56,86.27,73.76,82.83,76.1,80.52,90.21,86.33,83.36,90.56,80.45,81.54,81.11,81.3,82.44,83.63,97.56,97.87,60.61,65.33,57.94,70.43,56.05,59.62,60.98,65.11,65.37,61.42,60.09,62.28,55.94,64.22,57.37,63.76,56.01,62.43,62.6,64.84,56.41,65.46,69.33,67.07,62.59,59.94,64.42,64.58,64.82,59.28,61.39,76.47,77.02,76.52,76.31,77.47,80.58,76.92,69.99,52.99,52.74,51.38,52.05,49.83,52.08,53.3,52.62,22.44,17.37,17.37,10.89,10.84,11.65,130.06
134.16,126.61,79.26,80.67,80.23,78.12,79.39,81.98,81.56,79.46,80.07,81.87,81.9,79.4,83.4,83.13,82.92,80.95,75.6,73.68,56.77,45.77,47.82,59.15,59.14,59.73,64.83,8.06,8.06,13.82,8.89,27.71,5.64,13.79,15.87,12.4,14.29,5.14,3.71,14.56,7.67,2.52,3.96,9.12,14.19,3.01,2.6,3.03,5.38,5.1,3.06,2.32,0.0,2.43,5.06,2.7,190.39,2.67,5.1,4.99,4.09,1.46,2.7,2.26,0.89,4.56,18.29,24.79,100.44,94.41,101.64,94.6,92.15,73.33,76.7,77.81,74.63,74.49,76.72,78.7,68.23,69.45,78.85,76.42,74.64,67.9,74.19,68.64,79.46,65.29,76.94,80.3,76.35,80.73,80.15,80.15,78.47,79.55,95.41,104.01,73.58,73.68,106.87,79.54,79.61,85.0,74.43,81.67,76.44,68.58,77.05,78.76,78.21,79.98,80.17,83.75,74.99,73.62,76.09,76.11,76.08,73.45,74.32,72.56,72.8,72.89,75.31,75.44,73.45,72.68,76.51,74.93,75.13,65.97,75.53,75.66,74.63,76.1,75.58,76.75,76.23,74.64,76.44,73.76,78.6,78.53,72.52,76.56,85.27,72.76,81.83,75.1,79.52,88.88,85.01,82.03,89.23,79.13,80.54,80.11,80.3,81.44,82.63,96.56,96.87,59.61,64.33,56.94,69.42,55.05,58.62,59.98,64.11,64.37,60.42,59.09,61.28,54.94,63.22,56.37,62.76,55.01,61.43,61.6,63.84,55.41,64.46,68.33,66.07,61.59,58.94,63.42,63.58,63.82,58.28,60.39,75.47,76.02,75.52,75.31,76.46,79.58,75.92,68.67,51.99,51.74,50.38,51.05,48.83,51.08,52.3,51.62,21.12,16.04,16.05,9.57,9.52,10.32,128.75
135.53,127.98,80.34,81.74,81.31,79.19,80.47,83.06,82.64,80.54,81.15,82.95,82.97,80.48,84.47,84.21,83.99,82.03,76.98,75.05,58.14,47.15,49.19,60.23,60.22,60.8,65.91,9.14,9.14,13.21,10.26,29.09,7.01,13.23,17.24,11.84,13.69,6.52,2.11,13.96,8.75,1.05,5.33,10.49,13.59,2.31,1.13,1.42,3.78,4.08,2.36,0.72,2.64,0.0,4.21,3.27,191.76,2.16,3.49,4.6,2.49,2.54,3.34,1.75,1.45,2.81,19.68,26.17,101.52,95.49,102.72,95.68,93.23,74.41,77.78,78.89,75.71,75.57,77.8,79.77,69.3,70.53,79.93,77.5,75.71,68.97,75.26,69.71,80.53,66.37,78.02,81.38,77.43,81.81,81.23,81.23,79.55,80.63,96.49,105.09,74.65,74.75,107.95,80.62,80.69,86.07,75.5,82.75,77.51,69.66,78.13,79.83,79.29,81.05,81.25,84.83,76.07,74.7,77.17,77.19,77.16,74.52,75.4,73.64,73.88,73.96,76.38,76.51,74.52,73.76,77.59,76.0,76.21,67.05,76.6,76.74,75.71,77.18,76.65,77.83,77.3,75.72,77.52,74.83,79.68,79.61,73.6,77.64,86.34,73.84,82.91,76.18,80.6,90.27,86.4,83.42,90.62,80.52,81.62,81.19,81.37,82.51,83.7,97.64,97.95,60.69,65.4,58.02,70.5,56.13,59.7,61.05,65.19,65.45,61.49,60.16,62.36,56.02,64.3,57.45,63.84,56.09,62.51,62.67,64.92,56.49,65.54,69.41,67.15,62.67,60.02,64.5,64.66,64.89,59.36,61.47,76.55,77.09,76.59,76.39,77.54,80.66,77.0,70.06,53.06,52.82,51.45,52.13,49.91,52.16,53.37,52.69,22.5,17.43,17.44,10.95,10.9,11.71,130.12
137.08,129.52,78.61,80.02,79.58,77.47,78.74,81.34,80.92,78.82,79.43,81.22,81.25,78.76,82.75,82.49,82.27,80.3,78.52,76.59,59.68,48.69,50.73,58.51,58.49,59.08,64.18,12.25,12.25,16.83,11.81,30.63,8.67,14.27,18.78,12.88,17.3,8.17,2.6,17.57,11.86,3.37,6.98,12.03,17.2,3.86,3.08,3.28,4.21,2.19,3.91,4.01,4.2,3.28,0.0,6.46,193.3,5.35,3.92,5.27,1.68,5.68,6.53,4.94,4.58,1.53,20.03,26.53,99.79,93.76,101.0,93.96,91.51,72.68,76.06,77.16,73.99,73.84,76.08,78.05,67.58,68.8,78.21,75.77,73.99,67.25,73.54,67.99,78.81,64.65,76.3,79.65,75.7,80.09,79.5,79.5,77.82,78.9,94.77,103.36,72.93,73.03,106.22,78.9,78.96,84.35,73.78,81.02,75.79,67.94,76.4,78.11,77.56,79.33,79.52,83.1,74.34,72.97,75.45,75.47,75.44,72.8,73.67,71.91,72.15,72.24,74.66,74.79,72.8,72.03,75.86,74.28,74.48,65.32,74.88,75.01,73.98,75.46,74.93,76.11,75.58,74.0,75.8,73.11,77.96,77.88,71.87,75.92,84.62,72.12,81.18,74.45,78.88,84.93,81.05,78.08,85.28,75.17,79.89,79.47,79.65,80.79,81.98,95.91,96.23,58.96,63.68,56.29,68.78,54.4,57.97,59.33,63.47,63.72,59.77,58.44,60.63,54.29,62.57,55.72,62.11,54.36,60.79,60.95,63.2,54.76,63.81,67.69,65.42,60.95,58.29,62.77,62.94,63.17,57.63,59.75,74.82,75.37,74.87,74.66,75.82,78.93,75.28,64.71,51.34,51.1,49.73,50.4,48.18,50.43,51.65,50.97,17.16,12.09,12.09,5.61,5.56,6.37,131.66
136.15,128.6,77.34,78.74,78.3,76.19,77.47,80.06,79.64,77.54,78.15,79.95,79.97,77.48,81.47,81.21,80.99,79.03,77.59,75.67,58.75,47.76,49.81,57.23,57.22,57.8,62.91,6.14,6.14,10.84,7.05,29.7,5.16,10.86,17.86,9.46,11.31,4.27,4.7,11.58,5.75,3.51,3.48,6.8,11.21,4.0,3.58,4.01,4.13,7.1,4.05,3.3,3.74,3.42,7.06,0.0,192.38,1.12,3.25,2.23,5.07,2.41,0.1,1.56,2.89,5.4,20.3,26.8,98.52,92.49,99.72,92.68,90.23,71.41,74.78,75.89,72.71,72.57,74.8,76.77,66.3,67.53,76.93,74.5,72.71,65.97,72.26,66.71,77.53,63.37,75.02,78.38,74.43,78.81,78.23,78.23,76.55,77.63,93.49,102.09,71.65,71.75,104.94,77.62,77.69,83.07,72.5,79.75,74.51,66.66,75.12,76.83,76.29,78.05,78.25,81.83,73.07,71.7,74.17,74.19,74.16,71.52,72.4,70.64,70.88,70.96,73.38,73.51,71.52,70.76,74.58,73.0,73.21,64.05,73.6,73.74,72.71,74.18,73.65,74.83,74.3,72.72,74.52,71.83,76.68,76.61,70.6,74.64,83.34,70.84,79.91,73.18,77.6,90.89,93.89,90.91,91.24,81.14,78.62,78.19,78.37,79.51,80.7,94.64,94.95,57.69,62.4,55.02,67.5,53.13,56.7,58.05,62.19,62.45,58.49,57.16,59.36,53.02,61.3,54.44,60.84,53.09,59.51,59.67,61.92,53.49,62.54,66.41,64.15,59.67,57.02,61.5,61.66,61.89,56.36,58.47,73.55,74.09,73.59,73.39,74.54,77.66,74.0,87.91,50.06,49.82,48.45,49.13,46.91,49.15,50.37,49.69,23.12,18.05,18.05,11.57,11.52,12.33,130.74
52.55,106.88,154.83,155.69,155.8,155.75,154.96,157.56,156.37,155.04,155.1,156.68,156.71,154.06,152.38,157.94,157.73,156.66,116.86,117.53,131.41,141.29,143.33,177.94,177.93,180.13,172.45,183.0,183.0,184.6,179.39,164.35,185.38,187.65,172.16,182.92,185.07,184.3,190.75,185.34,183.45,189.06,185.73,179.51,184.97,189.55,189.14,189.57,192.76,190.27,189.6,188.86,187.24,188.98,190.23,189.24,0.0,189.22,192.47,192.14,189.88,188.0,189.24,188.81,187.43,189.73,194.24,200.74,148.49,148.42,149.7,146.16,146.69,161.83,158.4,159.5,159.68,160.31,162.97,155.55,169.04,170.6,155.71,158.11,159.68,168.71,161.01,169.78,155.95,169.03,157.68,156.7,158.63,157.66,157.07,157.07,160.16,156.66,168.49,174.52,162.34,162.44,174.33,165.15,165.21,158.95,161.44,157.24,158.13,169.73,160.08,158.37,155.65,156.75,170.85,177.61,168.85,165.96,166.33,168.73,167.82,167.3,166.83,165.95,166.66,166.74,166.76,168.05,167.3,165.72,167.72,167.54,167.51,169.25,168.05,169.52,167.24,167.42,169.43,164.55,168.72,167.05,170.3,193.26,181.54,181.47,192.02,184.62,179.12,192.26,181.62,187.32,156.63,232.17,230.13,222.65,235.64,217.21,155.35,156.85,155.32,157.01,156.96,198.23,198.55,174.89,172.41,175.76,185.73,179.12,176.02,173.93,179.14,175.84,173.69,177.12,173.26,179.01,174.69,180.0,170.39,178.31,179.68,173.57,171.93,178.74,172.08,184.63,169.16,174.36,180.02,171.03,175.05,169.28,176.1,176.29,167.2,167.75,167.25,167.04,168.2,165.19,167.66,201.31,186.1,184.22,183.71,185.17,184.02,185.19,184.59,184.09,206.29,201.22,201.22,194.74,194.69,195.5,104.45
136.12,128.57,76.79,78.2,77.76,75.65,76.92,79.52,79.1,76.99,77.61,79.4,79.43,76.93,80.93,80.66,80.45,78.48,77.56,75.63,58.72,47.73,49.78,56.69,56.67,57.26,62.36,7.23,7.23,11.07,8.14,29.67,7.6,11.09,17.82,9.69,11.54,7.1,3.59,11.81,6.84,2.4,5.91,7.89,11.44,2.89,2.47,2.91,3.05,5.57,2.94,2.19,3.23,2.31,5.7,1.12,192.34,0.0,2.01,2.45,3.97,1.3,1.2,0.45,1.79,4.3,20.26,26.76,97.97,91.94,99.18,92.14,89.69,70.86,74.24,75.34,72.16,72.02,74.25,76.23,65.76,66.98,76.38,73.95,72.17,65.43,71.72,66.17,76.99,62.83,74.47,77.83,73.88,78.27,77.68,77.68,76.0,77.08,92.95,101.54,71.11,71.21,104.4,77.08,77.14,82.53,71.96,79.2,73.97,66.12,74.58,76.29,75.74,77.51,77.7,81.28,72.52,71.15,73.62,73.65,73.61,70.98,71.85,70.09,70.33,70.42,72.84,72.97,70.98,70.21,74.04,72.46,72.66,63.5,73.06,73.19,72.16,73.63,73.11,74.29,73.76,72.18,73.98,71.29,76.13,76.06,70.05,74.09,82.8,70.29,79.36,72.63,77.05,90.86,86.98,84.01,91.21,81.1,78.07,77.65,77.83,78.97,80.16,94.09,94.4,57.14,61.86,54.47,66.96,52.58,56.15,57.51,61.65,61.9,57.95,56.62,58.81,52.47,60.75,53.9,60.29,52.54,58.96,59.13,61.37,52.94,61.99,65.87,63.6,59.13,56.47,60.95,61.12,61.35,55.81,57.93,73.0,73.55,73.05,72.84,74.0,77.11,73.45,87.36,49.52,49.27,47.91,48.58,46.36,48.61,49.83,49.15,23.09,18.02,18.02,11.54,11.49,12.3,130.71
142.32,134.77,76.13,77.53,77.09,74.98,76.26,78.85,78.43,76.33,76.94,78.74,78.76,76.27,80.26,80.0,79.78,77.82,83.76,81.84,64.93,53.93,55.98,56.02,56.01,56.59,61.69,8.63,8.63,10.78,9.58,35.87,7.88,10.8,19.93,9.4,11.25,6.8,3.3,11.52,8.24,3.75,7.7,9.33,11.15,5.0,3.82,2.14,1.35,4.18,5.05,3.41,5.34,3.66,3.93,3.34,198.55,1.99,0.0,1.79,2.58,5.24,3.41,1.73,4.14,2.91,22.37,28.82,97.31,91.28,98.51,91.47,89.02,70.2,73.57,74.67,71.5,71.35,73.59,75.56,65.09,66.32,75.72,73.29,71.5,64.76,71.05,65.5,76.32,62.16,73.81,77.17,73.22,77.6,77.02,77.02,75.34,76.41,92.28,100.88,70.44,70.54,103.73,76.41,76.47,81.86,71.29,78.54,73.3,65.45,73.91,75.62,75.07,76.84,77.03,80.62,71.86,70.48,72.96,72.98,72.95,70.31,71.19,69.42,69.67,69.75,72.17,72.3,70.31,69.55,73.37,71.79,72.0,62.84,72.39,72.53,71.5,72.97,72.44,73.62,73.09,71.51,73.31,70.62,75.47,75.4,69.39,73.43,82.13,69.63,78.7,71.97,76.39,88.5,92.68,89.7,88.84,78.74,77.4,76.98,77.16,78.3,79.49,93.42,93.74,56.48,61.19,53.81,66.29,51.92,55.49,56.84,60.98,61.24,57.28,55.95,58.15,51.81,60.09,53.23,59.63,51.87,58.3,58.46,60.71,52.28,61.32,65.2,62.93,58.46,55.8,60.28,60.45,60.68,55.14,57.26,72.34,72.88,72.38,72.18,73.33,76.45,72.79,86.7,48.85,48.61,47.24,47.92,45.7,47.94,49.16,48.48,21.81,15.66,15.66,9.18,9.13,9.93,136.91
144.4,136.85,78.2,79.61,79.17,77.06,78.33,80.93,80.51,78.41,79.02,80.81,80.84,78.35,82.34,82.07,81.86,79.89,85.84,83.91,67.0,56.01,58.06,58.1,58.08,58.67,63.77,10.36,10.36,12.5,11.31,37.95,9.61,12.52,19.05,11.13,12.98,8.52,7.72,13.25,9.97,7.68,9.43,11.05,12.88,8.17,7.75,6.56,5.77,8.6,8.22,7.47,8.5,7.59,8.35,5.07,200.62,5.29,4.89,0.0,7.0,6.58,5.14,5.73,7.06,7.33,25.33,31.83,99.38,93.35,100.59,93.55,91.1,72.27,75.65,76.75,73.57,73.43,75.67,77.64,67.17,68.39,77.8,75.36,73.58,66.84,73.13,67.58,78.4,64.24,75.88,79.24,75.29,79.68,79.09,79.09,77.41,78.49,94.36,102.95,72.52,72.62,105.81,78.49,78.55,83.94,73.37,80.61,75.38,67.53,75.99,77.7,77.15,78.92,79.11,82.69,73.93,72.56,75.04,75.06,75.03,72.39,73.26,71.5,71.74,71.83,74.25,74.38,72.39,71.62,75.45,73.87,74.07,64.91,74.47,74.6,73.57,75.05,74.52,75.7,75.17,73.59,75.39,72.7,77.55,77.47,71.46,75.5,84.21,71.7,80.77,74.04,78.46,91.14,94.75,91.78,96.27,86.17,79.48,79.06,79.24,80.38,81.57,95.5,95.81,58.55,63.27,55.88,68.37,53.99,57.56,58.92,63.06,63.31,59.36,58.03,60.22,53.88,62.16,55.31,61.7,53.95,60.38,60.54,62.78,54.35,63.4,67.28,65.01,60.54,57.88,62.36,62.53,62.76,57.22,59.34,74.41,74.96,74.46,74.25,75.41,78.52,74.87,88.77,50.93,50.69,49.32,49.99,47.77,50.02,51.24,50.56,26.23,23.08,23.09,16.6,16.55,17.36,138.99
136.43,128.88,78.27,79.68,79.24,77.13,78.4,81.0,80.58,78.48,79.09,80.88,80.91,78.42,82.41,82.15,81.93,79.96,77.87,75.95,59.03,48.04,50.09,58.17,58.15,58.74,63.84,10.82,10.82,12.92,11.16,29.98,8.02,12.94,18.13,11.55,13.4,7.52,0.87,13.67,10.43,1.76,6.34,11.39,13.3,3.2,2.16,1.55,2.88,1.6,3.25,2.4,3.53,1.97,2.12,4.95,192.65,3.85,2.59,3.94,0.0,4.23,5.03,3.44,3.13,0.33,20.57,27.01,99.45,93.42,100.66,93.62,91.17,72.34,75.72,76.82,73.65,73.5,75.74,77.71,67.24,68.46,77.87,75.44,73.65,66.91,73.2,67.65,78.47,64.31,75.96,79.32,75.36,79.75,79.16,79.16,77.48,78.56,94.43,103.02,72.59,72.69,105.88,78.56,78.62,84.01,73.44,80.69,75.45,67.6,76.06,77.77,77.22,78.99,79.18,82.77,74.0,72.63,75.11,75.13,75.1,72.46,73.33,71.57,71.82,71.9,74.32,74.45,72.46,71.7,75.52,73.94,74.15,64.98,74.54,74.67,73.64,75.12,74.59,75.77,75.24,73.66,75.46,72.77,77.62,77.54,71.54,75.58,84.28,71.78,80.84,74.12,78.54,86.68,82.81,79.83,87.03,76.93,79.55,79.13,79.31,80.45,81.64,95.57,95.89,58.62,63.34,55.95,68.44,54.06,57.63,58.99,63.13,63.38,59.43,58.1,60.29,53.96,62.23,55.38,61.77,54.02,60.45,60.61,62.86,54.43,63.47,67.35,65.08,60.61,57.95,62.43,62.6,62.83,57.29,59.41,74.48,75.03,74.53,74.33,75.48,78.59,74.94,66.47,51.0,50.76,49.39,50.07,47.85,50.09,51.31,50.63,20.0,13.84,13.85,7.37,7.32,8.12,131.02
136.52,128.97,77.79,79.2,78.76,76.65,77.92,80.52,80.1,78.0,78.61,80.4,80.43,77.94,81.93,81.67,81.45,79.48,77.97,76.04,59.13,48.14,50.18,57.69,57.67,58.26,63.36,6.59,6.59,12.35,7.51,30.08,5.62,12.33,18.23,10.93,12.83,4.73,5.9,13.1,6.2,4.71,3.93,7.26,12.73,5.2,4.78,5.22,5.43,7.48,5.25,4.5,4.12,4.62,7.43,1.24,192.75,2.33,4.56,3.53,6.28,0.0,1.23,2.76,4.1,6.94,20.67,27.17,98.97,92.94,100.18,93.14,90.69,71.86,75.24,76.34,73.17,73.02,75.26,77.23,66.76,67.98,77.39,74.95,73.17,66.43,72.72,67.17,77.99,63.83,75.48,78.83,74.88,79.27,78.68,78.68,77.0,78.08,93.95,102.54,72.11,72.21,105.4,78.08,78.14,83.53,72.96,80.21,74.97,67.12,75.58,77.29,76.74,78.51,78.7,82.29,73.52,72.15,74.63,74.65,74.62,71.98,72.85,71.09,71.34,71.42,73.84,73.97,71.98,71.21,75.04,73.46,73.66,64.5,74.06,74.19,73.16,74.64,74.11,75.29,74.76,73.18,74.98,72.29,77.14,77.06,71.06,75.1,83.8,71.3,80.36,73.64,78.06,91.26,94.35,91.37,91.61,81.51,79.07,78.65,78.83,79.97,81.16,95.09,95.41,58.14,62.86,55.47,67.96,53.58,57.15,58.51,62.65,62.9,58.95,57.62,59.81,53.47,61.75,54.9,61.29,53.54,59.97,60.13,62.38,53.94,62.99,66.87,64.6,60.13,57.47,61.95,62.12,62.35,56.81,58.93,74.0,74.55,74.05,73.85,75.0,78.11,74.46,88.37,50.52,50.28,48.91,49.58,47.37,49.61,50.83,50.15,23.5,18.42,18.43,11.94,11.89,12.7,131.11
136.15,128.59,77.33,78.74,78.3,76.19,77.46,80.06,79.64,77.53,78.15,79.94,79.97,77.47,81.47,81.2,80.99,79.02,77.59,75.66,58.75,47.76,49.8,57.23,57.21,57.8,62.9,6.14,6.14,10.91,7.05,29.7,5.16,10.93,17.85,9.54,11.38,4.27,4.77,11.65,5.75,3.58,3.47,6.8,11.28,4.07,3.65,4.08,4.21,7.1,4.12,3.37,3.74,3.49,7.06,0.1,192.37,1.2,3.33,2.3,5.15,2.48,0.0,1.63,2.96,5.47,20.3,26.79,98.51,92.48,99.72,92.68,90.23,71.4,74.78,75.88,72.7,72.56,74.79,76.77,66.3,67.52,76.92,74.49,72.71,65.97,72.26,66.71,77.53,63.37,75.01,78.37,74.42,78.81,78.22,78.22,76.54,77.62,93.49,102.08,71.65,71.75,104.94,77.62,77.68,83.07,72.5,79.74,74.51,66.66,75.12,76.83,76.28,78.05,78.24,81.82,73.06,71.69,74.16,74.19,74.15,71.52,72.39,70.63,70.87,70.96,73.38,73.51,71.52,70.75,74.58,73.0,73.2,64.04,73.6,73.73,72.7,74.17,73.65,74.83,74.3,72.72,74.52,71.83,76.67,76.6,70.59,74.63,83.34,70.83,79.9,73.17,77.59,90.88,93.88,90.91,91.23,81.13,78.61,78.19,78.37,79.51,80.7,94.63,94.94,57.68,62.4,55.01,67.5,53.12,56.69,58.05,62.19,62.44,58.49,57.16,59.35,53.01,61.29,54.44,60.83,53.08,59.5,59.67,61.91,53.48,62.53,66.41,64.14,59.67,57.01,61.49,61.66,61.89,56.35,58.47,73.54,74.09,73.59,73.38,74.54,77.65,73.99,87.9,50.06,49.81,48.45,49.12,46.9,49.15,50.37,49.69,23.12,18.04,18.05,11.57,11.52,12.32,130.74
135.71,128.16,77.23,78.63,78.19,76.08,77.36,79.95,79.53,77.43,78.04,79.84,79.86,77.37,81.36,81.1,80.88,78.92,77.15,75.22,58.31,47.32,49.37,57.12,57.1,57.69,62.79,7.66,7.66,11.5,10.44,29.26,7.19,11.52,17.41,10.13,11.97,6.69,3.18,12.24,7.27,1.99,5.5,10.66,11.88,2.48,2.06,2.5,2.73,5.16,2.53,1.78,2.82,1.9,5.29,1.56,191.93,0.45,1.76,2.89,3.56,1.04,1.63,0.0,1.37,3.89,19.85,26.35,98.41,92.37,99.61,92.57,90.12,71.29,74.67,75.77,72.6,72.45,74.69,76.66,66.19,67.42,76.82,74.39,72.6,65.86,72.15,66.6,77.42,63.26,74.91,78.27,74.31,78.7,78.12,78.12,76.43,77.51,93.38,101.97,71.54,71.64,104.83,77.51,77.57,82.96,72.39,79.64,74.4,66.55,75.01,76.72,76.17,77.94,78.13,81.72,72.96,71.58,74.06,74.08,74.05,71.41,72.29,70.52,70.77,70.85,73.27,73.4,71.41,70.65,74.47,72.89,73.1,63.94,73.49,73.63,72.59,74.07,73.54,74.72,74.19,72.61,74.41,71.72,76.57,76.49,70.49,74.53,83.23,70.73,79.8,73.07,77.49,90.45,86.57,83.6,90.8,80.69,78.5,78.08,78.26,79.4,80.59,94.52,94.84,57.58,62.29,54.91,67.39,53.02,56.58,57.94,62.08,62.33,58.38,57.05,59.25,52.91,61.19,54.33,60.73,52.97,59.4,59.56,61.81,53.38,62.42,66.3,64.03,59.56,56.9,61.38,61.55,61.78,56.24,58.36,73.44,73.98,73.48,73.28,74.43,77.54,73.89,87.8,49.95,49.71,48.34,49.02,46.8,49.04,50.26,49.58,22.68,17.61,17.61,11.13,11.08,11.89,130.3
135.35,127.8,78.89,80.3,79.86,77.75,79.02,81.62,81.2,79.09,79.71,81.5,81.53,79.04,83.03,82.76,82.55,80.58,76.79,74.87,57.95,46.96,49.01,58.79,58.77,59.36,64.46,7.69,7.69,13.45,10.08,28.9,6.83,13.43,17.05,12.03,13.93,6.33,2.82,14.2,7.3,1.63,5.14,10.31,13.83,2.12,1.71,2.14,4.5,4.8,2.17,1.43,2.46,1.55,4.93,2.34,191.57,1.79,4.21,4.22,3.2,1.1,2.33,1.37,0.0,3.53,19.49,25.99,100.07,94.04,101.28,94.24,91.79,72.96,76.34,77.44,74.26,74.12,76.36,78.33,67.86,69.08,78.49,76.05,74.27,67.53,73.82,68.27,79.09,64.93,76.57,79.93,75.98,80.37,79.78,79.78,78.1,79.18,95.05,103.64,73.21,73.31,106.5,79.18,79.24,84.63,74.06,81.3,76.07,68.22,76.68,78.39,77.84,79.61,79.8,83.38,74.62,73.25,75.73,75.75,75.71,73.08,73.95,72.19,72.43,72.52,74.94,75.07,73.08,72.31,76.14,74.56,74.76,65.6,75.16,75.29,74.26,75.73,75.21,76.39,75.86,74.28,76.08,73.39,78.23,78.16,72.15,76.19,84.9,72.39,81.46,74.73,79.15,90.09,86.21,83.24,90.44,80.33,80.17,79.75,79.93,81.07,82.26,96.19,96.5,59.24,63.96,56.57,69.06,54.68,58.25,59.61,63.75,64.0,60.05,58.72,60.91,54.57,62.85,56.0,62.39,54.64,61.06,61.23,63.47,55.04,64.09,67.97,65.7,61.23,58.57,63.05,63.22,63.45,57.91,60.03,75.1,75.65,75.15,74.94,76.1,79.21,75.56,89.46,51.62,51.38,50.01,50.68,48.46,50.71,51.93,51.25,22.32,17.25,17.25,10.77,10.72,11.53,129.94
136.29,128.73,78.6,80.01,79.57,77.46,78.73,81.33,80.91,78.81,79.42,81.21,81.24,78.75,82.74,82.48,82.26,80.29,77.73,75.8,58.89,47.9,49.94,58.5,58.48,59.07,64.17,11.46,11.46,13.25,11.02,29.84,7.88,13.27,17.99,11.88,13.73,7.38,1.2,14.0,11.07,2.09,6.19,11.24,13.63,3.05,2.34,1.87,3.21,1.46,3.1,2.73,3.39,2.55,2.45,5.65,192.51,4.54,2.92,4.27,0.33,4.87,5.72,4.13,3.77,0.0,20.42,27.34,99.78,93.75,100.99,93.95,91.5,72.67,76.05,77.15,73.98,73.83,76.07,78.04,67.57,68.79,78.2,75.76,73.98,67.24,73.53,67.98,78.8,64.64,76.29,79.64,75.69,80.08,79.49,79.49,77.81,78.89,94.76,103.35,72.92,73.02,106.21,78.89,78.95,84.34,73.77,81.02,75.78,67.93,76.39,78.1,77.55,79.32,79.51,83.1,74.33,72.96,75.44,75.46,75.43,72.79,73.66,71.9,72.15,72.23,74.65,74.78,72.79,72.02,75.85,74.27,74.47,65.31,74.87,75.0,73.97,75.45,74.92,76.1,75.57,73.99,75.79,73.1,77.95,77.87,71.87,75.91,84.61,72.11,81.17,74.44,78.87,87.01,83.14,80.16,87.36,77.26,79.88,79.46,79.64,80.78,81.97,95.9,96.22,58.95,63.67,56.28,68.77,54.39,57.96,59.32,63.46,63.71,59.76,58.43,60.62,54.28,62.56,55.71,62.1,54.35,60.78,60.94,63.19,54.75,63.8,67.68,65.41,60.94,58.28,62.76,62.93,63.16,57.62,59.74,74.81,75.36,74.86,74.66,75.81,78.92,75.27,66.8,51.33,51.09,49.72,50.39,48.18,50.42,51.64,50.96,20.33,14.17,14.18,7.69,7.64,8.45,130.88
145.35,137.8,100.95,102.35,101.92,99.81,101.08,103.67,103.25,101.15,101.76,103.56,103.58,101.09,105.09,104.82,104.6,102.64,86.8,84.87,67.96,56.97,59.01,80.84,80.83,81.42,86.52,31.45,31.45,39.16,25.04,38.9,22.74,36.73,27.06,34.34,39.64,22.24,27.43,39.9,28.75,23.61,21.05,25.16,39.54,24.1,23.69,24.12,29.04,27.0,24.15,23.41,21.79,23.53,26.18,23.79,201.58,23.77,28.75,26.08,26.48,22.55,23.79,23.35,21.98,26.34,0.0,9.14,122.13,116.1,123.33,116.29,113.84,95.02,98.39,99.5,96.32,96.18,98.41,100.38,89.91,91.14,100.54,98.11,96.32,89.58,95.87,90.32,101.15,86.98,98.63,101.99,98.04,102.42,101.84,101.84,100.16,101.24,117.1,125.7,95.26,95.37,128.56,101.23,101.3,106.68,96.11,103.36,98.12,90.27,98.74,100.44,99.9,101.66,101.86,105.44,96.68,95.31,97.78,97.8,97.77,95.13,96.01,94.25,94.49,94.57,96.99,97.13,95.13,94.37,98.2,96.62,96.82,87.66,97.21,97.35,96.32,97.79,97.27,98.44,97.92,96.33,98.13,95.45,100.29,100.22,94.21,98.25,106.95,94.45,103.52,96.79,101.21,108.13,104.25,101.28,108.48,98.38,102.23,101.8,101.98,103.12,104.31,118.25,118.56,81.3,86.01,78.63,91.11,76.74,80.31,81.66,85.8,86.06,82.1,80.78,82.97,76.63,84.91,78.06,84.45,76.7,83.12,83.28,85.53,77.1,86.15,90.02,87.76,83.28,80.63,85.11,85.27,85.5,79.97,82.08,97.16,97.71,97.21,97.0,98.15,101.27,97.61,87.92,73.68,73.43,72.06,72.74,70.52,72.77,73.99,73.31,20.74,22.49,22.49,28.81,28.76,29.57,139.94
149.06,141.51,102.33,103.74,103.3,101.19,102.46,105.06,104.64,102.54,103.15,104.94,104.97,102.48,106.47,106.21,105.99,104.02,90.5,88.58,71.67,60.67,62.72,82.23,82.21,82.8,87.9,35.16,35.16,40.55,28.75,42.61,26.45,43.59,30.77,38.05,41.02,25.95,28.81,41.29,32.46,27.32,24.76,28.87,40.92,29.93,29.27,29.49,30.42,28.38,29.98,27.12,25.5,27.23,27.56,27.5,205.29,27.47,30.13,35.17,27.87,26.26,27.5,27.06,25.69,27.73,12.99,0.0,123.51,117.48,124.72,117.68,115.23,96.4,99.78,100.88,97.7,97.56,99.8,101.77,91.3,92.52,101.93,99.49,97.71,90.97,97.26,91.71,102.53,88.37,100.01,103.37,99.42,103.81,103.22,103.22,101.54,102.62,118.49,127.08,96.65,96.75,129.94,102.62,102.68,108.07,97.5,104.74,99.51,91.66,100.12,101.83,101.28,103.05,103.24,106.82,98.06,96.69,99.17,99.19,99.16,96.52,97.39,95.63,95.87,95.96,98.38,98.51,96.52,95.75,99.58,98.0,98.2,89.04,98.6,98.73,97.7,99.18,98.65,99.83,99.3,97.72,99.52,96.83,101.68,101.6,95.59,99.64,108.34,95.84,104.9,98.17,102.59,109.51,105.64,102.66,109.86,99.76,103.61,103.19,103.37,104.51,105.7,119.63,119.95,82.68,87.4,80.01,92.5,78.12,81.69,83.05,87.19,87.44,83.49,82.16,84.35,78.01,86.29,79.44,85.83,78.08,84.51,84.67,86.92,78.48,87.53,91.41,89.14,84.67,82.01,86.49,86.66,86.89,81.35,83.47,98.54,99.09,98.59,98.38,99.54,102.65,99.0,89.3,75.06,74.82,73.45,74.12,71.9,74.15,75.37,74.69,22.12,23.88,23.87,30.2,30.15,30.95,143.65
101.08,44.31,17.65,18.51,18.62,18.56,17.78,20.37,19.19,17.85,17.91,19.5,19.52,16.88,15.2,20.76,20.54,19.48,98.6,99.27,113.16,123.04,125.08,40.76,40.74,42.94,35.27,97.54,97.54,98.01,98.49,118.06,96.79,99.8,106.23,98.41,98.49,95.71,95.0,98.76,97.15,94.96,96.61,98.24,98.39,95.45,95.03,93.84,93.05,93.06,95.5,94.75,96.57,94.87,91.64,92.35,146.35,92.57,92.17,91.14,92.55,93.86,92.42,93.01,94.34,92.4,113.12,116.3,0.0,8.8,8.12,6.55,7.08,24.64,21.21,22.32,22.5,23.13,25.78,18.37,31.86,33.42,18.53,20.93,22.5,31.53,23.83,32.6,18.77,31.85,20.5,19.51,21.45,20.47,19.89,19.89,22.98,19.47,30.82,34.91,25.16,25.26,34.72,27.97,28.03,21.29,24.25,20.06,20.95,32.55,22.89,21.19,18.47,19.56,33.66,40.42,31.66,28.78,29.15,31.55,30.63,30.12,29.65,28.77,29.47,29.56,29.58,30.87,30.12,28.54,30.53,30.36,30.33,32.06,30.87,32.33,30.06,30.23,32.25,27.37,31.53,29.87,33.12,56.07,43.88,43.8,54.84,46.95,41.94,55.08,43.96,49.66,19.45,94.5,92.47,84.99,97.98,79.54,18.17,19.67,18.14,19.83,19.77,60.57,60.88,37.71,35.23,38.57,48.54,41.94,38.83,36.75,41.96,38.66,36.5,39.94,36.07,41.83,37.51,42.81,33.2,41.13,42.5,36.39,34.74,41.55,34.9,47.45,31.97,37.18,42.84,33.85,37.87,32.1,38.92,39.1,30.02,30.57,30.07,29.86,31.01,28.0,30.47,63.64,48.92,47.04,46.53,47.98,46.84,48.01,47.41,46.91,99.02,93.15,93.15,90.9,90.85,87.61,43.52
106.26,49.49,13.38,17.72,13.23,17.78,14.1,11.59,14.05,13.66,17.13,14.36,13.55,16.1,14.33,14.68,15.2,16.6,103.78,104.45,118.34,128.21,130.25,39.97,39.96,42.16,34.49,96.76,96.76,97.23,97.7,117.27,96.01,99.02,105.44,97.62,97.7,94.92,94.21,97.97,96.37,94.17,95.83,97.45,97.6,94.66,94.25,93.05,92.27,92.28,94.71,93.97,95.78,94.09,90.85,91.56,151.52,91.79,91.39,90.36,91.76,93.07,91.63,92.22,93.56,91.62,112.34,115.52,13.99,0.0,15.19,4.17,2.25,23.86,15.97,15.4,21.71,22.34,19.72,17.58,31.07,32.63,17.74,20.15,21.72,30.74,23.05,31.82,12.7,31.06,19.72,13.55,16.2,19.69,19.1,19.1,16.06,13.24,24.33,27.69,24.37,24.48,27.5,20.98,19.78,14.8,23.47,11.27,20.16,31.76,15.97,14.85,17.68,13.33,26.42,31.28,30.88,27.99,22.0,25.23,23.48,29.33,28.86,27.99,28.69,28.77,22.43,30.08,29.33,27.75,29.75,29.57,24.46,31.28,30.08,31.55,29.28,29.45,31.46,21.13,24.39,29.09,32.33,46.16,38.12,38.05,46.04,41.2,35.43,47.46,38.21,43.91,13.21,88.75,86.71,79.23,92.22,73.79,17.38,18.88,17.35,11.64,12.1,54.81,55.13,36.92,34.44,37.79,47.76,41.15,38.05,35.96,41.18,37.87,35.72,39.15,35.29,41.05,36.72,42.03,32.42,40.34,41.72,35.6,33.96,40.77,34.12,46.67,31.19,36.39,42.05,33.06,37.09,31.31,38.13,38.32,22.87,23.42,22.92,22.71,23.87,21.39,23.32,57.89,48.13,46.25,45.74,47.2,46.05,47.22,46.62,46.12,98.23,92.36,92.37,90.12,90.07,86.83,48.69
101.69,44.92,22.69,23.54,23.66,23.6,22.82,25.41,24.23,22.89,22.95,24.54,24.56,21.92,20.24,25.8,25.58,24.52,99.22,99.89,113.77,123.65,125.69,45.8,45.78,47.98,40.31,102.58,102.58,103.05,103.53,123.1,101.83,104.84,111.27,103.45,103.53,100.75,100.04,103.8,102.19,100.0,101.65,103.28,103.43,100.49,100.07,98.88,98.09,98.1,100.54,99.79,101.61,99.91,96.67,97.39,146.96,97.61,97.21,96.18,97.59,98.9,97.46,98.05,99.38,97.44,118.16,121.34,5.04,13.84,0.0,11.59,12.12,29.68,26.25,27.36,27.54,28.17,30.82,23.41,36.9,38.46,23.56,25.97,27.54,36.57,28.87,37.64,23.81,36.89,25.54,24.55,26.49,25.51,24.93,24.93,28.02,24.51,35.86,39.95,30.2,30.3,39.76,33.01,33.07,26.33,29.29,25.1,25.98,37.59,27.93,26.23,23.51,24.6,38.7,45.46,36.7,33.82,34.19,36.59,35.67,35.16,34.68,33.81,34.51,34.6,34.61,35.91,35.16,33.58,35.57,35.4,35.37,37.1,35.91,37.37,35.1,35.27,37.29,32.4,36.57,34.91,38.15,61.11,48.92,48.84,59.88,51.99,46.98,60.12,49.0,54.7,24.49,99.54,97.51,90.03,103.02,84.58,23.2,24.7,23.17,24.87,24.81,65.61,65.92,42.75,40.27,43.61,53.58,46.98,43.87,41.79,47.0,43.7,41.54,44.98,41.11,46.87,42.55,47.85,38.24,46.17,47.54,41.43,39.78,46.59,39.94,52.49,37.01,42.22,47.88,38.89,42.91,37.14,43.95,44.14,35.06,35.61,35.11,34.9,36.05,33.04,35.51,68.68,53.96,52.07,51.57,53.02,51.88,53.05,52.45,51.95,104.06,98.19,98.19,95.94,95.89,92.65,44.13
103.98,47.21,14.48,17.91,14.32,17.97,15.2,12.69,18.6,14.75,17.32,18.91,14.65,16.29,14.52,14.87,15.39,18.89,101.5,102.17,116.06,125.93,127.97,40.17,40.15,42.35,34.68,96.95,96.95,97.42,97.9,117.46,96.2,99.21,105.64,97.82,97.9,95.12,94.41,98.17,96.56,94.36,96.02,97.64,97.8,94.86,94.44,93.24,92.46,92.47,94.91,94.16,95.98,94.28,91.04,91.75,149.24,91.98,91.58,90.55,91.96,93.27,91.83,92.42,93.75,91.81,112.53,115.71,8.85,4.17,10.06,0.0,2.45,24.05,20.62,17.98,21.91,22.54,22.69,17.78,31.27,32.82,17.93,20.34,21.91,30.94,23.24,32.01,15.11,31.26,19.91,15.86,20.86,19.88,19.3,19.3,18.64,15.81,29.62,30.27,24.57,24.67,30.08,23.84,23.53,18.54,23.66,12.37,20.35,31.96,18.55,17.43,17.88,15.91,33.07,39.83,31.07,28.19,28.55,30.95,30.04,29.53,29.05,28.18,28.88,28.97,28.98,30.28,29.53,27.95,29.94,29.77,29.74,31.47,30.28,31.74,29.47,29.64,31.66,26.77,30.94,29.28,32.52,49.9,41.87,41.79,54.25,44.94,39.17,54.49,41.95,47.65,15.79,92.49,90.46,82.98,95.97,77.53,17.57,19.07,17.54,12.74,13.2,58.56,58.87,37.12,34.63,37.98,47.95,41.35,38.24,36.16,41.37,38.06,35.91,39.35,35.48,41.24,36.92,42.22,32.61,40.54,41.91,35.8,34.15,40.96,34.31,46.86,31.38,36.59,42.25,33.26,37.28,31.51,38.32,38.51,29.43,29.97,29.47,29.27,30.42,23.88,29.88,61.63,48.33,46.44,45.94,47.39,46.25,47.42,46.82,46.32,98.43,92.55,92.56,90.31,90.26,87.02,46.41
104.54,47.77,12.03,15.47,11.88,15.52,12.75,10.24,16.15,12.3,14.87,16.46,12.2,13.84,12.07,12.43,12.95,16.44,102.06,102.73,116.61,126.49,128.53,37.72,37.7,39.9,32.23,94.5,94.5,94.97,95.45,115.02,93.75,96.76,103.19,95.37,95.45,92.67,91.96,95.72,94.11,91.92,93.57,95.2,95.35,92.41,91.99,90.8,90.01,90.02,92.46,91.71,93.53,91.83,88.6,89.31,149.8,89.53,89.13,88.1,89.51,90.82,89.38,89.97,91.3,89.36,110.08,113.26,12.27,2.25,13.47,2.45,0.0,21.6,18.17,15.53,19.46,20.09,20.24,15.33,28.82,30.38,15.49,17.89,19.46,28.49,20.79,29.56,12.66,28.81,17.46,13.41,18.41,17.43,16.85,16.85,16.19,13.37,26.16,30.81,22.12,22.22,30.62,21.39,21.61,16.63,21.21,9.92,17.91,29.51,16.11,14.98,15.43,13.46,30.62,37.38,28.62,25.74,26.11,28.51,27.59,27.08,26.6,25.73,26.43,26.52,26.54,27.83,27.08,25.5,27.49,27.32,27.29,29.02,27.83,29.29,27.02,27.19,29.21,24.33,28.49,26.83,30.08,53.03,39.95,39.88,51.8,43.03,38.9,52.04,40.03,45.73,13.34,90.58,88.54,81.06,94.05,75.62,15.13,16.63,15.1,10.29,10.75,56.64,56.96,34.67,32.19,35.53,45.5,38.9,35.79,33.71,38.92,35.62,33.46,36.9,33.03,38.79,34.47,39.77,30.16,38.09,39.46,33.35,31.7,38.51,31.86,44.41,28.93,34.14,39.8,30.81,34.83,29.06,35.88,36.06,26.98,27.53,27.03,26.82,27.97,21.43,27.43,59.72,45.88,44.0,43.49,44.94,43.8,44.97,44.37,43.87,95.98,90.11,90.11,87.86,87.81,84.57,46.97
118.19,61.43,7.01,8.42,7.98,5.87,7.14,9.73,9.31,7.21,7.82,9.62,9.65,7.15,11.15,10.88,10.66,8.7,115.72,116.39,130.27,116.77,80.62,21.41,21.4,23.6,15.92,78.19,78.19,78.67,79.14,98.71,77.45,80.46,86.88,79.06,79.14,76.36,75.65,79.41,77.8,75.61,77.27,78.89,79.04,76.1,75.68,74.49,73.71,73.72,76.15,75.4,77.22,75.52,72.29,73.0,163.46,73.23,72.83,71.8,73.2,74.51,73.07,73.66,75.0,73.06,93.78,96.96,28.19,22.16,29.39,22.35,19.9,0.0,4.45,5.56,2.38,3.68,5.66,6.44,12.51,14.07,6.6,4.17,2.38,12.18,5.42,13.26,7.21,12.5,4.69,8.05,4.1,8.48,7.9,7.9,6.22,7.3,21.66,45.97,4.97,5.08,45.78,7.85,7.91,15.42,4.14,9.42,4.19,13.2,4.79,6.5,5.96,7.73,12.39,17.26,11.06,8.59,7.45,10.68,8.93,10.77,10.3,9.42,10.13,8.78,7.88,10.68,10.77,9.19,10.35,10.17,10.14,12.72,10.68,11.5,9.88,10.05,11.65,7.25,9.83,9.69,12.35,36.73,26.09,26.02,35.49,30.58,18.77,35.73,24.15,38.07,7.27,83.66,81.63,74.15,87.14,68.7,8.29,7.86,8.05,9.19,10.38,43.81,44.13,18.36,15.88,19.23,29.2,22.59,19.49,17.4,22.62,19.31,17.16,20.59,16.73,22.48,18.16,23.47,13.86,21.78,23.16,17.04,15.4,22.21,15.55,28.11,12.63,17.83,23.49,14.5,18.52,12.75,19.57,19.76,8.32,8.87,8.37,8.16,9.31,7.88,8.77,52.8,29.57,27.69,27.18,28.64,27.49,28.66,28.06,27.56,79.67,73.8,73.8,71.56,71.51,68.26,60.63
116.32,59.55,5.14,6.54,6.1,3.78,5.27,7.45,7.44,5.34,5.95,7.75,7.77,5.28,9.27,9.01,8.79,6.83,113.84,114.51,128.4,118.41,81.21,23.05,23.04,25.24,17.57,79.84,79.84,80.31,80.79,100.35,79.09,82.1,88.53,80.7,80.78,78.0,77.3,81.05,79.45,77.25,78.91,80.53,80.68,77.74,77.33,76.13,75.35,75.36,77.79,77.05,78.86,77.17,73.93,74.64,161.59,74.87,74.47,73.44,74.84,76.16,74.71,75.3,76.64,74.7,95.42,98.6,26.32,15.87,27.52,20.48,18.03,5.13,0.0,2.33,2.66,5.21,4.88,4.36,14.16,15.71,4.52,1.44,2.67,13.83,6.04,14.9,3.35,14.14,2.71,4.19,0.71,6.51,5.92,5.92,2.99,3.44,20.87,40.54,4.56,4.67,40.35,7.06,7.12,11.22,3.66,5.91,0.93,14.85,1.34,3.27,3.88,3.86,11.6,16.47,10.65,8.18,6.66,9.89,8.14,10.29,9.51,8.94,9.65,8.37,7.09,10.27,10.29,8.53,9.94,9.76,9.73,12.42,10.27,11.09,9.47,9.64,11.24,6.78,9.05,9.28,11.94,38.37,25.31,25.23,37.13,29.79,17.98,37.37,23.37,39.71,3.41,77.34,75.31,67.82,80.81,62.38,6.41,5.89,6.17,5.67,6.86,43.03,43.34,20.0,17.52,20.87,30.84,24.24,21.13,19.05,24.26,20.95,18.8,22.24,18.37,24.13,19.8,25.11,15.5,23.43,24.8,18.69,17.04,23.85,17.2,29.75,12.47,19.47,25.13,16.15,20.17,12.59,21.21,21.4,7.53,8.08,7.58,7.37,8.53,7.1,7.98,46.48,31.21,29.33,28.82,30.28,29.14,30.31,29.7,29.21,81.32,75.44,75.45,73.2,73.15,69.91,58.76
116.27,59.5,4.66,6.59,5.62,3.94,4.45,6.96,7.41,4.86,6.0,7.72,7.74,5.25,9.25,8.98,8.76,6.77,113.79,114.46,128.35,119.1,81.9,23.75,23.73,25.93,18.26,80.53,80.53,81.0,81.48,101.04,79.78,82.79,89.22,81.4,81.48,78.7,77.99,81.75,80.14,77.94,79.6,81.22,81.38,78.44,78.02,76.82,76.04,76.05,78.49,77.74,79.56,77.86,74.62,75.33,161.53,75.56,75.16,74.13,75.54,76.85,75.41,76.0,77.33,75.39,96.11,99.29,26.26,15.38,27.47,17.78,15.33,5.49,1.24,0.0,3.03,6.11,4.25,4.51,14.85,16.4,4.67,2.13,3.03,14.52,6.74,15.59,2.86,14.84,3.41,3.71,2.69,7.29,6.71,6.71,1.43,2.53,20.0,38.95,4.45,4.55,38.76,6.19,6.26,9.63,3.89,5.42,2.73,15.54,0.9,1.72,4.03,3.07,10.98,15.84,9.25,8.06,6.03,9.26,7.52,10.17,9.4,8.83,9.53,8.25,6.46,8.96,10.17,8.41,8.63,8.45,8.5,12.3,8.96,9.78,8.15,8.33,9.84,5.71,8.42,7.96,10.63,39.06,24.68,24.6,37.83,29.16,17.35,38.07,22.74,31.87,2.5,76.71,74.68,67.2,80.19,61.75,6.39,6.67,6.22,5.19,6.38,42.4,42.71,20.7,15.06,21.56,31.53,24.93,21.82,19.74,24.95,21.64,19.49,22.93,16.49,24.82,20.5,25.8,16.19,24.12,25.49,16.8,14.58,24.54,17.89,30.44,12.35,20.17,25.83,16.84,20.86,12.47,21.9,22.09,6.9,7.45,6.95,6.74,7.9,6.23,7.36,45.85,31.91,30.02,29.52,30.97,29.83,31.0,30.4,29.9,82.01,76.13,76.14,73.89,73.84,70.6,58.7
117.87,61.1,6.69,8.09,7.66,5.54,6.82,9.41,8.99,6.89,7.5,9.3,9.32,6.83,10.82,10.56,10.34,8.38,115.4,116.07,129.95,116.32,80.17,20.96,20.95,23.15,15.47,77.74,77.74,78.22,78.69,98.26,77.0,80.01,86.43,78.61,78.69,75.91,75.2,78.96,77.35,75.16,76.82,78.44,78.59,75.65,75.23,74.04,73.26,73.27,75.7,74.95,76.77,75.07,71.84,72.55,163.14,72.78,72.38,71.35,72.75,74.06,72.62,73.21,74.54,72.61,93.33,96.5,27.87,21.84,29.07,22.03,19.58,3.26,2.72,3.0,0.0,3.23,3.59,6.12,12.06,13.62,6.28,3.78,0.0,11.73,4.97,12.8,5.69,12.05,4.37,6.54,2.02,8.16,7.58,7.58,4.21,5.78,19.58,34.1,3.27,3.38,40.35,5.77,5.83,11.22,2.37,9.1,2.69,12.75,2.72,4.49,5.64,6.21,10.31,15.18,9.36,6.89,5.37,8.6,6.85,9.0,8.22,7.65,8.36,7.08,5.8,8.98,9.0,7.24,8.65,8.47,8.44,11.13,8.98,9.8,8.18,8.35,9.95,5.48,7.76,7.99,10.65,36.28,24.02,23.94,35.04,28.5,16.69,35.28,22.08,37.62,5.76,76.05,74.02,66.53,79.52,61.09,7.97,7.54,7.72,8.86,10.05,41.74,42.05,17.91,15.43,18.78,28.75,22.14,19.04,16.95,22.16,18.86,16.71,20.14,16.28,22.03,17.71,23.02,13.41,21.33,22.7,16.59,14.95,21.76,15.1,27.65,11.18,17.38,23.04,14.05,18.07,11.3,19.12,19.31,6.24,6.79,6.29,6.08,7.24,5.8,6.69,45.19,29.12,27.24,26.73,28.19,27.04,28.21,27.61,27.11,79.22,73.35,73.35,71.11,71.06,67.81,60.31
118.34,61.58,7.16,8.57,8.13,6.02,7.29,9.88,9.46,7.36,7.97,9.77,9.8,7.3,11.3,11.03,10.81,8.85,115.87,116.54,130.42,115.85,117.9,20.49,20.48,22.68,15.01,77.28,77.28,77.75,78.22,97.79,76.53,79.54,85.96,78.14,78.22,75.44,74.73,78.49,76.89,74.69,76.35,77.97,78.12,75.18,74.77,73.57,72.79,72.8,75.23,74.49,76.3,74.61,71.37,72.08,163.61,72.31,71.91,70.88,72.28,73.59,72.15,72.74,74.08,72.14,92.86,96.04,28.34,22.31,29.54,22.5,20.05,4.37,4.85,5.71,2.42,0.0,5.71,6.59,11.59,13.15,6.75,4.32,2.43,11.26,4.7,12.34,6.72,11.58,4.34,7.57,4.14,8.13,7.55,7.55,6.37,6.82,24.34,46.12,4.89,4.99,45.93,7.89,7.96,15.57,4.18,9.57,4.33,12.28,4.84,6.65,6.11,7.24,13.39,18.26,11.4,8.51,8.88,11.28,10.36,9.85,9.38,8.51,9.21,8.7,9.31,10.6,9.85,8.27,10.27,10.09,10.06,11.8,10.6,11.42,9.79,9.97,11.98,7.29,11.27,9.6,12.85,35.81,27.1,27.02,34.57,31.58,19.77,34.81,25.16,37.15,6.79,82.74,80.71,73.23,86.22,67.78,8.44,7.51,8.2,9.34,10.53,44.82,45.13,17.44,14.96,18.31,28.28,21.67,18.57,16.48,21.7,18.39,16.24,19.67,15.81,21.57,17.24,22.55,12.94,20.86,22.24,16.12,14.48,21.29,14.64,27.19,11.71,16.91,22.57,13.58,17.61,11.83,18.65,18.84,9.75,10.3,9.8,9.59,10.75,7.93,10.2,51.88,28.65,26.77,26.26,27.72,26.57,27.74,27.14,26.64,78.75,72.88,72.89,70.64,70.59,67.35,60.78
121.22,64.45,10.03,11.44,11.0,8.89,10.16,11.06,12.34,10.24,10.85,12.64,12.67,10.18,14.17,13.91,13.69,11.72,118.74,119.41,133.3,117.82,119.87,22.46,22.45,24.65,14.45,79.25,79.25,79.72,80.2,99.76,78.5,81.51,87.94,80.11,80.19,77.41,76.71,80.46,78.86,76.66,78.32,79.94,80.09,77.15,76.74,75.54,74.76,74.77,77.2,76.46,78.27,76.58,73.34,74.05,166.48,74.28,73.88,72.85,74.25,75.57,74.12,74.71,76.05,74.11,94.83,98.01,31.21,19.75,32.42,25.38,22.93,4.1,4.89,4.33,3.02,6.13,0.0,9.47,11.04,12.6,9.63,5.96,3.02,10.71,8.15,11.78,6.96,11.44,7.72,7.81,4.19,11.51,10.92,10.92,4.44,6.63,18.96,38.26,2.92,3.02,38.94,4.36,4.42,9.81,2.43,9.53,4.86,11.73,3.81,5.82,8.98,7.17,7.23,12.09,5.51,4.62,2.28,5.52,3.77,5.43,7.32,6.75,6.49,5.61,2.71,5.21,5.43,6.33,4.88,4.7,4.75,10.23,5.21,6.03,4.4,4.58,6.09,1.99,4.67,4.21,6.88,30.38,20.93,20.86,34.02,25.41,13.6,31.67,18.99,28.12,6.6,72.96,70.93,63.45,76.44,58.0,11.31,10.89,11.07,9.29,10.48,38.65,38.96,15.78,12.98,16.83,27.72,21.12,18.01,14.57,21.14,17.84,14.33,17.76,14.41,21.01,16.69,21.99,12.38,20.31,21.68,14.72,12.5,20.73,14.08,26.63,10.27,15.0,20.66,13.03,17.05,10.4,18.09,16.92,3.15,3.7,3.2,3.0,4.15,4.39,3.61,42.1,28.1,26.21,25.71,27.16,26.02,27.19,26.59,26.09,80.73,74.85,74.86,72.61,72.56,69.32,63.66
116.71,59.94,5.52,5.59,6.49,4.38,5.65,8.25,7.83,5.73,5.82,8.13,8.16,5.67,9.66,9.4,9.18,7.21,114.23,114.9,128.79,117.75,80.63,22.39,22.38,24.58,16.91,79.18,79.18,79.65,80.12,99.69,78.43,81.44,87.86,80.04,80.12,77.34,76.63,80.39,78.79,76.59,78.25,79.87,80.02,77.08,76.67,75.47,74.69,74.7,77.13,76.39,78.2,76.51,73.27,73.98,161.97,74.21,73.81,72.78,74.18,75.49,74.05,74.64,75.98,74.04,94.76,97.94,26.7,20.67,27.91,20.87,18.42,6.28,2.85,3.95,4.13,4.76,7.42,0.0,13.49,15.05,0.16,2.56,4.14,13.16,5.46,14.24,4.97,13.48,2.13,5.81,3.08,5.93,5.34,5.34,4.61,5.06,26.25,44.49,6.79,6.9,44.3,9.6,9.67,12.84,5.89,7.94,2.58,14.18,4.53,4.9,4.47,5.49,15.3,22.06,13.3,10.41,10.78,13.18,12.27,11.75,11.28,10.41,11.11,11.19,11.21,12.5,11.75,10.17,12.17,11.99,11.96,13.7,12.5,13.97,11.7,11.87,13.88,9.0,13.17,11.51,14.75,37.71,30.9,30.82,36.47,35.38,23.57,36.71,28.96,39.05,5.03,84.64,82.61,75.13,88.12,69.68,6.8,5.31,5.59,7.7,8.89,48.62,48.93,19.34,16.86,20.21,30.18,23.57,20.47,18.38,23.6,20.29,18.14,21.57,17.71,23.47,19.14,24.45,14.84,22.76,24.14,18.02,16.38,23.19,16.54,29.09,13.61,18.81,24.47,15.48,19.51,13.73,20.55,20.74,11.65,12.2,11.7,11.5,12.65,9.64,12.11,53.78,30.55,28.67,28.16,29.62,28.47,29.64,29.04,28.54,80.65,74.78,74.79,72.54,72.49,69.25,59.15
127.29,70.52,16.11,17.52,17.08,14.97,16.24,18.83,18.41,16.31,16.92,18.72,18.74,16.25,20.25,19.98,19.76,17.8,124.82,125.49,120.76,109.77,111.81,14.41,14.4,16.6,6.29,71.19,71.19,71.67,72.14,91.71,70.45,73.46,79.88,72.06,72.14,69.36,68.65,72.41,70.8,68.61,70.27,71.89,72.04,69.1,68.68,67.49,66.71,66.72,69.15,68.4,70.22,68.52,65.29,66.0,172.56,66.23,65.83,64.8,66.2,67.51,66.07,66.66,67.99,66.06,86.78,89.95,37.29,31.26,38.49,31.45,29.0,10.18,13.55,14.66,11.48,11.34,11.87,15.54,0.0,2.36,15.7,13.27,11.48,0.53,14.53,1.55,16.31,5.52,13.79,17.15,13.2,17.58,17.0,17.0,15.32,16.4,25.23,43.07,9.07,9.17,45.93,15.2,15.27,20.66,11.27,18.52,13.28,1.5,13.9,15.6,15.06,16.82,13.31,16.89,8.13,6.76,10.98,11.9,11.9,6.59,7.46,5.7,5.94,6.03,11.12,11.21,6.59,5.82,9.65,10.7,10.96,5.72,8.67,8.8,9.68,9.25,8.72,11.68,12.05,10.42,9.59,27.1,25.73,25.66,25.86,29.9,18.41,26.1,23.79,28.44,16.37,74.03,72.0,64.52,77.51,59.07,17.39,16.96,17.14,18.29,19.47,43.45,43.77,8.73,6.25,9.6,19.57,12.96,9.86,7.77,12.99,9.68,7.53,10.96,7.1,12.85,8.53,13.84,4.23,12.15,13.53,7.41,5.77,12.58,2.97,18.48,7.06,8.2,13.86,4.87,8.89,5.74,9.94,10.13,11.28,11.83,11.33,11.13,12.28,15.24,11.74,43.17,19.94,18.06,17.55,19.01,17.86,19.03,18.43,17.93,72.67,66.8,66.8,64.56,64.51,61.26,69.73
128.26,71.49,17.08,18.48,18.05,15.94,17.21,19.8,19.38,17.28,17.89,19.69,19.71,17.22,21.22,20.95,20.73,18.77,125.79,126.46,122.02,111.03,113.08,9.45,9.43,17.86,4.14,72.46,72.46,72.93,73.41,92.97,71.71,74.72,81.15,73.32,73.4,70.62,69.92,73.67,72.07,69.87,71.53,73.15,73.3,70.36,69.95,68.75,67.97,67.98,70.41,69.67,71.48,69.79,66.55,67.26,173.53,67.49,67.09,66.06,67.46,68.78,67.33,67.92,69.26,67.32,88.04,91.22,38.26,32.23,39.46,32.42,29.97,11.15,14.52,15.63,12.45,12.31,12.84,16.51,2.13,0.0,16.67,14.24,12.45,1.8,15.49,1.7,17.27,6.78,14.76,18.12,14.17,18.55,17.97,17.97,16.29,17.37,26.2,44.04,10.04,10.14,46.89,16.17,16.24,21.63,12.24,19.49,14.25,1.65,14.87,16.57,16.03,17.79,14.28,17.86,9.1,7.73,11.95,12.87,12.87,7.56,8.43,6.67,6.91,7.0,12.09,12.18,7.56,6.79,10.62,11.67,11.93,6.69,9.64,9.77,10.65,10.21,9.69,12.65,13.02,11.39,10.56,28.07,26.7,26.63,26.83,30.87,19.38,27.07,24.76,29.41,17.34,75.0,72.97,65.48,78.47,60.04,18.36,17.93,18.11,19.25,20.44,44.42,44.74,9.7,5.37,10.57,20.54,13.93,10.83,8.74,13.95,10.65,8.5,11.93,8.07,13.82,9.5,14.81,3.36,13.12,14.49,5.49,4.88,13.54,0.88,19.44,8.03,9.17,14.83,3.98,9.86,4.86,10.91,11.1,12.25,12.8,12.3,12.09,13.25,16.21,12.71,44.14,20.91,19.03,18.52,19.98,18.83,20.0,19.4,18.9,73.94,68.06,68.07,65.82,65.77,62.53,70.7
116.59,59.82,5.4,5.47,6.37,4.26,5.53,8.13,7.71,5.6,5.7,8.01,8.04,5.54,9.54,9.27,9.06,7.09,114.11,114.78,128.67,117.63,80.51,22.27,22.26,24.46,16.78,79.05,79.05,79.53,80.0,99.57,78.31,81.32,87.74,79.92,80.0,77.22,76.51,80.27,78.66,76.47,78.12,79.75,79.9,76.96,76.54,75.35,74.57,74.57,77.01,76.26,78.08,76.38,73.15,73.86,161.85,74.09,73.69,72.66,74.06,75.37,73.93,74.52,75.85,73.92,94.64,97.81,26.58,20.55,27.79,20.75,18.3,6.16,2.72,3.83,4.01,4.64,7.3,4.83,13.37,14.93,0.0,2.44,4.01,13.04,5.34,14.11,4.85,13.36,2.01,5.69,2.96,5.8,5.22,5.22,4.49,4.94,26.13,44.36,6.67,6.77,44.18,9.48,9.54,12.72,5.77,7.81,2.46,14.06,4.4,4.78,4.35,5.37,15.18,21.94,13.18,10.29,10.66,13.06,12.14,11.63,11.16,10.28,10.99,11.07,11.09,12.38,11.63,10.05,12.05,11.87,11.84,13.57,12.38,13.85,11.57,11.75,13.76,8.88,13.05,11.38,14.63,37.59,30.78,30.7,36.35,35.26,23.45,36.59,28.84,38.93,4.91,84.52,82.49,75.0,87.99,69.56,6.68,5.18,5.47,7.58,8.77,48.5,48.81,19.22,16.74,20.09,30.06,23.45,20.35,18.26,23.47,20.17,18.02,21.45,17.59,23.34,19.02,24.33,14.72,22.64,24.01,17.9,16.26,23.07,16.41,28.96,13.48,18.69,24.35,15.36,19.38,13.61,20.43,20.62,11.53,12.08,11.58,11.37,12.53,9.51,11.99,53.66,30.43,28.55,28.04,29.5,28.35,29.52,28.92,28.42,80.53,74.66,74.66,72.42,72.37,69.12,59.02
115.59,58.83,4.41,5.82,5.38,3.27,4.54,7.13,6.71,4.61,5.22,7.02,7.05,4.55,8.55,8.28,8.06,6.1,113.12,113.79,127.67,117.69,80.49,22.33,22.31,24.51,16.84,79.11,79.11,79.58,80.06,99.63,78.36,81.37,87.8,79.98,80.06,77.28,76.57,80.33,78.72,76.53,78.18,79.81,79.96,77.02,76.6,75.41,74.62,74.63,77.07,76.32,78.14,76.44,73.2,73.92,160.86,74.14,73.74,72.71,74.12,75.43,73.99,74.58,75.91,73.97,94.69,97.87,25.59,19.56,26.79,19.75,17.3,6.09,1.43,2.11,3.62,4.7,5.83,3.84,13.43,14.99,4.0,0.0,3.62,13.1,5.32,14.17,3.13,13.42,1.99,3.98,1.66,5.78,5.2,5.2,2.78,3.22,21.83,40.32,5.52,5.62,40.13,8.02,8.08,11.01,4.62,5.7,1.71,14.12,2.69,3.06,3.36,3.65,12.56,17.42,11.61,9.14,7.61,10.85,9.1,11.69,10.47,10.34,11.04,9.33,8.04,11.23,11.69,10.11,10.9,10.72,10.69,13.63,11.23,12.05,10.42,10.59,12.2,7.73,10.0,10.23,12.89,37.64,26.26,26.19,36.41,30.75,18.94,36.65,24.32,38.99,3.2,78.3,76.26,68.78,81.77,63.34,5.69,5.16,5.45,5.46,6.65,43.98,44.3,19.28,16.8,20.14,30.11,23.51,20.4,18.32,23.53,20.23,18.07,21.51,17.64,23.4,19.08,24.38,14.77,22.7,24.07,17.96,16.31,23.12,16.47,29.02,13.54,18.75,24.41,15.42,19.44,13.67,20.49,20.67,8.49,9.03,8.53,8.33,9.48,8.05,8.94,47.44,30.49,28.6,28.1,29.55,28.41,29.58,28.98,28.48,80.59,74.72,74.72,72.47,72.42,69.18,58.03
117.87,61.1,6.68,8.09,7.65,5.54,6.81,9.41,8.99,6.89,7.5,9.29,9.32,6.83,10.82,10.56,10.34,8.37,115.39,116.06,129.95,116.32,80.16,20.96,20.94,23.14,15.47,77.74,77.74,78.21,78.69,98.26,76.99,80.0,86.43,78.61,78.69,75.91,75.2,78.96,77.35,75.16,76.81,78.44,78.59,75.65,75.23,74.04,73.25,73.26,75.7,74.95,76.77,75.07,71.84,72.55,163.13,72.77,72.37,71.34,72.75,74.06,72.62,73.21,74.54,72.6,93.32,96.5,27.86,21.83,29.07,22.03,19.58,3.26,2.72,3.0,0.26,3.23,3.58,6.12,12.06,13.62,6.28,3.78,0.0,11.73,4.97,12.8,5.69,12.05,4.36,6.53,2.01,8.16,7.57,7.57,4.2,5.78,19.58,34.09,3.27,3.37,40.35,5.77,5.83,11.22,2.37,9.1,2.69,12.75,2.71,4.49,5.63,6.21,10.31,15.17,9.36,6.89,5.36,8.6,6.85,9.0,8.22,7.65,8.35,7.08,5.79,8.98,9.0,7.24,8.65,8.47,8.44,11.13,8.98,9.8,8.17,8.34,9.95,5.48,7.75,7.98,10.64,36.27,24.01,23.94,35.04,28.5,16.69,35.28,22.07,37.62,5.75,76.05,74.01,66.53,79.52,61.09,7.96,7.54,7.72,8.86,10.05,41.73,42.05,17.91,15.43,18.77,28.74,22.14,19.03,16.95,22.16,18.86,16.7,20.14,16.27,22.03,17.71,23.01,13.4,21.33,22.7,16.59,14.94,21.75,15.1,27.65,11.17,17.38,23.04,14.05,18.07,11.3,19.12,19.3,6.24,6.78,6.28,6.08,7.23,5.8,6.69,45.19,29.12,27.24,26.73,28.18,27.04,28.21,27.61,27.11,79.22,73.35,73.35,71.1,71.05,67.81,60.31
127.02,70.25,15.83,17.24,16.8,14.69,15.96,18.56,18.14,16.04,16.65,18.44,18.47,15.98,19.97,19.71,19.49,17.52,124.54,125.21,120.49,109.5,111.54,14.14,14.12,16.32,6.02,70.92,70.92,71.39,71.87,91.43,70.17,73.18,79.61,71.79,71.87,69.09,68.38,72.14,70.53,68.34,69.99,71.62,71.77,68.83,68.41,67.21,66.43,66.44,68.88,68.13,69.95,68.25,65.01,65.72,172.28,65.95,65.55,64.52,65.93,67.24,65.8,66.39,67.72,65.78,86.5,89.68,37.01,30.98,38.22,31.18,28.73,9.9,13.28,14.38,11.21,11.07,11.6,15.27,0.33,2.09,15.43,13.0,11.21,0.0,14.25,1.27,16.03,5.25,13.52,16.88,12.92,17.31,16.72,16.72,15.04,16.12,24.95,42.79,8.79,8.89,45.65,14.93,14.99,20.38,11.0,18.25,13.01,1.22,13.62,15.33,14.78,16.55,13.04,16.62,7.86,6.49,10.71,11.63,11.62,6.31,7.19,5.43,5.67,5.75,10.84,10.94,6.31,5.55,9.38,10.42,10.68,5.44,8.39,8.53,9.4,8.97,8.44,11.4,11.78,10.14,9.31,26.82,25.46,25.39,25.59,29.63,18.13,25.83,23.52,28.17,16.1,73.76,71.72,64.24,77.23,58.8,17.11,16.69,16.87,18.01,19.2,43.18,43.49,8.46,5.98,9.32,19.29,12.69,9.58,7.5,12.71,9.41,7.25,10.69,6.82,12.58,8.26,13.56,3.95,11.88,13.25,7.14,5.49,12.3,2.7,18.2,6.78,7.93,13.59,4.6,8.62,5.47,9.66,9.85,11.01,11.56,11.06,10.85,12.0,14.97,11.46,42.9,19.67,17.78,17.28,18.73,17.59,18.76,18.16,17.66,72.4,66.53,66.53,64.28,64.23,60.99,69.46
119.46,62.69,8.28,6.07,9.24,7.13,8.41,11.0,8.67,8.48,6.29,8.98,9.0,7.05,10.51,10.24,10.02,9.97,116.98,117.65,86.15,75.16,75.19,19.45,19.44,21.64,17.44,76.24,76.24,76.71,77.19,96.75,75.49,78.5,84.93,77.11,77.19,74.4,73.7,77.45,75.85,73.65,75.31,76.93,77.09,74.14,73.73,72.53,71.75,71.76,74.2,73.45,75.26,73.57,70.33,71.04,164.73,71.27,70.87,69.84,71.24,72.56,71.12,71.71,73.04,71.1,91.82,95.0,29.46,23.43,30.66,23.62,21.17,6.26,5.6,6.7,4.56,4.38,7.85,6.23,14.03,15.58,6.39,5.32,4.56,13.69,0.0,14.77,7.72,9.65,3.89,8.57,5.83,4.53,3.74,3.74,7.37,7.81,23.84,47.24,7.32,7.42,47.05,10.03,10.09,15.6,6.32,10.69,5.33,14.72,7.28,7.65,7.22,8.24,14.57,19.44,13.83,10.94,9.63,13.71,11.11,12.28,11.81,10.94,11.64,11.13,10.06,13.03,12.28,10.7,12.7,12.52,12.49,14.23,13.03,13.85,12.22,12.4,14.41,9.43,12.02,12.03,15.28,38.24,28.28,28.2,37.0,32.76,20.95,37.24,26.34,39.58,7.79,85.17,83.14,75.66,88.65,70.21,7.65,5.78,6.07,10.45,11.64,46.0,46.31,19.87,17.39,20.74,30.71,24.1,21.0,18.91,24.13,20.82,18.67,22.1,18.24,24.0,19.67,24.98,15.37,23.29,24.67,18.55,16.91,23.72,17.07,29.62,14.14,19.34,25.0,16.01,20.04,14.26,21.08,21.27,10.5,11.05,10.55,10.34,11.5,10.07,10.95,54.31,31.08,29.2,28.69,30.15,29.01,30.18,29.57,29.08,77.72,71.84,71.85,69.6,69.55,66.31,61.9
127.86,71.09,16.68,18.08,17.65,15.54,16.81,19.4,18.98,16.88,17.49,19.29,19.31,16.82,20.82,20.55,20.33,18.37,125.39,126.06,121.62,110.63,112.68,15.27,15.26,17.46,6.86,72.06,72.06,72.53,73.01,92.57,71.31,74.32,80.75,72.92,73.0,70.22,69.52,73.27,71.67,69.47,71.13,72.75,72.9,69.96,69.55,68.35,67.57,67.58,70.01,69.27,71.08,69.39,66.15,66.86,173.13,67.09,66.69,65.66,67.06,68.38,66.93,67.52,68.86,66.92,87.64,90.82,37.86,31.83,39.06,32.02,29.57,10.75,14.12,15.23,12.05,11.91,12.44,16.11,1.73,2.1,16.27,13.84,12.05,1.4,15.09,0.0,16.87,6.38,14.36,17.72,13.77,18.15,17.57,17.57,15.89,16.97,25.8,43.64,9.64,9.74,46.5,15.77,15.84,21.23,11.84,19.09,13.85,0.05,14.47,16.17,15.63,17.39,13.88,17.46,8.7,7.33,11.55,12.47,12.47,7.16,8.03,6.27,6.51,6.6,11.69,11.78,7.16,6.39,10.22,11.27,11.53,6.29,9.24,9.37,10.25,9.82,9.29,12.25,12.62,10.99,10.16,27.67,26.3,26.23,26.43,30.47,18.98,26.67,24.36,29.01,16.94,74.6,72.57,65.08,78.07,59.64,17.96,17.53,17.71,18.85,20.04,44.02,44.34,9.3,6.82,10.17,20.14,13.53,10.43,8.34,13.55,10.25,8.1,11.53,7.67,13.42,9.1,14.41,4.8,12.72,14.09,7.98,6.34,13.15,2.71,19.04,7.63,8.77,14.43,5.44,9.46,6.31,10.51,10.7,11.85,12.4,11.9,11.69,12.85,15.81,12.31,43.74,20.51,18.63,18.12,19.58,18.43,19.6,19.0,18.5,73.54,67.66,67.67,65.42,65.37,62.13,70.3
113.59,56.82,1.8,3.73,2.76,2.69,1.59,4.1,4.55,2.0,3.14,4.86,4.88,2.39,6.38,6.12,5.9,4.09,111.11,111.78,125.67,120.09,82.89,24.73,24.71,26.92,19.24,81.51,81.51,81.99,82.46,102.03,80.77,83.78,90.2,82.38,82.46,79.68,78.97,82.73,81.12,78.93,80.58,82.21,82.36,79.42,79.0,77.81,77.02,77.03,79.47,78.72,80.54,78.84,75.61,76.32,158.85,76.55,76.15,75.12,76.52,77.83,76.39,76.98,78.31,76.38,97.1,100.27,23.58,13.82,24.79,14.92,12.47,8.1,3.44,2.87,5.63,7.1,7.58,2.86,15.83,17.39,3.02,3.11,5.63,15.5,7.72,16.57,0.0,15.82,4.39,0.84,3.67,5.3,4.72,4.72,3.53,0.71,22.42,37.47,6.99,7.09,37.28,8.73,8.8,8.15,6.63,2.56,3.72,16.52,3.45,2.32,2.29,0.8,13.52,18.38,11.79,10.61,8.57,11.8,10.06,12.71,11.94,11.37,12.07,10.79,9.0,11.5,12.71,10.95,11.17,10.99,11.04,16.03,11.5,12.32,10.69,10.87,12.38,8.25,10.96,10.5,13.17,40.05,27.22,27.14,38.81,31.7,19.89,39.05,25.28,41.39,0.68,79.25,77.22,69.74,82.73,64.29,3.53,4.49,3.36,2.33,3.52,44.94,45.25,21.68,19.2,22.55,32.51,25.91,22.8,20.72,25.93,22.63,20.48,23.91,20.05,25.8,21.48,26.79,17.18,25.1,26.47,20.36,18.72,25.52,18.87,31.42,15.94,21.15,26.81,17.82,21.84,16.07,22.89,23.07,9.44,9.99,9.49,9.29,10.44,8.77,9.9,48.39,32.89,31.01,30.5,31.96,30.81,31.98,31.38,30.88,82.99,77.12,77.12,74.88,74.82,71.58,56.02
127.65,70.88,16.47,17.87,17.43,15.32,16.6,19.19,18.77,16.67,17.28,19.08,19.1,16.61,20.6,20.34,20.12,18.16,125.17,125.85,117.84,106.85,108.89,11.49,11.47,13.67,5.23,68.27,68.27,68.74,69.22,88.79,67.52,70.53,76.96,69.14,69.22,66.44,65.73,69.49,67.88,65.69,67.34,68.97,69.12,66.18,65.76,64.56,63.78,63.79,66.23,65.48,67.3,65.6,62.36,63.07,172.92,63.3,62.9,61.87,63.28,64.59,63.15,63.74,65.07,63.13,83.85,87.03,37.65,31.62,38.85,31.81,29.36,10.54,13.91,15.02,11.84,11.7,13.93,15.9,5.43,6.66,16.06,13.63,11.84,5.1,9.59,5.84,16.66,0.0,14.15,17.51,13.56,17.94,17.36,17.36,15.68,16.76,32.62,41.32,10.78,10.88,44.18,16.75,16.81,22.2,11.63,18.88,13.64,5.79,14.25,15.96,15.42,17.18,17.38,20.96,12.2,10.83,13.3,13.32,13.29,10.65,11.53,9.76,10.01,10.09,12.51,12.64,10.65,9.89,13.71,12.13,12.34,9.78,12.73,12.87,11.84,13.31,12.78,13.96,13.43,11.85,13.65,31.16,29.8,29.72,29.93,33.97,22.47,30.17,27.86,32.5,16.73,78.1,76.06,68.58,81.57,63.13,17.75,17.32,17.5,18.64,19.83,47.52,47.83,12.79,10.31,13.66,23.63,17.03,13.92,11.84,17.05,13.74,11.59,15.03,11.16,16.92,12.6,17.9,8.29,16.22,17.59,11.48,9.83,16.64,7.27,22.54,11.12,12.27,17.93,8.94,12.96,9.8,14.0,14.19,12.68,13.22,12.72,12.52,13.67,16.79,13.13,47.24,24.01,22.12,21.62,23.07,21.93,23.1,22.5,22.0,69.75,63.88,63.88,61.63,61.58,58.34,70.09
116.81,60.05,5.63,3.46,6.6,4.49,5.76,8.35,6.07,5.83,3.68,6.37,6.4,4.45,7.9,7.63,7.42,7.32,114.34,115.01,128.89,78.46,78.5,22.76,22.75,24.95,17.28,79.55,79.55,80.02,80.5,100.06,78.8,81.81,88.24,80.41,80.49,77.71,77.01,80.76,79.16,76.96,78.62,80.24,80.39,77.45,77.04,75.84,75.06,75.07,77.5,76.76,78.57,76.88,73.64,74.35,162.08,74.58,74.18,73.15,74.55,75.87,74.42,75.01,76.35,74.41,95.13,98.31,26.81,20.78,28.01,20.97,18.52,6.65,2.95,4.06,4.5,4.47,7.36,3.62,13.87,15.42,3.78,2.67,4.51,13.54,3.33,14.61,5.08,13.85,0.0,5.92,3.19,3.79,3.21,3.21,4.72,5.17,23.35,44.59,7.17,7.27,44.4,9.54,9.6,12.95,6.14,8.04,2.68,14.56,4.63,5.0,4.58,5.59,14.08,18.95,13.67,10.78,9.14,12.37,10.62,12.12,11.65,10.78,11.48,11.56,9.57,12.88,12.12,10.55,12.54,12.37,12.34,14.07,12.88,14.34,12.07,12.24,14.26,9.26,11.53,11.88,15.12,38.08,27.79,27.71,36.84,32.27,20.46,37.08,25.85,39.42,5.14,85.01,82.98,75.5,88.49,70.05,5.04,3.17,3.46,7.81,6.65,45.51,45.82,19.71,17.23,20.58,30.55,23.95,20.84,18.76,23.97,20.66,18.51,21.95,18.08,23.84,19.51,24.82,15.21,23.14,24.51,18.4,16.75,23.56,16.91,29.46,13.98,19.18,24.84,15.86,19.88,14.1,20.92,21.11,10.01,10.56,10.06,9.85,11.01,9.58,10.46,54.15,30.92,29.04,28.53,29.99,28.85,30.02,29.41,28.92,81.03,75.15,75.16,72.91,72.86,69.62,59.25
114.05,57.28,2.26,4.19,3.23,3.25,2.06,4.56,5.01,2.46,3.6,5.32,5.35,2.85,6.85,6.58,6.36,4.55,111.57,112.24,126.13,121.8,82.42,26.44,26.43,28.63,20.96,83.23,83.23,83.7,84.17,103.74,82.48,85.49,91.92,84.09,84.17,81.39,80.68,84.44,82.84,80.64,82.3,83.92,84.07,81.13,80.72,79.52,78.74,78.75,81.18,80.44,82.25,80.56,77.32,78.03,159.31,78.26,77.86,76.83,78.23,79.55,78.1,78.69,80.03,78.09,98.81,101.99,24.04,14.28,25.25,15.38,12.93,8.66,4.0,3.43,6.19,7.66,8.14,3.42,17.55,19.1,3.58,3.67,6.19,17.21,8.28,18.29,0.56,17.53,4.95,0.0,4.23,5.76,5.18,5.18,4.09,1.27,23.17,38.22,7.55,7.65,38.03,9.29,9.36,8.9,7.19,3.03,4.28,18.24,4.0,2.88,2.85,1.36,14.08,18.94,12.35,11.17,9.13,12.36,10.62,13.27,12.5,11.93,12.63,11.35,9.56,12.06,13.27,11.51,11.73,11.55,11.6,17.75,12.06,12.88,11.25,11.43,12.94,8.81,11.52,11.06,13.73,41.76,27.78,27.7,40.52,32.26,20.45,40.76,25.84,43.1,1.24,79.81,77.78,70.3,83.29,64.85,3.99,4.95,3.82,2.79,3.98,45.5,45.81,23.39,20.91,24.26,34.23,27.63,24.52,22.43,27.65,24.34,22.19,25.62,21.76,27.52,23.19,28.5,18.89,26.82,28.19,22.07,20.43,27.24,20.59,33.14,17.66,22.86,28.52,19.53,23.56,17.78,24.6,24.79,10.0,10.55,10.05,9.85,11.0,9.33,10.46,48.95,34.6,32.72,32.21,33.67,32.53,33.7,33.09,32.6,84.71,78.83,78.84,76.59,76.54,73.3,56.49
116.65,59.88,5.47,6.87,6.43,4.11,5.6,7.78,7.77,5.67,6.28,8.08,8.1,5.61,9.6,9.34,9.12,7.16,114.17,114.84,128.73,117.6,81.45,22.24,22.22,24.42,16.75,79.02,79.02,79.5,79.97,99.54,78.28,81.29,87.71,79.89,79.97,77.19,76.48,80.24,78.63,76.44,78.09,79.72,79.87,76.93,76.51,75.32,74.53,74.54,76.98,76.23,78.05,76.35,73.12,73.83,161.92,74.06,73.66,72.63,74.03,75.34,73.9,74.49,75.82,73.88,94.61,97.78,26.65,16.2,27.85,20.81,18.36,4.43,0.71,2.66,1.96,4.51,4.17,4.69,13.34,14.9,4.85,1.77,1.96,13.01,6.25,14.08,3.67,13.33,3.04,4.52,0.0,6.83,6.25,6.25,3.32,3.77,20.17,40.87,3.86,3.96,40.68,6.35,6.42,11.55,2.96,6.24,1.12,14.03,1.8,3.6,4.21,4.19,10.9,15.76,9.95,7.48,5.95,9.19,7.44,9.58,8.81,8.24,8.94,7.66,6.38,9.57,9.58,7.82,9.23,9.06,9.03,11.72,9.57,10.39,8.76,8.93,10.53,6.07,8.34,8.57,11.23,37.56,24.6,24.53,36.32,29.08,17.27,36.56,22.66,31.79,3.74,76.63,74.6,67.12,80.11,61.67,6.74,6.21,6.5,6.0,7.19,42.32,42.63,19.19,14.47,20.06,30.02,23.42,20.31,18.23,23.44,20.14,17.99,21.42,17.56,23.31,18.99,24.3,14.68,22.61,23.98,17.87,13.99,23.03,16.38,28.93,11.76,18.66,24.32,15.33,19.35,11.89,20.4,20.58,6.83,7.37,6.87,6.67,7.82,6.39,7.28,45.77,30.4,28.52,28.01,29.46,28.32,29.49,28.89,28.39,80.5,74.63,74.63,72.38,72.33,69.09,59.09
115.71,58.94,4.38,2.77,5.35,4.6,4.51,6.59,5.38,4.58,3.0,5.68,5.71,3.76,7.21,6.94,6.73,6.21,113.23,113.9,127.79,76.82,76.85,25.73,25.72,27.92,20.25,82.52,82.52,82.99,83.46,103.03,81.77,84.78,91.21,83.38,83.46,80.68,79.97,83.73,82.13,79.93,81.59,83.21,83.36,80.42,80.01,78.81,78.03,78.04,80.47,79.73,81.54,79.85,76.61,77.32,160.97,77.55,77.15,76.12,77.52,78.84,77.39,77.98,79.32,77.38,98.1,101.28,25.7,19.67,26.91,19.87,17.42,9.62,5.92,7.03,7.47,7.44,10.33,4.2,16.84,18.39,4.36,5.64,7.47,16.5,4.12,17.58,5.5,16.82,4.21,6.24,6.16,0.0,1.23,1.23,7.69,6.15,27.06,43.48,10.14,10.24,43.3,12.51,12.57,12.79,9.11,6.79,5.65,17.53,7.6,7.23,4.51,6.29,17.05,21.92,16.64,13.75,12.11,15.34,13.59,15.09,14.62,13.75,14.45,14.53,12.54,15.85,15.09,13.51,15.51,15.34,15.31,17.04,15.85,17.31,15.04,15.21,17.22,12.22,14.5,14.85,18.09,41.05,30.76,30.68,39.81,35.24,23.43,40.05,28.82,42.39,6.12,87.98,85.95,78.47,91.46,73.02,4.35,2.48,2.77,6.56,5.96,48.47,48.79,22.68,20.2,23.55,33.52,26.92,23.81,21.72,26.94,23.63,21.48,24.91,21.05,26.81,22.48,27.79,18.18,26.1,27.48,21.36,19.72,26.53,19.88,32.43,16.95,22.15,27.81,18.82,22.85,17.07,23.89,24.08,12.98,13.53,13.03,12.82,13.98,12.54,13.43,57.12,33.89,32.01,31.5,32.96,31.82,32.99,32.38,31.89,84.0,78.12,78.13,75.88,75.83,72.59,58.14
114.89,58.12,3.57,1.95,4.53,3.79,3.7,5.77,4.56,3.77,2.18,4.87,4.89,2.94,6.4,6.13,5.91,5.4,112.42,113.09,126.97,77.62,77.66,25.78,25.77,27.97,20.29,82.56,82.56,83.04,83.51,103.08,81.82,84.83,91.25,83.43,83.51,80.73,80.02,83.78,82.18,79.98,81.64,83.26,83.41,80.47,80.05,78.86,78.08,78.09,80.52,79.78,81.59,79.89,76.66,77.37,160.16,77.6,77.2,76.17,77.57,78.88,77.44,78.03,79.37,77.43,98.15,101.33,24.89,18.86,26.09,19.05,16.6,9.67,5.98,7.08,7.52,8.15,10.38,3.39,16.88,18.44,3.55,5.7,7.53,16.55,3.72,17.63,4.68,16.87,4.27,5.43,6.21,1.0,0.0,0.0,7.75,5.33,26.24,42.67,10.18,10.29,42.48,12.57,12.63,11.97,9.28,5.98,5.71,17.57,7.66,6.42,3.69,5.48,18.69,25.45,16.69,13.8,14.17,16.57,15.66,15.14,14.67,13.79,14.5,14.58,14.6,15.89,15.14,13.56,15.56,15.38,15.35,17.09,15.89,17.36,15.09,15.26,17.27,12.39,16.56,14.9,18.14,41.1,34.29,34.21,39.86,38.77,26.96,40.1,32.35,42.44,5.31,88.03,86.0,78.52,91.51,73.07,3.54,1.67,1.96,5.74,5.15,52.01,52.32,22.73,20.25,23.6,33.57,26.96,23.86,21.77,26.99,23.68,21.53,24.96,21.1,26.86,22.53,27.84,18.23,26.15,27.53,21.41,19.77,26.58,19.93,32.48,17.0,22.2,27.86,18.87,22.89,17.12,23.94,24.13,15.04,15.59,15.09,14.89,16.04,12.6,15.5,57.17,33.94,32.06,31.55,33.01,31.86,33.03,32.43,31.93,84.04,78.17,78.17,75.93,75.88,72.63,57.33
114.89,58.12,3.57,1.95,4.53,3.79,3.7,5.77,4.56,3.77,2.18,4.87,4.89,2.94,6.4,6.13,5.91,5.4,112.42,113.09,126.97,77.62,77.66,25.78,25.77,27.97,20.29,82.56,82.56,83.04,83.51,103.08,81.82,84.83,91.25,83.43,83.51,80.73,80.02,83.78,82.18,79.98,81.64,83.26,83.41,80.47,80.05,78.86,78.08,78.09,80.52,79.78,81.59,79.89,76.66,77.37,160.16,77.6,77.2,76.17,77.57,78.88,77.44,78.03,79.37,77.43,98.15,101.33,24.89,18.86,26.09,19.05,16.6,9.67,5.98,7.08,7.52,8.15,10.38,3.39,16.88,18.44,3.55,5.7,7.53,16.55,3.72,17.63,4.68,16.87,4.27,5.43,6.21,1.0,0.0,0.0,7.75,5.33,26.24,42.67,10.18,10.29,42.48,12.57,12.63,11.97,9.28,5.98,5.71,17.57,7.66,6.42,3.69,5.48,18.69,25.45,16.69,13.8,14.17,16.57,15.66,15.14,14.67,13.79,14.5,14.58,14.6,15.89,15.14,13.56,15.56,15.38,15.35,17.09,15.89,17.36,15.09,15.26,17.27,12.39,16.56,14.9,18.14,41.1,34.29,34.21,39.86,38.77,26.96,40.1,32.35,42.44,5.31,88.03,86.0,78.52,91.51,73.07,3.54,1.67,1.96,5.74,5.15,52.01,52.32,22.73,20.25,23.6,33.57,26.96,23.86,21.77,26.99,23.68,21.53,24.96,21.1,26.86,22.53,27.84,18.23,26.15,27.53,21.41,19.77,26.58,19.93,32.48,17.0,22.2,27.86,18.87,22.89,17.12,23.94,24.13,15.04,15.59,15.09,14.89,16.04,12.6,15.5,57.17,33.94,32.06,31.55,33.01,31.86,33.03,32.43,31.93,84.04,78.17,78.17,75.93,75.88,72.63,57.33
116.93,60.16,5.32,7.25,6.28,4.6,5.11,7.62,8.07,5.52,6.66,8.38,8.4,5.91,9.91,9.64,9.42,7.43,114.45,115.12,129.01,119.77,82.57,24.41,24.39,26.59,18.92,81.19,81.19,81.66,82.14,101.7,80.44,83.45,89.88,82.06,82.14,79.36,78.65,82.41,80.8,78.61,80.26,81.89,82.04,79.1,78.68,77.48,76.7,76.71,79.15,78.4,80.22,78.52,75.28,75.99,162.19,76.22,75.82,74.79,76.2,77.51,76.07,76.66,77.99,76.05,96.77,99.95,26.92,16.04,28.13,18.44,15.99,6.66,1.97,1.5,4.19,6.77,5.78,5.18,15.51,17.07,5.33,2.79,4.2,15.18,7.4,16.25,3.52,15.5,4.07,4.37,3.35,7.95,7.37,7.37,0.0,3.19,23.02,38.07,5.61,5.72,37.88,6.34,6.4,8.75,5.06,6.08,3.39,16.2,2.07,1.29,4.69,3.73,12.14,17.01,10.42,9.23,7.2,10.43,8.68,11.34,10.56,9.99,10.7,9.42,7.63,10.13,11.34,9.58,9.79,9.62,9.66,13.47,10.13,10.95,9.32,9.49,11.01,5.86,9.59,9.13,11.79,39.72,25.84,25.77,38.49,30.33,18.52,38.73,23.91,33.04,3.16,77.88,75.84,68.36,81.35,62.92,7.05,7.33,6.88,5.85,7.04,43.56,43.88,21.36,18.88,22.22,32.19,25.59,22.48,20.4,25.61,22.3,20.15,23.59,19.72,25.48,21.16,26.46,16.85,24.78,26.15,20.04,18.39,25.2,18.55,31.1,13.52,20.83,26.49,17.5,21.52,13.64,22.56,22.75,8.07,8.62,8.12,7.91,9.06,6.37,8.52,47.02,32.57,30.68,30.18,31.63,30.49,31.66,31.06,30.56,82.67,76.8,76.8,74.55,74.5,71.26,59.37
114.29,57.52,2.5,4.43,3.47,2.83,2.3,4.81,5.26,2.7,3.84,5.56,5.59,3.1,7.09,6.83,6.61,4.8,111.82,112.49,126.37,120.23,83.03,24.87,24.85,27.05,19.38,81.65,81.65,82.13,82.6,102.17,80.9,83.91,90.34,82.52,82.6,79.82,79.11,82.87,81.26,79.07,80.72,82.35,82.5,79.56,79.14,77.95,77.16,77.17,79.61,78.86,80.68,78.98,75.75,76.46,159.56,76.69,76.28,75.26,76.66,77.97,76.53,77.12,78.45,76.51,97.24,100.41,24.29,13.23,25.49,15.63,13.18,8.24,3.58,2.54,5.77,7.24,7.24,3.0,15.97,17.53,3.16,3.25,5.77,15.64,7.86,16.71,0.71,15.96,4.53,1.55,3.81,5.78,5.2,5.2,3.2,0.0,22.85,37.9,6.65,6.75,37.71,8.4,8.46,8.58,6.1,3.27,3.86,16.66,3.11,1.99,2.43,0.92,13.18,18.04,11.46,10.27,8.24,11.47,9.72,12.38,11.6,11.03,11.74,10.46,8.67,11.17,12.38,10.62,10.83,10.66,10.7,14.51,11.17,11.99,10.36,10.53,12.05,7.92,10.62,10.17,12.83,40.18,26.88,26.81,38.95,31.37,19.56,39.19,24.94,34.08,0.03,78.92,76.88,69.4,82.39,63.96,4.23,5.2,4.06,3.03,4.22,44.6,44.92,21.82,19.34,22.69,32.65,26.05,22.94,20.86,26.07,22.77,20.62,24.05,20.19,25.94,21.62,26.93,17.31,25.24,26.61,20.5,18.86,25.66,19.01,31.56,14.56,21.29,26.95,17.96,21.98,14.68,23.03,23.21,9.11,9.66,9.16,8.95,10.1,8.43,9.56,48.06,33.03,31.15,30.64,32.09,30.95,32.12,31.52,31.02,83.13,77.26,77.26,75.01,74.96,71.72,56.73
129.92,73.15,31.55,32.96,32.52,30.41,31.68,22.07,33.86,31.76,32.37,34.16,34.19,31.7,35.69,35.43,35.21,33.24,127.44,128.11,141.99,133.67,135.71,38.31,38.29,40.49,33.15,95.09,95.09,95.56,96.04,115.6,94.34,97.35,103.78,95.96,96.04,93.26,92.55,96.31,94.7,92.5,94.16,95.79,95.94,93.0,92.58,91.38,90.6,90.61,93.05,92.3,94.12,92.42,89.18,89.89,175.18,90.12,89.72,88.69,90.1,91.41,89.97,90.56,91.89,89.95,110.67,113.85,39.61,24.33,40.81,29.18,26.16,25.62,24.14,23.58,26.93,26.78,21.97,30.99,28.22,29.78,31.15,28.72,26.93,27.89,29.97,28.96,22.86,29.4,29.24,23.71,23.44,33.03,32.44,32.44,23.69,25.88,0.0,18.05,24.15,24.25,23.09,18.56,18.63,14.27,22.86,20.79,28.73,28.91,23.06,25.07,30.5,26.42,18.66,17.91,22.66,24.92,21.76,20.36,18.9,22.59,26.29,24.13,23.64,23.68,20.98,21.11,22.59,24.65,20.77,20.6,19.59,26.6,21.11,21.21,20.3,20.47,23.25,22.42,19.51,20.32,22.77,26.02,17.21,17.13,28.55,18.62,14.63,27.32,14.58,21.32,25.85,69.12,67.09,59.61,72.6,54.16,32.83,32.41,32.59,21.16,21.62,30.82,31.14,34.07,30.54,34.94,29.45,38.49,35.2,33.11,33.37,35.02,32.87,36.81,32.44,38.38,33.87,39.37,29.57,39.35,34.54,32.75,30.06,39.35,31.26,28.42,27.83,33.54,37.5,30.21,34.23,27.96,35.28,36.08,19.85,18.07,21.19,20.98,17.94,18.36,18.26,38.26,43.54,43.39,42.89,44.35,43.2,41.13,43.66,42.65,96.57,90.69,90.7,88.45,88.4,85.16,72.35
132.26,75.49,37.17,41.04,37.02,41.1,37.64,35.38,37.85,37.45,40.45,38.15,37.34,39.42,37.65,38.0,38.52,40.14,129.78,130.45,144.34,154.22,145.39,48.89,48.88,51.08,45.23,104.77,104.77,105.24,105.72,125.28,104.02,107.03,113.46,105.64,105.72,102.94,102.23,105.99,104.38,102.19,103.84,105.47,105.62,102.68,102.26,101.06,100.28,101.2,102.73,101.98,103.8,102.1,99.77,99.57,177.52,99.8,99.4,98.37,101.51,101.09,99.65,100.24,101.57,101.84,120.35,126.85,39.99,27.2,41.19,29.58,28.75,36.21,40.66,38.5,37.51,37.37,37.94,40.9,41.81,43.37,41.06,40.34,37.52,41.48,46.37,42.56,37.4,39.98,43.04,38.24,40.9,43.01,42.43,42.43,37.55,37.93,20.56,0.0,38.95,39.05,3.23,29.15,34.51,28.81,39.77,35.06,40.94,42.51,39.07,37.79,39.52,38.02,30.41,28.18,37.72,38.0,35.58,33.0,35.4,36.18,39.88,37.73,37.23,37.27,35.18,33.34,36.18,38.24,35.43,34.03,33.93,40.67,34.44,34.58,35.46,35.02,38.31,36.24,33.05,34.03,33.98,32.25,26.76,26.69,34.67,28.17,24.89,34.91,25.73,30.88,37.9,78.86,76.83,69.34,82.33,63.9,40.7,42.2,40.67,35.43,35.89,37.39,37.71,46.31,49.89,46.28,38.48,47.52,46.57,47.09,42.4,45.3,47.5,45.83,48.67,47.41,45.51,48.39,43.16,48.38,43.56,48.98,49.41,48.37,44.86,37.45,41.42,47.04,46.52,43.8,44.95,41.55,47.29,45.1,34.23,34.56,34.84,34.63,35.01,28.95,34.87,48.0,52.57,52.41,52.56,53.54,54.25,50.15,52.68,51.67,107.15,101.28,101.29,99.04,98.99,95.75,74.7
120.89,64.12,9.71,11.11,10.67,8.56,9.84,12.43,12.01,9.91,10.52,12.32,12.34,9.85,13.84,13.58,13.36,11.4,118.41,119.08,132.97,116.53,118.58,21.17,21.16,23.36,13.13,77.96,77.96,78.43,78.91,98.47,77.21,80.22,86.65,78.83,78.9,76.12,75.42,79.17,77.57,75.37,77.03,78.65,78.8,75.86,75.45,74.25,73.47,73.48,75.92,75.17,76.98,75.29,72.05,72.76,166.16,72.99,72.59,71.56,72.96,74.28,72.84,73.43,74.76,72.82,93.54,96.72,30.89,24.86,32.09,25.05,22.6,3.77,4.81,4.26,3.27,4.85,3.32,9.14,9.71,11.27,9.3,5.87,3.27,9.38,8.12,10.46,6.89,10.12,7.39,7.73,4.1,11.18,10.6,10.6,5.46,6.56,20.5,40.58,0.0,0.1,40.72,6.14,6.2,11.59,2.15,9.45,4.77,10.4,3.74,5.74,8.65,7.1,9.55,14.41,7.13,4.66,5.03,7.43,6.52,6.77,5.99,5.42,6.13,4.85,5.46,6.75,6.77,5.01,6.42,6.24,6.21,8.9,6.75,7.57,5.95,6.12,7.72,4.13,7.42,5.76,8.42,33.93,23.25,23.17,32.69,27.73,15.92,32.93,21.31,30.44,6.53,75.28,73.25,65.77,78.76,60.32,10.98,10.56,10.74,9.22,10.41,40.97,41.28,14.46,11.66,15.5,26.4,19.79,16.69,13.25,19.82,16.51,13.0,16.44,13.08,19.69,15.36,20.67,11.06,18.98,20.36,13.4,11.17,19.41,12.76,25.31,8.95,13.68,19.34,11.7,15.73,9.07,16.77,15.6,5.9,6.45,5.95,5.74,6.9,6.17,6.36,44.42,26.77,24.89,24.38,25.84,24.69,25.86,25.26,24.76,79.44,73.56,73.57,71.32,71.27,68.03,63.33
120.81,64.04,9.63,11.03,10.59,8.48,9.76,12.35,11.93,9.83,10.44,12.24,12.26,9.77,13.76,13.5,13.28,11.31,118.33,119.0,132.89,116.45,118.5,21.09,21.08,23.28,13.04,77.88,77.88,78.35,78.83,98.39,77.13,80.14,86.57,78.74,78.82,76.04,75.34,79.09,77.49,75.29,76.95,78.57,78.72,75.78,75.37,74.17,73.39,73.4,75.83,75.09,76.9,75.21,71.97,72.68,166.07,72.91,72.51,71.48,72.88,74.2,72.75,73.34,74.68,72.74,93.46,96.64,30.81,24.77,32.01,24.97,22.52,3.69,4.73,4.18,3.18,4.76,3.24,9.06,9.63,11.19,9.22,5.79,3.19,9.3,8.04,10.38,6.81,10.04,7.31,7.65,4.02,11.1,10.52,10.52,5.38,6.47,20.42,40.5,0.96,0.0,40.64,6.06,6.12,11.51,2.07,9.37,4.69,10.32,3.66,5.66,8.57,7.02,9.47,14.33,7.05,4.58,4.95,7.35,6.43,6.69,5.91,5.34,6.05,4.77,5.38,6.67,6.69,4.93,6.34,6.16,6.13,8.82,6.67,7.49,5.86,6.04,7.64,4.05,7.34,5.67,8.34,33.85,23.17,23.09,32.61,27.65,15.84,32.85,21.23,30.36,6.45,75.2,73.17,65.69,78.68,60.24,10.9,10.48,10.66,9.14,10.33,40.89,41.2,14.38,11.58,15.42,26.32,19.71,16.61,13.17,19.74,16.43,12.92,16.36,13.0,19.6,15.28,20.59,10.98,18.9,20.28,13.32,11.09,19.33,12.67,25.23,8.87,13.59,19.25,11.62,15.64,8.99,16.69,15.52,5.82,6.37,5.87,5.66,6.82,6.09,6.28,44.34,26.69,24.81,24.3,25.76,24.61,25.78,25.18,24.68,79.36,73.48,73.49,71.24,71.19,67.95,63.25
132.56,75.79,37.48,41.34,37.32,41.4,37.95,35.69,38.15,37.75,40.75,38.46,37.65,39.72,37.95,38.3,38.82,40.44,130.09,130.76,144.64,154.52,156.56,54.94,54.92,57.12,48.01,107.56,107.56,108.03,108.5,128.07,106.81,109.82,116.24,108.42,108.5,105.72,105.01,108.77,107.17,104.97,106.63,108.25,108.4,105.46,105.05,103.85,103.07,107.24,105.51,104.77,106.58,104.89,105.82,102.36,177.83,102.59,102.19,101.16,104.29,103.88,102.43,103.02,104.36,106.59,123.14,130.48,40.29,27.5,41.5,29.88,29.05,42.26,40.97,38.8,43.56,43.42,40.72,41.21,44.6,46.16,41.36,40.64,43.56,44.27,46.67,45.34,37.7,46.03,43.34,38.55,41.2,43.31,42.73,42.73,37.85,38.23,23.32,3.72,41.74,41.84,0.0,36.01,34.81,29.11,40.27,35.37,41.25,45.29,39.38,38.09,39.82,38.33,33.19,30.96,40.51,40.79,38.37,35.79,38.19,38.96,42.66,40.51,40.02,40.06,37.97,36.13,38.96,41.02,38.21,36.82,36.72,43.46,37.23,37.37,38.24,37.81,41.1,39.03,35.83,36.81,36.77,35.03,29.55,29.47,37.46,30.96,27.68,37.7,28.51,33.67,38.21,81.65,79.61,72.13,85.12,66.69,41.0,42.5,40.97,35.74,36.2,40.18,40.49,49.09,52.68,49.07,41.26,50.3,49.35,49.88,45.18,48.09,50.29,48.62,51.45,50.2,48.3,51.18,45.95,51.16,46.35,51.77,52.19,51.16,47.64,40.24,44.21,49.83,49.31,46.59,47.74,44.33,50.08,47.89,37.02,37.35,37.62,37.42,37.8,36.42,37.66,50.79,55.36,55.2,55.35,56.32,57.03,52.94,55.47,54.46,113.2,107.33,107.33,105.08,105.03,101.79,75.0
123.33,66.56,11.6,13.54,12.57,10.89,11.4,13.91,14.36,11.81,12.95,14.67,14.69,12.2,16.19,15.93,15.71,13.83,120.85,121.52,135.41,124.73,126.78,29.37,29.36,31.56,19.03,86.16,86.16,86.63,87.1,106.67,85.41,88.42,94.85,87.02,87.1,84.32,83.62,87.37,85.77,83.57,85.23,86.85,87.0,84.06,83.65,82.45,81.67,81.68,84.11,83.37,85.18,83.49,80.25,80.96,168.59,81.19,80.79,79.76,81.16,82.48,81.03,81.62,82.96,81.02,101.74,104.92,33.32,19.76,34.53,23.51,21.59,8.13,7.74,7.18,7.82,10.16,5.56,11.46,15.62,17.18,11.62,8.8,7.83,15.29,12.18,16.36,9.81,20.46,9.59,10.65,7.04,13.38,12.79,12.79,7.29,9.47,14.53,35.0,6.95,7.05,34.81,0.0,0.99,5.68,6.45,12.37,7.71,16.31,6.66,8.66,10.98,10.02,9.11,13.97,10.57,10.57,7.35,10.58,6.42,10.5,11.9,11.33,11.55,10.76,7.78,10.28,10.5,10.92,9.94,9.77,9.81,14.81,10.28,11.1,9.47,9.64,11.16,4.9,9.73,9.28,11.94,33.5,25.47,25.39,33.38,28.54,15.48,34.8,20.87,31.25,9.45,76.09,74.06,66.57,79.56,61.13,13.33,12.76,13.17,12.14,13.33,40.53,40.84,20.37,17.56,21.41,32.3,25.7,22.59,19.15,25.72,22.42,18.91,22.34,18.99,25.59,21.27,26.58,16.96,24.89,26.26,19.3,17.08,25.31,18.66,31.21,14.85,19.58,25.24,17.61,21.63,14.98,22.68,21.51,8.22,8.77,8.27,8.06,8.39,2.6,8.67,45.23,32.68,30.8,30.29,31.74,30.6,31.77,31.17,30.67,87.64,81.76,81.77,79.52,79.47,76.23,65.77
123.05,66.28,11.32,13.26,12.29,10.61,11.12,13.63,14.08,11.53,12.67,14.39,14.41,11.92,15.91,15.65,15.43,13.55,120.57,121.24,135.13,124.45,126.5,29.09,29.08,31.28,18.75,85.88,85.88,86.35,86.83,106.39,85.13,88.14,94.57,86.74,86.82,84.04,83.34,87.09,85.49,83.29,84.95,86.57,86.72,83.78,83.37,82.17,81.39,81.4,83.83,83.09,84.9,83.21,79.97,80.68,168.31,80.91,80.51,79.48,80.88,82.2,80.75,81.34,82.68,80.74,101.46,104.64,33.05,20.17,34.25,23.92,22.0,7.85,7.46,6.9,7.54,9.88,5.28,11.18,15.34,16.9,11.34,8.52,7.55,15.01,11.9,16.08,9.53,20.18,9.31,10.37,6.76,13.1,12.51,12.51,7.01,9.19,14.94,35.41,6.67,6.77,35.22,1.91,0.0,6.1,6.17,12.09,7.43,16.03,6.38,8.38,10.7,9.74,8.83,13.69,10.29,10.29,7.07,10.3,6.14,10.22,11.62,11.05,11.27,10.48,7.5,10.0,10.22,10.64,9.66,9.49,9.53,14.53,10.0,10.82,9.19,9.36,10.88,4.62,9.45,9.0,11.66,31.97,22.53,22.45,31.85,27.01,15.2,33.27,20.59,29.72,9.17,74.56,72.53,65.05,78.04,59.6,13.05,12.48,12.89,11.86,13.05,40.25,40.56,20.09,17.28,21.13,32.02,25.42,22.31,18.87,25.44,22.14,18.63,22.06,18.71,25.31,20.99,26.3,16.68,24.61,25.98,19.02,16.8,25.03,18.38,30.93,14.57,19.3,24.96,17.33,21.35,14.7,22.4,21.23,7.94,8.49,7.99,7.78,8.11,2.32,8.39,43.7,32.4,30.52,30.01,31.46,30.32,31.49,30.89,30.39,87.36,81.48,81.49,79.24,79.19,75.95,65.49
117.02,60.25,9.04,10.97,10.0,11.11,8.83,11.34,11.79,9.24,10.38,12.1,12.12,9.63,13.63,13.36,13.14,11.33,114.55,115.22,129.1,128.35,89.2,32.99,32.97,35.17,27.74,89.77,89.77,90.24,90.72,110.29,89.02,92.03,98.46,90.64,90.72,87.94,87.23,90.99,89.38,87.19,88.84,90.47,90.62,87.68,87.26,86.07,85.28,85.29,87.73,86.98,88.8,87.1,83.86,84.58,162.29,84.8,84.4,83.37,84.78,86.09,84.65,85.24,86.57,84.63,105.35,108.53,26.72,14.8,27.92,18.54,16.63,12.83,11.86,9.69,12.4,15.59,10.27,10.83,24.32,25.88,10.99,11.53,12.41,23.99,16.3,25.07,8.59,24.08,12.97,9.43,12.09,12.54,11.96,11.96,8.74,9.12,14.27,29.32,11.66,11.76,29.13,6.9,5.7,0.0,11.16,9.8,12.13,25.01,10.27,8.98,10.71,9.21,12.33,17.19,15.28,15.27,12.05,14.03,11.12,15.2,16.61,16.04,16.26,15.46,12.48,14.38,15.2,15.62,14.16,13.97,13.27,19.51,14.49,15.31,13.68,13.86,15.86,9.61,13.19,13.47,16.16,36.1,28.06,27.99,35.98,31.14,18.71,37.4,28.14,33.84,9.1,78.69,76.65,69.17,82.16,63.73,10.77,11.73,10.6,9.57,10.76,44.75,45.07,25.07,22.27,26.12,39.78,34.4,31.3,23.86,34.43,31.12,23.61,27.05,23.7,34.3,29.97,35.28,25.67,33.59,34.97,24.01,21.79,34.02,27.37,38.75,19.56,24.29,29.95,26.31,30.34,19.68,31.38,26.21,12.93,13.47,12.97,12.77,11.61,7.31,13.38,47.83,41.38,39.5,38.99,40.45,39.3,40.47,39.87,39.37,91.25,85.38,85.38,83.13,83.08,79.84,59.46
119.43,62.66,8.25,9.65,9.21,7.1,8.38,10.97,10.55,8.45,9.06,10.86,10.88,8.39,12.38,12.12,11.9,9.93,116.95,117.62,131.51,116.03,118.08,20.68,20.66,22.86,13.74,77.46,77.46,77.93,78.41,97.97,76.71,79.72,86.15,78.33,78.41,75.62,74.92,78.67,77.07,74.87,76.53,78.15,78.31,75.37,74.95,73.75,72.97,72.98,75.42,74.67,76.49,74.79,71.55,72.26,164.69,72.49,72.09,71.06,72.46,73.78,72.34,72.93,74.26,72.32,93.04,96.22,29.43,23.39,30.63,23.59,21.14,2.31,3.66,3.95,1.75,4.35,2.94,7.68,10.33,11.89,7.84,4.73,1.76,10.0,6.36,11.07,6.63,11.77,5.93,7.48,2.96,9.72,9.14,9.14,5.15,6.72,21.11,34.08,1.66,1.76,40.34,5.76,5.82,11.21,0.0,10.66,3.63,11.02,3.66,5.43,7.19,7.15,9.66,14.53,7.75,5.28,4.72,7.95,6.2,7.39,6.61,6.04,6.74,5.47,5.15,7.37,7.39,5.63,7.04,6.86,6.83,9.52,7.37,8.19,6.56,6.74,8.34,3.75,7.11,6.37,9.03,34.55,23.37,23.29,33.31,27.85,16.04,33.55,21.43,30.56,6.7,75.4,73.37,65.88,78.87,60.44,9.52,9.1,9.28,10.42,11.61,41.08,41.4,15.08,12.27,16.12,27.01,20.41,17.3,13.86,20.43,17.13,13.62,17.05,13.7,20.3,15.98,21.29,11.68,19.6,20.97,14.01,11.79,20.02,13.37,25.92,9.56,14.29,19.95,12.32,16.34,9.69,17.39,16.22,5.59,6.14,5.64,5.43,6.59,5.79,6.04,44.54,27.39,25.51,25.0,26.46,25.31,26.48,25.88,25.38,78.94,73.06,73.07,70.82,70.77,67.53,61.87
114.84,58.07,2.11,4.98,1.96,5.04,2.85,1.55,2.92,2.39,4.39,3.23,3.25,3.64,4.75,4.49,4.27,5.34,112.36,113.03,126.92,122.59,83.21,27.23,27.22,29.42,21.75,84.02,84.02,84.49,84.96,104.53,83.27,86.28,92.71,84.88,84.96,82.18,81.48,85.23,83.63,81.43,83.09,84.71,84.86,81.92,81.51,80.31,79.53,79.54,81.97,81.23,83.04,81.35,78.11,78.82,160.1,79.05,78.65,77.62,79.02,80.34,78.89,79.48,80.82,78.88,99.6,102.78,24.84,11.27,26.04,12.37,9.92,11.12,6.19,5.62,8.97,9.6,10.33,4.84,18.34,19.89,5.0,5.87,8.98,18.0,10.31,19.08,2.75,18.32,6.98,3.5,6.43,6.55,5.97,5.97,6.28,3.46,20.73,35.56,9.74,9.84,35.37,11.49,11.55,10.04,9.38,0.0,6.47,19.03,6.2,5.08,5.04,3.55,16.27,21.13,18.14,13.36,11.32,14.56,12.81,16.59,16.12,15.25,15.95,16.03,11.75,14.26,16.59,15.01,13.92,13.75,13.79,18.54,14.26,15.08,13.45,13.62,18.73,11.01,13.71,13.26,15.92,42.55,29.97,29.9,41.31,34.46,22.65,41.55,28.03,43.89,3.43,89.48,87.45,79.97,92.96,74.52,4.78,5.74,4.61,0.38,0.97,47.69,48.01,24.18,21.7,25.05,35.02,28.42,25.31,23.22,28.44,25.13,22.98,26.41,22.55,28.31,23.98,29.29,19.68,27.61,28.98,22.87,21.22,28.03,21.38,33.93,18.45,23.65,29.31,20.33,24.35,18.57,25.39,25.58,12.2,12.74,12.24,12.04,13.19,11.52,12.65,58.62,35.39,33.51,33.0,34.46,33.32,34.49,33.88,33.39,85.5,79.62,79.63,77.38,77.33,74.09,57.28
115.66,58.89,4.48,5.88,5.44,3.33,4.61,7.2,6.78,4.68,5.29,7.09,7.11,4.62,8.61,8.35,8.13,6.17,113.18,113.85,127.74,117.74,80.54,22.38,22.36,24.56,16.89,79.16,79.16,79.63,80.11,99.68,78.41,81.42,87.85,80.03,80.11,77.33,76.62,80.38,78.77,76.58,78.23,79.86,80.01,77.07,76.65,75.46,74.67,74.68,77.12,76.37,78.19,76.49,73.26,73.97,160.93,74.19,73.79,72.76,74.17,75.48,74.04,74.63,75.96,74.02,94.74,97.92,25.66,19.63,26.86,19.82,17.37,5.1,0.88,2.53,2.63,4.18,4.84,3.91,13.48,15.04,4.07,1.14,2.63,13.15,5.37,14.22,3.54,13.47,2.04,4.39,1.12,5.83,5.25,5.25,3.19,3.64,20.84,43.44,4.53,4.63,43.25,7.02,7.09,11.42,3.63,6.11,0.0,14.17,2.12,3.47,3.42,4.06,11.57,16.43,10.62,8.15,6.62,9.86,8.11,10.25,9.48,8.91,9.61,8.33,7.05,10.24,10.25,8.49,9.9,9.73,9.7,13.68,10.24,11.06,9.43,9.6,11.2,6.74,9.01,9.24,11.9,37.69,25.27,25.2,36.46,29.76,17.94,36.7,23.33,39.04,3.61,77.31,75.27,67.79,80.78,62.34,5.75,5.21,5.51,5.87,7.06,42.99,43.3,19.33,16.85,20.19,30.16,23.56,20.45,18.37,23.58,20.28,18.12,21.56,17.69,23.45,19.13,24.43,14.82,22.75,24.12,18.01,16.36,23.17,16.52,29.07,13.59,18.8,24.46,15.47,19.49,13.72,20.54,20.72,7.5,8.04,7.54,7.34,8.49,7.06,7.95,46.45,30.54,28.66,28.15,29.6,28.46,29.63,29.03,28.53,80.64,74.77,74.77,72.52,72.47,69.23,58.1
127.81,71.04,16.63,18.03,17.59,15.48,16.76,19.35,18.93,16.83,17.44,19.24,19.26,16.77,20.76,20.5,20.28,18.32,125.33,126.01,121.57,110.58,112.63,15.22,15.21,17.41,6.81,72.01,72.01,72.48,72.95,92.52,71.26,74.27,80.7,72.87,72.95,70.17,69.46,73.22,71.62,69.42,71.08,72.7,72.85,69.91,69.5,68.3,67.52,67.53,69.96,69.22,71.03,69.34,66.1,66.81,173.08,67.04,66.64,65.61,67.01,68.33,66.88,67.47,68.81,66.87,87.59,90.77,37.81,31.78,39.01,31.97,29.52,10.7,14.07,15.18,12.0,11.86,12.39,16.06,1.68,2.05,16.22,13.79,12.0,1.35,15.04,0.05,16.82,6.33,14.31,17.67,13.72,18.1,17.52,17.52,15.84,16.92,25.75,43.58,9.58,9.69,46.44,15.72,15.79,21.18,11.79,19.04,13.8,0.0,14.41,16.12,15.58,17.34,13.83,17.41,8.65,7.28,11.5,12.42,12.41,7.11,7.98,6.22,6.46,6.55,11.64,11.73,7.11,6.34,10.17,11.22,11.48,6.24,9.19,9.32,10.2,9.76,9.24,12.19,12.57,10.93,10.1,27.62,26.25,26.18,26.38,30.42,18.93,26.62,24.31,28.96,16.89,74.55,72.51,65.03,78.02,59.59,17.91,17.48,17.66,18.8,19.99,43.97,44.29,9.25,6.77,10.12,20.08,13.48,10.37,8.29,13.5,10.2,8.05,11.48,7.62,13.37,9.05,14.36,4.74,12.67,14.04,7.93,6.29,13.09,2.66,18.99,7.58,8.72,14.38,5.39,9.41,6.26,10.46,10.64,11.8,12.35,11.85,11.64,12.8,15.76,12.25,43.69,20.46,18.58,18.07,19.52,18.38,19.55,18.95,18.45,73.49,67.61,67.62,65.37,65.32,62.08,70.25
116.84,60.07,5.23,7.17,6.2,4.51,5.03,7.54,7.99,5.43,6.57,8.29,8.32,5.83,9.82,9.56,9.34,7.35,114.37,115.04,128.92,118.29,82.48,22.93,22.92,25.12,15.92,79.71,79.71,80.19,80.66,100.23,78.97,81.98,88.4,80.58,80.66,77.88,77.17,80.93,79.32,77.13,78.78,80.41,80.56,77.62,77.2,76.01,75.22,75.23,77.67,76.92,78.74,77.04,73.81,74.52,162.11,74.75,74.35,73.32,74.72,76.03,74.59,75.18,76.51,74.58,95.3,98.47,26.84,15.96,28.04,18.36,15.91,5.12,1.34,0.8,2.65,5.2,3.64,5.09,12.51,14.07,5.25,2.71,2.65,12.18,7.31,13.25,3.44,14.02,3.98,4.28,1.77,7.87,7.28,7.28,2.01,3.1,19.4,39.53,3.84,3.94,39.34,5.58,5.65,10.21,3.28,6.0,3.31,13.2,0.0,2.29,4.6,3.65,10.37,15.23,8.65,7.46,5.42,8.66,6.91,9.56,8.79,8.22,8.92,7.65,5.85,8.35,9.56,7.8,8.02,7.84,7.89,11.7,8.35,9.17,7.55,7.72,9.23,5.1,7.81,7.36,10.02,33.52,24.07,24.0,35.49,28.55,16.74,35.73,22.13,31.26,3.08,76.1,74.07,66.59,79.58,61.14,6.96,7.25,6.8,5.76,6.95,41.79,42.1,17.26,14.45,18.3,29.19,22.59,19.48,16.04,22.61,19.31,15.8,19.23,15.88,22.48,18.16,23.46,13.85,21.78,23.15,16.19,13.97,22.2,15.55,28.1,11.74,16.47,22.13,14.5,18.52,11.87,19.57,18.4,6.3,6.84,6.34,6.14,7.29,5.62,6.75,45.24,29.57,27.69,27.18,28.63,27.49,28.66,28.06,27.56,81.19,75.32,75.32,73.08,73.03,69.78,59.28
115.73,58.96,4.12,6.05,5.08,3.4,3.92,6.42,6.87,4.32,5.46,7.18,7.2,4.71,8.71,8.44,8.22,6.23,113.25,113.92,127.81,119.99,82.79,24.63,24.62,26.82,19.15,81.42,81.42,81.89,82.37,101.93,80.67,83.68,90.11,82.29,82.36,79.58,78.88,82.63,81.03,78.83,80.49,82.11,82.27,79.32,78.91,77.71,76.93,76.94,79.38,78.63,80.44,78.75,75.51,76.22,160.99,76.45,76.05,75.02,76.42,77.74,76.3,76.89,78.22,76.28,97.0,100.18,25.72,14.85,26.93,17.24,14.79,6.89,2.2,1.72,4.42,7.0,6.02,3.98,15.74,17.29,4.13,3.02,4.42,15.41,7.62,16.48,2.32,15.73,4.29,3.17,3.58,6.75,6.17,6.17,1.29,1.99,23.26,38.31,5.84,5.94,38.12,7.59,7.65,8.99,5.29,4.88,3.62,16.43,2.3,0.0,3.49,2.53,12.37,17.23,10.65,9.46,7.43,10.66,8.91,11.57,10.79,10.22,10.93,9.65,7.86,10.36,11.57,9.81,10.02,9.85,9.89,13.7,10.36,11.18,9.55,9.72,11.24,7.11,9.81,9.36,12.02,39.95,26.07,26.0,38.72,30.56,18.75,38.96,24.13,33.27,1.96,78.11,76.07,68.59,81.58,63.15,5.85,6.13,5.68,4.65,5.84,43.79,44.11,21.58,19.1,22.45,32.42,25.82,22.71,20.63,25.84,22.53,20.38,23.82,19.95,25.71,21.38,26.69,17.08,25.01,26.38,20.27,18.62,25.43,18.78,31.33,13.75,21.06,26.72,17.73,21.75,13.87,22.79,22.98,8.3,8.85,8.35,8.14,9.29,7.62,8.75,47.25,32.8,30.91,30.41,31.86,30.72,31.89,31.28,30.79,82.9,77.02,77.03,74.78,74.73,71.49,58.17
113.3,56.53,2.12,3.52,3.08,0.97,2.25,4.84,4.42,2.32,2.93,4.73,4.75,2.26,6.25,5.99,5.77,3.81,110.83,111.5,125.38,119.11,80.8,23.75,23.74,25.94,18.27,80.54,80.54,81.01,81.48,101.05,79.79,82.8,89.22,81.4,81.48,78.7,77.99,81.75,80.15,77.95,79.61,81.23,81.38,78.44,78.03,76.83,76.05,76.06,78.49,77.75,79.56,77.87,74.63,75.34,158.57,75.57,75.17,74.14,75.54,76.85,75.41,76.0,77.34,75.4,96.12,99.3,23.3,17.27,24.5,17.46,15.01,7.64,3.99,4.06,5.49,6.12,8.77,1.36,14.85,16.41,1.52,3.67,5.5,14.52,6.03,15.6,2.34,14.84,3.49,3.18,4.23,4.14,3.55,3.55,4.72,2.43,24.48,41.08,8.15,8.26,40.89,9.92,9.99,10.21,7.19,4.53,3.94,15.55,4.64,3.51,0.0,2.86,14.71,19.57,14.66,11.77,9.76,13.0,11.25,13.11,12.64,11.77,12.47,12.55,10.19,13.86,13.11,11.53,13.53,13.35,13.33,15.06,13.87,15.33,13.06,13.23,15.24,9.44,12.15,12.87,16.11,39.07,28.41,28.34,37.83,32.89,21.08,38.07,26.47,40.41,2.4,86.0,83.97,76.49,89.48,71.04,3.39,3.52,3.15,4.29,5.48,46.13,46.44,20.7,18.22,21.57,31.54,24.93,21.83,19.74,24.96,21.65,19.5,22.93,19.07,24.83,20.5,25.81,16.2,24.12,25.5,19.38,17.74,24.55,17.9,30.45,14.97,20.17,25.83,16.84,20.87,15.09,21.91,22.1,10.64,11.18,10.68,10.48,11.63,9.96,11.09,55.14,31.91,30.03,29.52,30.98,29.83,31.0,30.4,29.9,82.01,76.14,76.15,73.9,73.85,70.61,55.74
114.38,57.62,2.59,4.53,3.56,3.32,2.39,4.9,5.35,2.8,3.93,5.66,5.68,3.19,7.18,6.92,6.7,4.89,111.91,112.58,126.46,120.71,83.51,25.35,25.34,27.54,19.87,82.14,82.14,82.61,83.08,102.65,81.39,84.4,90.83,83.0,83.08,80.3,79.59,83.35,81.75,79.55,81.21,82.83,82.98,80.04,79.63,78.43,77.65,77.66,80.09,79.35,81.16,79.47,76.23,76.94,159.65,77.17,76.77,75.74,77.14,78.46,77.01,77.6,78.94,77.0,97.72,100.9,24.38,13.32,25.58,15.72,13.27,8.72,4.06,3.08,6.25,7.72,7.79,3.49,16.46,18.01,3.64,3.74,6.26,16.12,8.34,17.2,0.8,16.44,5.01,1.64,4.3,6.26,5.68,5.68,3.74,0.92,22.94,37.99,7.2,7.3,37.8,8.94,9.01,8.67,7.25,3.36,4.34,17.15,3.65,2.53,2.91,0.0,13.73,18.59,12.0,10.82,8.78,12.01,10.27,12.92,12.15,11.58,12.28,11.0,9.21,11.71,12.92,11.16,11.38,11.2,11.25,15.06,11.71,12.53,10.9,11.08,12.59,8.46,11.17,10.71,13.38,40.67,27.43,27.35,39.43,31.91,20.1,39.67,25.49,34.62,0.89,79.46,77.43,69.95,82.94,64.5,4.32,5.29,4.16,3.13,4.31,45.15,45.46,22.3,19.82,23.17,33.14,26.54,23.43,21.34,26.56,23.25,21.1,24.53,20.67,26.43,22.1,27.41,17.8,25.73,27.1,20.98,19.34,26.15,19.5,32.05,15.1,21.77,27.43,18.45,22.47,15.22,23.51,23.7,9.65,10.2,9.7,9.5,10.65,8.98,10.11,48.6,33.51,31.63,31.12,32.58,31.44,32.61,32.0,31.51,83.62,77.74,77.75,75.5,75.45,72.21,56.82
128.95,72.18,17.76,19.17,18.73,16.62,17.89,20.48,20.07,17.96,18.58,20.37,20.4,17.9,21.9,21.63,21.42,19.45,126.47,127.14,130.86,119.87,121.92,24.51,24.5,26.7,16.34,81.3,81.3,81.77,82.24,101.81,80.55,83.56,89.99,82.16,82.24,79.46,78.75,82.51,80.91,78.71,80.37,81.99,82.14,79.2,78.79,77.59,76.81,76.82,79.25,78.51,80.32,78.63,75.39,76.1,174.21,76.33,75.93,74.9,76.3,77.62,76.17,76.76,78.1,76.16,96.88,100.06,38.94,32.91,40.15,33.11,30.66,11.83,12.24,11.68,10.37,12.99,7.94,17.2,12.93,14.48,17.35,14.92,10.37,12.6,16.18,13.67,14.31,15.6,15.44,15.15,11.53,19.23,18.65,18.65,11.78,13.97,14.54,31.03,8.95,9.05,33.89,7.75,7.82,12.45,9.77,16.87,12.2,13.62,11.16,13.16,16.71,14.52,0.0,4.86,8.84,9.53,5.58,3.0,5.4,7.29,10.99,8.84,8.35,8.38,5.18,3.34,7.29,9.35,5.36,4.03,3.93,11.79,5.56,5.69,4.89,5.06,9.42,6.24,3.05,4.03,5.09,23.15,13.7,13.63,23.02,18.19,6.38,24.44,11.76,20.89,13.95,65.74,63.7,56.22,69.21,50.78,19.04,18.61,18.8,16.64,17.82,31.42,31.74,18.78,15.25,19.64,26.83,23.01,19.9,17.82,23.03,19.72,17.57,21.01,17.14,22.9,18.58,23.88,14.27,22.2,23.57,17.46,14.76,22.62,15.97,25.8,12.54,18.25,23.91,14.92,18.94,12.66,19.98,20.17,4.24,4.56,4.84,4.63,5.01,7.74,4.87,34.88,29.99,28.1,27.6,29.05,27.91,29.08,28.48,27.98,82.78,76.9,76.91,74.66,74.61,71.37,71.38
133.98,77.21,22.8,24.2,23.76,21.65,22.93,25.52,25.1,23.0,23.61,25.41,25.43,22.94,26.93,26.67,26.45,24.49,131.5,132.17,135.9,124.91,126.95,29.55,29.53,31.73,20.26,86.33,86.33,86.81,87.28,106.85,85.58,88.59,95.02,87.2,87.28,84.5,83.79,87.55,85.94,83.75,85.4,87.03,87.18,84.24,83.82,82.63,81.84,81.85,84.29,83.54,85.36,83.66,80.43,81.14,179.25,81.37,80.96,79.93,81.34,82.65,81.21,81.8,83.13,81.19,101.91,105.09,43.98,37.95,45.18,38.14,35.69,16.87,17.28,16.71,15.4,18.03,12.97,22.23,16.85,18.41,22.39,19.96,15.41,16.52,21.21,17.59,19.34,20.64,20.48,20.19,16.57,24.27,23.69,23.69,16.82,19.01,18.45,26.77,13.99,14.09,29.63,12.79,12.85,17.49,14.81,21.91,17.24,17.54,16.2,18.2,21.75,19.55,5.44,0.0,12.76,13.04,10.62,8.03,10.44,11.21,14.91,12.76,12.27,12.3,10.21,8.38,11.21,13.27,10.46,9.07,8.97,15.71,9.48,9.62,10.49,10.06,13.35,11.28,8.08,9.06,9.01,18.88,9.44,9.36,18.76,13.92,2.11,20.18,7.5,16.63,18.98,61.47,59.44,51.95,64.94,46.51,24.07,23.65,23.83,21.67,22.86,27.16,27.47,22.7,19.17,23.57,22.56,26.93,23.82,21.74,26.48,23.65,21.49,24.93,21.07,26.82,22.5,27.8,18.19,26.12,27.65,21.38,18.69,26.54,19.89,21.53,16.46,22.17,30.61,18.84,22.86,16.58,23.91,24.09,9.27,9.6,9.87,9.67,10.04,12.77,9.91,30.61,33.91,32.03,31.52,32.97,31.83,33.0,32.4,31.9,87.81,81.94,81.94,79.69,79.64,76.4,76.42
127.21,70.44,16.02,17.43,16.99,14.88,16.15,18.75,18.33,16.23,16.84,18.63,18.66,16.17,20.16,19.9,19.68,17.71,124.73,125.4,127.79,116.8,118.85,21.44,21.43,23.63,11.55,78.23,78.23,78.7,79.17,98.74,77.48,80.49,86.92,79.09,79.17,76.39,75.68,79.44,77.84,75.64,77.3,78.92,79.07,76.13,75.72,74.52,73.74,73.75,76.18,75.44,77.25,75.56,72.32,73.03,172.47,73.26,72.86,71.83,73.23,74.55,73.1,73.69,75.03,73.09,93.81,96.99,37.2,31.17,38.41,31.37,28.92,10.09,10.88,10.1,8.96,11.13,6.36,15.46,8.14,9.69,15.62,13.19,8.97,7.8,14.44,8.88,12.73,12.55,13.71,13.58,10.17,17.5,16.91,16.91,10.21,12.4,17.32,35.16,6.39,6.49,38.02,10.13,10.19,15.1,8.06,18.44,10.84,8.83,9.58,11.59,14.97,12.94,5.41,8.99,0.0,4.32,4.0,4.0,3.99,2.5,6.2,4.05,3.55,3.59,3.22,3.31,2.5,4.56,1.75,2.8,3.05,5.74,0.76,0.9,1.78,1.34,0.59,4.66,4.15,2.51,1.68,27.28,17.83,17.76,27.15,22.32,10.5,28.57,15.89,25.02,12.37,69.87,67.83,60.35,73.34,54.9,17.3,16.88,17.06,18.2,19.39,35.55,35.86,13.98,10.45,14.85,24.82,18.21,15.11,13.02,18.24,14.93,12.78,16.21,12.35,18.11,13.78,19.09,9.48,17.4,18.78,12.66,9.97,17.83,11.18,23.73,7.74,13.45,19.11,10.12,14.15,7.87,15.19,15.38,3.38,3.93,3.43,3.22,4.37,10.16,3.83,39.01,25.19,23.31,22.8,24.26,23.12,24.29,23.68,23.19,79.71,73.83,73.84,71.59,71.54,68.3,69.65
123.62,66.86,12.44,13.85,13.41,11.3,12.57,15.16,14.74,12.64,13.25,15.05,15.08,12.58,16.58,16.31,16.1,14.13,121.15,121.82,125.98,114.99,117.04,19.63,19.62,21.82,9.73,76.41,76.41,76.89,77.36,96.93,75.67,78.68,85.1,77.28,77.36,74.58,73.87,77.63,76.02,73.83,75.49,77.11,77.26,74.32,73.9,72.71,71.93,71.94,74.37,73.62,75.44,73.74,70.51,71.22,168.89,71.45,71.05,70.02,71.42,72.73,71.29,71.88,73.22,71.28,92.0,95.18,33.62,27.59,34.82,27.78,25.33,6.51,8.23,8.0,6.32,7.58,5.34,11.87,6.32,7.88,12.03,9.6,6.32,5.99,10.85,7.06,10.63,10.74,10.12,11.48,7.52,13.91,13.33,13.33,9.2,10.3,20.35,38.86,3.74,3.85,41.72,9.88,9.95,15.33,5.41,14.85,8.19,7.01,7.49,9.49,11.39,10.84,9.4,12.69,3.93,0.0,5.16,7.28,6.65,2.39,5.28,2.23,1.74,0.73,5.59,6.61,2.39,4.3,6.27,6.1,6.07,5.18,4.47,4.6,5.8,5.97,4.52,5.35,7.55,5.61,5.38,30.54,21.53,21.46,29.3,26.02,14.21,29.54,19.59,28.72,10.27,73.57,71.53,64.05,77.04,58.61,13.72,13.29,13.48,14.62,15.81,39.25,39.56,12.17,8.64,13.04,23.01,16.4,13.3,11.21,16.42,13.12,10.97,14.4,10.54,16.29,11.97,17.28,7.67,15.59,16.96,10.85,8.16,16.02,9.36,21.91,5.93,11.64,17.3,8.31,12.33,6.06,13.38,13.57,6.03,6.58,6.08,5.87,7.03,9.92,6.49,42.71,23.38,21.5,20.99,22.45,21.3,22.47,21.87,21.37,77.89,72.02,72.02,69.78,69.73,66.48,66.06
123.46,66.69,12.27,13.68,13.24,11.13,12.4,13.3,14.58,12.47,13.09,14.88,14.91,12.41,16.41,16.14,15.93,13.96,120.98,121.65,128.8,117.81,119.85,22.45,22.44,24.64,13.96,79.23,79.23,79.71,80.18,99.75,78.49,81.5,87.92,80.1,80.18,77.4,76.69,80.45,78.84,76.65,78.3,79.93,80.08,77.14,76.72,75.53,74.75,74.75,77.19,76.44,78.26,76.56,73.33,74.04,168.72,74.27,73.87,72.84,74.24,75.55,74.11,74.7,76.03,74.1,94.82,97.99,33.45,21.99,34.66,27.62,25.17,6.34,7.13,6.57,5.26,7.68,2.83,11.71,10.55,12.11,11.86,8.19,5.26,10.22,10.39,11.29,9.2,13.54,9.95,10.04,6.43,13.74,13.16,13.16,6.68,8.87,17.15,36.45,3.84,3.95,39.31,6.6,6.66,12.05,4.66,11.76,7.1,11.24,6.05,8.06,11.22,9.41,5.42,10.28,4.99,5.12,0.0,3.71,1.96,4.91,7.52,6.46,5.97,5.1,0.9,3.4,4.91,6.53,3.07,2.89,2.94,8.93,3.4,4.22,2.6,2.77,5.57,0.89,2.86,2.41,5.07,28.57,19.12,19.05,28.44,23.61,11.79,29.86,17.18,26.31,8.84,71.16,69.12,61.64,74.63,56.19,13.55,13.12,13.31,11.53,12.72,36.84,37.15,15.99,13.18,17.27,27.23,20.63,17.52,14.77,20.65,17.35,14.53,17.96,14.61,20.52,16.2,21.5,11.89,19.82,21.19,14.92,12.7,20.24,13.59,26.14,10.47,15.2,20.86,12.54,16.56,10.6,17.61,17.12,1.35,1.89,1.39,1.19,2.34,6.63,1.8,40.3,27.61,25.73,25.22,26.67,25.53,26.7,26.1,25.6,80.71,74.84,74.84,72.6,72.55,69.3,65.89
126.85,70.08,15.67,17.07,16.63,14.52,15.8,18.39,17.97,15.87,16.48,18.28,18.3,15.81,19.8,19.54,19.32,17.36,124.37,125.04,128.77,117.78,119.82,22.42,22.4,24.6,14.58,79.2,79.2,79.67,80.15,99.72,78.45,81.46,87.89,80.07,80.15,77.37,76.66,80.42,78.81,76.62,78.27,79.9,80.05,77.11,76.69,75.5,74.71,74.72,77.16,76.41,78.23,76.53,73.3,74.01,172.12,74.23,73.83,72.8,74.21,75.52,74.08,74.67,76.0,74.06,94.78,97.96,36.85,30.82,38.05,31.01,28.56,9.74,10.78,10.22,8.91,10.89,6.48,15.1,11.17,12.73,15.26,12.83,8.91,10.84,14.08,11.91,12.85,13.51,13.35,13.69,10.08,17.14,16.56,16.56,10.33,12.52,16.68,34.18,6.67,6.77,37.04,9.76,9.82,14.46,8.31,18.08,10.75,11.86,9.7,11.7,14.61,13.06,2.96,8.01,7.08,7.44,4.12,0.0,3.94,5.53,9.23,7.08,6.59,6.62,3.72,1.42,5.53,7.59,3.26,1.94,2.22,10.03,3.8,3.94,2.79,2.96,7.66,4.78,1.59,1.93,3.33,26.3,16.85,16.78,26.17,21.33,9.52,27.59,14.91,24.04,12.49,68.88,66.85,59.37,72.36,53.92,16.94,16.52,16.7,17.84,19.03,34.57,34.88,17.02,13.49,17.88,29.98,21.25,18.14,16.06,21.27,17.97,15.81,19.25,15.39,21.14,16.82,22.12,12.51,20.44,21.81,15.7,13.01,20.86,14.21,28.95,10.78,16.49,22.15,13.16,17.18,10.9,18.23,18.41,2.78,3.1,3.38,3.17,3.55,9.75,3.41,38.03,28.23,26.35,25.84,27.29,26.15,27.32,26.72,26.22,80.68,74.81,74.81,72.56,72.51,69.27,69.29
124.94,68.17,13.76,15.16,14.72,12.61,13.89,14.79,16.06,13.96,14.57,16.37,16.39,13.9,17.89,17.63,17.41,15.45,122.46,123.14,128.79,117.8,119.84,22.44,22.43,24.63,14.86,79.22,79.22,79.7,80.17,99.74,78.48,81.49,87.91,80.09,80.17,77.39,76.68,80.44,78.83,76.64,78.29,79.92,80.07,77.13,76.71,75.52,74.73,74.74,77.18,76.43,78.25,76.55,73.32,74.03,170.21,74.26,73.86,72.83,74.23,75.54,74.1,74.69,76.02,74.09,94.81,97.98,34.94,23.48,36.14,29.1,26.65,7.82,8.62,8.05,6.74,9.16,4.32,13.19,11.45,13.01,13.35,9.68,6.75,11.12,11.88,12.19,10.69,13.53,11.44,11.53,7.91,15.23,14.65,14.65,8.16,10.35,15.16,36.27,5.33,5.43,39.13,5.71,5.78,11.17,6.15,13.25,8.58,12.14,7.54,9.54,12.71,10.9,5.24,10.1,5.55,6.61,1.96,3.53,0.0,5.81,9.01,7.36,6.87,6.58,1.56,3.87,5.81,8.02,3.06,2.88,2.76,9.49,3.39,4.21,2.59,2.76,6.13,1.51,2.68,2.4,5.06,28.39,18.94,18.87,28.26,23.43,11.62,29.68,17.0,26.13,10.32,70.98,68.94,61.46,74.45,56.02,15.04,14.61,14.79,13.01,14.2,36.66,36.97,17.3,13.77,18.16,28.13,21.53,18.42,16.34,21.55,18.25,16.09,19.53,15.66,21.42,17.1,22.4,12.79,20.72,22.09,15.98,13.28,21.14,14.49,27.04,11.06,16.77,22.43,13.44,17.46,11.18,18.5,18.69,1.17,1.51,1.14,0.94,1.95,5.75,0.64,40.12,28.51,26.62,26.12,27.57,26.43,27.6,27.0,26.5,80.7,74.83,74.83,72.59,72.54,69.29,67.38
126.92,70.15,15.73,17.14,16.7,14.59,15.86,18.46,18.04,15.94,16.55,18.34,18.37,15.88,19.87,19.61,19.39,17.42,124.44,125.11,127.5,116.51,118.56,21.15,21.14,23.34,11.25,77.94,77.94,78.41,78.88,98.45,77.19,80.2,86.62,78.8,78.88,76.1,75.39,79.15,77.55,75.35,77.01,78.63,78.78,75.84,75.43,74.23,73.45,73.46,75.89,75.15,76.96,75.26,72.03,72.74,172.18,72.97,72.57,71.54,72.94,74.25,72.81,73.4,74.74,72.8,93.52,96.7,36.91,30.88,38.12,31.08,28.63,9.8,10.23,9.33,8.31,9.58,5.59,15.17,7.84,9.4,15.33,12.89,8.32,7.51,14.15,8.59,11.96,12.26,13.41,12.81,9.52,17.21,16.62,16.62,9.44,11.63,18.67,36.51,5.74,5.84,39.37,9.36,9.42,14.81,7.4,18.14,10.19,8.53,8.82,10.82,14.68,12.17,6.75,10.34,1.58,4.86,4.43,5.35,5.34,0.0,5.91,3.76,3.26,3.3,4.56,4.65,0.0,4.27,3.09,4.14,4.4,5.45,2.11,2.24,3.12,2.69,2.16,4.62,5.5,3.86,3.03,28.62,19.18,19.1,30.82,23.66,11.85,31.06,17.24,26.37,11.6,71.21,69.18,61.69,74.68,56.25,17.01,16.59,16.77,17.91,19.1,36.89,37.21,13.69,10.16,14.56,24.53,17.92,14.82,12.73,17.95,14.64,12.49,15.92,12.06,17.81,13.49,18.8,9.19,17.11,18.49,12.37,9.68,17.54,10.89,23.44,7.45,13.16,18.82,9.83,13.85,7.58,14.9,15.09,4.73,5.27,4.77,4.57,5.72,9.4,5.18,40.35,24.9,23.02,22.51,23.97,22.82,23.99,23.39,22.89,79.41,73.54,73.55,71.3,71.25,68.01,69.35
124.79,68.03,13.61,15.02,14.58,12.47,13.74,16.33,15.91,13.81,14.42,16.22,16.25,13.75,17.75,17.48,17.26,15.3,122.32,122.99,127.23,116.24,118.29,20.88,20.87,23.07,10.98,77.66,77.66,78.14,78.61,98.18,76.92,79.93,86.35,78.53,78.61,75.83,75.12,78.88,77.28,75.08,76.74,78.36,78.51,75.57,75.15,73.96,73.18,73.19,75.62,74.87,76.69,74.99,71.76,72.47,170.06,72.7,72.3,71.27,72.67,73.98,72.54,73.13,74.47,72.53,93.25,96.43,34.79,28.76,35.99,28.95,26.5,7.68,8.82,8.59,6.9,8.17,7.14,13.04,7.57,9.13,13.2,10.77,6.91,7.24,12.03,8.32,11.22,8.75,11.29,12.07,8.11,15.08,14.5,14.5,9.79,10.89,22.48,41.11,4.33,4.43,43.97,10.47,10.53,15.92,6.0,16.02,8.78,8.26,8.07,10.08,12.56,11.43,11.35,14.93,6.17,4.48,7.02,9.94,8.5,4.63,0.0,3.28,3.99,4.07,7.45,8.74,4.63,2.87,7.69,8.23,8.2,6.76,6.71,6.84,7.72,7.29,6.76,6.94,9.41,7.74,7.63,31.79,23.77,23.7,30.55,28.26,16.45,30.79,21.83,33.13,10.86,75.81,73.77,66.29,79.28,60.85,14.89,14.46,14.65,15.79,16.98,41.49,41.81,12.32,9.52,13.36,24.26,17.65,14.55,11.1,17.67,14.37,10.86,14.29,10.94,17.54,13.22,18.53,8.92,16.84,18.22,11.26,9.03,17.27,10.61,23.16,6.81,11.53,17.19,9.56,13.58,6.93,14.63,13.46,7.89,8.44,7.94,7.73,8.88,10.5,8.34,44.95,24.63,22.75,22.24,23.7,22.55,23.72,23.12,22.62,79.14,73.27,73.27,71.03,70.98,67.73,67.23
123.89,67.13,12.71,14.12,13.68,11.57,12.84,15.43,15.01,12.91,13.52,15.32,15.35,12.85,16.85,16.58,16.36,14.4,121.42,122.09,124.89,113.89,115.94,18.54,18.52,20.72,8.64,75.32,75.32,75.79,76.27,95.83,74.57,77.58,84.01,76.19,76.27,73.48,72.78,76.53,74.93,72.73,74.39,76.01,76.17,73.22,72.81,71.61,70.83,70.84,73.28,72.53,74.35,72.65,69.41,70.12,169.16,70.35,69.95,68.92,70.32,71.64,70.2,70.79,72.12,70.18,90.9,94.08,33.89,27.86,35.09,28.05,25.6,6.78,10.15,8.72,8.08,7.94,7.27,12.14,5.23,6.78,12.3,9.87,8.08,4.9,11.13,5.97,12.91,9.65,10.39,13.75,8.24,14.18,13.6,13.6,11.92,13.0,20.72,38.56,4.46,4.57,41.42,10.6,10.67,16.05,6.13,15.12,9.89,5.92,8.2,12.2,11.66,13.42,8.8,12.39,3.62,2.25,6.47,7.39,7.39,2.08,2.88,0.0,1.44,1.52,6.61,6.7,2.08,1.24,5.14,6.19,6.45,4.08,4.16,4.29,5.17,4.74,4.21,7.07,7.54,5.91,5.08,29.44,21.22,21.15,28.21,25.71,13.9,28.45,19.29,30.78,12.97,73.26,71.22,63.74,76.73,58.3,13.99,13.56,13.75,14.89,16.08,38.94,39.26,11.07,7.73,11.94,21.91,15.31,12.2,10.12,15.33,12.02,9.87,13.31,9.44,15.2,10.87,16.18,6.57,14.5,15.87,9.76,7.25,14.92,8.27,20.82,5.02,10.55,16.21,7.22,11.24,5.15,12.28,12.47,6.77,7.32,6.82,6.62,7.77,10.64,7.23,42.4,22.29,20.4,19.9,21.35,20.21,21.38,20.77,20.28,76.8,70.92,70.93,68.68,68.63,65.39,66.33
125.42,68.65,14.23,15.64,15.2,13.09,14.36,16.95,16.53,14.43,15.04,16.84,16.87,14.37,18.37,18.1,17.89,15.92,122.94,123.61,126.0,115.01,117.05,19.65,19.63,21.84,9.75,76.43,76.43,76.91,77.38,96.95,75.69,78.7,85.12,77.3,77.38,74.6,73.89,77.65,76.04,73.85,75.5,77.13,77.28,74.34,73.92,72.73,71.94,71.95,74.39,73.64,75.46,73.76,70.53,71.24,170.68,71.47,71.07,70.04,71.44,72.75,71.31,71.9,73.23,71.3,92.02,95.19,35.41,29.38,36.61,29.58,27.13,8.3,11.67,10.24,9.6,9.46,6.22,13.67,6.34,7.9,13.82,11.39,9.61,6.01,12.65,7.08,14.43,10.76,11.91,15.27,9.76,15.7,15.12,15.12,10.07,14.52,19.29,37.13,5.98,6.09,39.99,9.98,10.05,15.44,7.65,16.64,11.41,7.03,9.73,13.73,13.18,14.95,7.38,10.96,2.2,2.53,5.05,5.97,5.96,0.65,4.4,2.25,0.0,1.8,5.19,5.28,0.65,2.76,3.72,4.77,5.02,5.2,2.73,2.87,3.75,3.31,2.79,5.24,6.12,4.48,3.65,30.56,19.8,19.73,29.32,24.28,12.47,29.56,17.86,26.99,14.49,71.83,69.8,62.32,75.31,56.87,15.51,15.08,15.27,16.41,17.6,37.52,37.83,12.19,8.66,13.06,23.02,16.42,13.31,11.23,16.44,13.14,10.99,14.42,10.56,16.31,11.99,17.3,7.69,15.61,16.98,10.87,8.18,16.03,9.38,21.93,5.95,11.66,17.32,8.33,12.35,6.07,13.4,13.58,5.35,5.9,5.4,5.19,6.34,10.02,5.8,40.98,23.4,21.52,21.01,22.46,21.32,22.49,21.89,21.39,77.91,72.04,72.04,69.79,69.74,66.5,67.85
124.66,67.89,13.48,14.89,14.45,12.34,13.61,16.2,15.78,13.68,14.29,16.09,16.11,13.62,17.62,17.35,17.13,15.17,122.19,122.86,125.25,114.26,116.3,18.9,18.88,21.08,9.0,75.68,75.68,76.16,76.63,96.2,74.93,77.94,84.37,76.55,76.63,73.85,73.14,76.9,75.29,73.1,74.75,76.38,76.53,73.59,73.17,71.98,71.19,71.2,73.64,72.89,74.71,73.01,69.78,70.49,169.93,70.72,70.31,69.28,70.69,72.0,70.56,71.15,72.48,70.54,91.26,94.44,34.66,28.63,35.86,28.82,26.37,7.55,8.41,8.18,6.49,7.76,5.0,12.91,5.59,7.15,13.07,10.64,6.5,5.26,11.9,6.33,10.81,10.01,11.16,11.65,7.7,14.95,14.37,14.37,9.38,10.48,20.29,38.13,3.92,4.02,40.99,10.06,10.12,15.51,5.58,15.89,8.37,6.28,7.66,9.67,12.43,11.02,8.38,11.96,3.2,0.73,5.11,6.97,6.96,1.65,3.65,1.5,1.01,0.0,6.18,6.27,1.65,2.01,4.72,5.76,6.02,4.45,3.73,3.87,4.74,4.31,3.78,5.3,7.12,5.48,4.65,29.8,20.8,20.72,28.57,25.28,13.47,28.81,18.86,27.99,10.45,72.83,70.8,63.32,76.31,57.87,14.76,14.33,14.52,15.66,16.84,38.52,38.83,11.44,7.91,12.3,22.27,15.67,12.56,10.48,15.69,12.39,10.23,13.67,9.81,15.56,11.24,16.54,6.93,14.86,16.23,10.12,7.43,15.28,8.63,21.18,5.2,10.91,16.57,7.58,11.6,5.32,12.65,12.83,6.35,6.9,6.4,6.19,7.34,10.09,6.8,41.97,22.65,20.77,20.26,21.71,20.57,21.74,21.14,20.64,77.16,71.29,71.29,69.04,68.99,65.75,67.1
123.89,67.12,12.7,14.11,13.67,11.56,12.83,13.73,15.0,12.9,13.51,15.31,15.34,12.84,16.84,16.57,16.36,14.39,121.41,122.08,128.01,117.02,119.07,21.66,21.65,23.85,14.08,78.45,78.45,78.92,79.39,98.96,77.7,80.71,87.13,79.31,79.39,76.61,75.9,79.66,78.06,75.86,77.52,79.14,79.29,76.35,75.94,74.74,73.96,73.97,76.4,75.66,77.47,75.78,72.54,73.25,169.15,73.48,73.08,72.05,73.45,74.76,73.32,73.91,75.25,73.31,94.03,97.21,33.88,22.42,35.08,28.04,25.59,6.77,7.56,7.0,5.69,8.11,3.26,12.14,10.67,12.23,12.29,8.62,5.69,10.34,10.82,11.41,9.63,12.75,10.38,10.47,6.86,14.17,13.59,13.59,7.11,9.29,16.36,36.05,4.27,4.37,38.91,7.02,7.09,12.48,5.09,12.19,7.53,11.36,6.48,8.48,11.65,9.84,5.02,9.88,4.77,5.55,0.9,3.3,1.56,5.03,7.95,6.58,6.09,5.53,0.0,2.62,5.03,6.96,2.28,2.11,2.08,8.71,2.62,3.44,1.81,1.98,5.36,1.56,2.46,1.62,4.28,28.16,18.72,18.65,28.04,23.2,11.39,29.46,16.78,25.91,9.27,70.75,68.72,61.24,74.23,55.79,13.98,13.55,13.74,11.96,13.15,36.44,36.75,16.52,12.99,17.39,27.35,20.75,17.64,15.56,20.77,17.47,15.32,18.75,14.89,20.64,16.32,21.63,12.01,19.94,21.31,15.2,12.51,20.36,13.71,26.26,10.28,15.99,21.65,12.66,16.68,10.4,17.73,17.91,0.94,1.49,0.99,0.79,1.94,7.06,1.4,39.89,27.73,25.85,25.34,26.79,25.65,26.82,26.22,25.72,79.92,74.05,74.06,71.81,71.76,68.52,66.32
126.18,69.41,14.99,16.4,15.96,13.85,15.12,17.72,17.3,15.2,15.81,17.6,17.63,15.14,19.13,18.86,18.65,16.68,123.7,124.37,128.1,117.1,119.15,21.74,21.73,23.93,14.39,78.53,78.53,79.0,79.48,99.04,77.78,80.79,87.22,79.39,79.47,76.69,75.99,79.74,78.14,75.94,77.6,79.22,79.37,76.43,76.02,74.82,74.04,74.05,76.48,75.74,77.55,75.86,72.62,73.33,171.44,73.56,73.16,72.13,73.53,74.85,73.4,73.99,75.33,73.39,94.11,97.29,36.17,30.14,37.38,30.34,27.89,9.06,10.48,9.7,10.36,10.22,5.96,14.43,10.98,12.54,14.59,12.15,10.37,10.65,13.41,11.72,12.33,12.83,12.67,13.18,9.77,16.47,15.88,15.88,9.81,12.0,16.93,35.6,5.99,6.1,38.46,10.39,10.45,15.03,7.66,17.4,12.17,11.67,9.18,11.19,13.94,12.54,4.56,9.43,5.12,6.76,3.61,2.45,3.59,5.34,9.04,6.89,6.4,6.43,2.82,0.0,5.34,7.4,2.59,1.26,1.54,9.05,2.92,3.74,2.12,2.29,5.7,4.27,2.64,1.26,4.59,27.71,18.27,18.19,27.59,22.75,10.94,29.01,16.33,25.46,11.97,70.3,68.27,60.78,73.77,55.34,16.27,15.85,16.03,17.17,18.36,35.99,36.3,16.83,13.3,17.69,27.66,21.06,17.95,15.87,21.08,17.78,15.62,19.06,15.19,20.95,16.63,21.93,12.32,20.25,21.62,15.51,12.82,20.67,14.02,26.57,10.59,16.3,21.96,12.97,16.99,10.71,18.04,18.22,3.02,3.35,3.03,2.82,3.8,9.94,3.66,39.44,28.04,26.16,25.65,27.1,25.96,27.13,26.53,26.03,80.01,74.13,74.14,71.89,71.84,68.6,68.61
126.92,70.15,15.73,17.14,16.7,14.59,15.86,18.46,18.04,15.94,16.55,18.34,18.37,15.88,19.87,19.61,19.39,17.42,124.44,125.11,127.5,116.51,118.56,21.15,21.14,23.34,11.25,77.94,77.94,78.41,78.88,98.45,77.19,80.2,86.62,78.8,78.88,76.1,75.39,79.15,77.55,75.35,77.01,78.63,78.78,75.84,75.43,74.23,73.45,73.46,75.89,75.15,76.96,75.26,72.03,72.74,172.18,72.97,72.57,71.54,72.94,74.25,72.81,73.4,74.74,72.8,93.52,96.7,36.91,30.88,38.12,31.08,28.63,9.8,10.23,9.33,8.31,9.58,5.59,15.17,7.84,9.4,15.33,12.89,8.32,7.51,14.15,8.59,11.96,12.26,13.41,12.81,9.52,17.21,16.62,16.62,9.44,11.63,18.67,36.51,5.74,5.84,39.37,9.36,9.42,14.81,7.4,18.14,10.19,8.53,8.82,10.82,14.68,12.17,6.75,10.34,1.58,4.86,4.43,5.35,5.34,0.0,5.91,3.76,3.26,3.3,4.56,4.65,0.0,4.27,3.09,4.14,4.4,5.45,2.11,2.24,3.12,2.69,2.16,4.62,5.5,3.86,3.03,28.62,19.18,19.1,30.82,23.66,11.85,31.06,17.24,26.37,11.6,71.21,69.18,61.69,74.68,56.25,17.01,16.59,16.77,17.91,19.1,36.89,37.21,13.69,10.16,14.56,24.53,17.92,14.82,12.73,17.95,14.64,12.49,15.92,12.06,17.81,13.49,18.8,9.19,17.11,18.49,12.37,9.68,17.54,10.89,23.44,7.45,13.16,18.82,9.83,13.85,7.58,14.9,15.09,4.73,5.27,4.77,4.57,5.72,9.4,5.18,40.35,24.9,23.02,22.51,23.97,22.82,23.99,23.39,22.89,79.41,73.54,73.55,71.3,71.25,68.01,69.35
123.29,66.52,12.11,13.52,13.08,10.97,12.24,14.83,14.41,12.31,12.92,14.72,14.74,12.25,16.25,15.98,15.76,13.8,120.82,121.49,125.73,114.74,116.78,19.38,19.37,21.57,9.48,76.16,76.16,76.64,77.11,96.68,75.42,78.43,84.85,77.03,77.11,74.33,73.62,77.38,75.77,73.58,75.23,76.86,77.01,74.07,73.65,72.46,71.68,71.68,74.12,73.37,75.19,73.49,70.26,70.97,168.56,71.2,70.8,69.77,71.17,72.48,71.04,71.63,72.96,71.03,91.75,94.92,33.29,27.26,34.49,27.45,25.0,6.18,8.22,7.99,7.48,7.34,6.54,11.54,6.07,7.63,11.7,9.27,7.48,5.74,10.53,6.81,12.31,7.24,9.79,13.15,7.51,13.58,13.0,13.0,9.19,12.4,21.77,39.61,3.73,3.83,42.46,9.87,9.93,15.32,5.39,14.52,9.28,6.76,7.47,9.47,11.06,12.82,9.85,13.43,4.67,3.88,6.42,8.44,7.9,3.13,2.15,1.78,2.48,2.57,6.85,7.75,3.13,0.0,6.19,7.24,7.5,5.26,5.21,5.34,6.22,5.78,5.26,6.34,8.59,6.96,6.13,30.29,22.27,22.2,29.05,26.76,14.95,29.29,20.33,31.63,12.37,74.31,72.27,64.79,77.78,59.35,13.39,12.96,13.14,14.29,15.47,39.99,40.31,10.82,8.01,11.86,22.75,16.15,13.04,9.6,16.17,12.87,9.36,12.79,9.44,16.04,11.72,17.03,7.42,15.34,16.71,9.75,7.53,15.76,9.11,21.66,5.3,10.03,15.69,8.06,12.08,5.43,13.13,11.96,7.29,7.84,7.34,7.13,8.28,9.9,7.74,43.45,23.13,21.25,20.74,22.2,21.05,22.22,21.62,21.12,77.64,71.77,71.77,69.53,69.48,66.23,65.73
125.97,69.2,14.78,16.19,15.75,13.64,14.91,17.5,17.08,14.98,15.59,17.39,17.42,14.92,18.92,18.65,18.44,16.47,123.49,124.16,127.88,116.89,118.94,21.53,21.52,23.72,12.93,78.32,78.32,78.79,79.26,98.83,77.57,80.58,87.0,79.18,79.26,76.48,75.77,79.53,77.93,75.73,77.39,79.01,79.16,76.22,75.81,74.61,73.83,73.84,76.27,75.53,77.34,75.65,72.41,73.12,171.23,73.35,72.95,71.92,73.32,74.63,73.19,73.78,75.12,73.18,93.9,97.08,35.96,29.93,37.16,30.12,27.68,8.85,9.75,8.97,7.84,10.01,5.24,14.22,9.51,11.07,14.37,11.94,7.84,9.18,13.2,10.26,11.61,12.62,12.46,12.45,9.05,16.25,15.67,15.67,9.08,11.27,16.2,36.6,5.27,5.37,39.46,9.0,9.07,13.98,6.93,17.19,9.72,10.21,8.46,10.46,13.73,11.82,4.97,10.43,4.39,6.04,2.88,2.86,2.87,3.88,7.58,5.43,4.93,4.97,2.09,2.18,3.88,5.94,0.0,1.67,1.93,8.37,1.46,2.28,0.65,0.82,4.98,3.54,3.03,1.39,3.12,28.72,19.27,19.2,28.59,23.76,11.95,30.01,17.33,26.46,11.25,71.31,69.27,61.79,74.78,56.35,16.06,15.63,15.82,16.96,18.15,36.99,37.3,15.36,11.83,16.23,26.2,19.59,16.49,14.4,19.62,16.31,14.16,17.59,13.73,19.49,15.16,20.47,10.86,18.78,20.16,14.04,11.35,19.21,12.56,25.11,9.12,14.83,20.49,11.5,15.53,9.25,16.57,16.76,2.26,2.8,2.3,2.1,3.25,9.04,2.71,40.45,26.57,24.69,24.18,25.64,24.49,25.66,25.06,24.56,79.79,73.92,73.93,71.68,71.63,68.39,68.4
125.99,69.22,14.8,16.21,15.77,13.66,14.93,17.53,17.11,15.01,15.62,17.41,17.44,14.95,18.94,18.68,18.46,16.49,123.51,124.18,127.91,116.91,118.96,21.55,21.54,23.74,14.2,78.34,78.34,78.81,79.29,98.85,77.59,80.6,87.03,79.21,79.28,76.5,75.8,79.55,77.95,75.75,77.41,79.03,79.19,76.24,75.83,74.63,73.85,73.86,76.3,75.55,77.36,75.67,72.43,73.14,171.25,73.37,72.97,71.94,73.34,74.66,73.22,73.81,75.14,73.2,93.92,97.1,35.98,29.95,37.19,30.15,27.7,8.87,10.29,9.51,10.18,10.03,5.77,14.24,10.79,12.35,14.4,11.96,10.18,10.46,13.22,11.53,12.14,12.65,12.49,12.99,9.58,16.28,15.69,15.69,9.62,11.81,16.85,34.38,5.8,5.91,37.24,10.2,10.26,14.84,7.47,17.21,11.98,11.48,8.99,11.0,13.75,12.35,3.34,8.21,4.93,6.58,3.42,1.23,3.41,5.15,8.85,6.7,6.21,6.24,2.63,0.55,5.15,7.21,2.4,0.0,1.35,8.86,2.74,3.56,1.93,2.1,5.51,4.08,1.75,1.07,4.19,26.49,17.05,16.97,26.37,21.53,9.72,27.79,15.11,24.24,11.78,69.08,67.05,59.56,72.55,54.12,16.08,15.66,15.84,16.98,18.17,34.77,35.08,16.64,13.11,17.5,27.47,20.87,17.76,15.68,20.89,17.59,15.43,18.87,15.01,20.76,16.44,21.74,12.13,20.06,21.43,15.32,12.63,20.48,13.83,26.38,10.4,16.11,21.77,12.78,16.8,10.52,17.85,18.03,2.94,3.27,2.84,2.63,3.71,9.75,3.58,38.22,27.85,25.97,25.46,26.91,25.77,26.94,26.34,25.84,79.82,73.94,73.95,71.7,71.65,68.41,68.42
125.71,68.94,14.53,15.94,15.5,13.39,14.66,17.25,16.83,14.73,15.34,17.14,17.16,14.67,18.67,18.4,18.18,16.22,123.24,123.91,127.63,116.64,118.68,21.28,21.27,23.47,13.93,78.06,78.06,78.54,79.01,98.58,77.32,80.33,86.75,78.93,79.01,76.23,75.52,79.28,77.67,75.48,77.14,78.76,78.91,75.97,75.55,74.36,73.58,73.59,76.02,75.27,77.09,75.39,72.16,72.87,170.98,73.1,72.7,71.67,73.07,74.38,72.94,73.53,74.86,72.93,93.65,96.82,35.71,29.68,36.91,29.87,27.42,8.6,9.74,9.06,7.83,9.76,5.32,13.96,10.52,12.07,14.12,11.69,7.83,10.18,12.95,11.26,11.69,12.37,12.21,12.54,9.03,16.0,15.42,15.42,9.17,11.36,15.53,34.83,5.25,5.36,37.69,8.6,8.67,13.3,7.16,16.94,11.7,11.21,8.54,10.55,13.48,11.9,3.8,8.66,4.6,6.02,2.97,2.01,2.79,4.88,8.58,6.43,5.94,5.97,2.08,1.33,4.88,6.94,2.13,0.82,0.0,8.54,2.46,3.28,1.65,1.83,5.18,3.63,1.24,0.79,4.12,26.94,17.5,17.42,26.82,21.98,10.17,28.24,15.56,24.69,11.33,69.53,67.5,60.02,73.01,54.57,15.81,15.38,15.56,16.71,17.89,35.22,35.53,16.36,12.83,17.23,27.2,20.6,17.49,15.4,20.62,17.31,15.16,18.59,14.73,20.49,16.16,21.47,11.86,19.79,21.16,15.05,12.35,20.21,13.56,26.11,10.12,15.83,21.49,12.51,16.53,10.25,17.57,17.76,1.62,1.95,2.22,2.01,2.39,8.59,2.26,38.67,27.57,25.69,25.18,26.64,25.5,26.67,26.06,25.57,79.54,73.67,73.67,71.43,71.38,68.13,68.15
126.95,70.18,15.76,17.17,16.73,14.62,15.89,18.49,18.07,15.96,16.58,18.37,18.4,15.9,19.9,19.63,19.42,17.45,124.47,125.14,125.57,114.58,116.63,11.61,11.6,21.41,6.31,76.01,76.01,76.48,76.95,96.52,75.26,78.27,84.69,76.87,76.95,74.17,73.46,77.22,75.62,73.42,75.08,76.7,76.85,73.91,73.5,72.3,71.52,71.53,73.96,73.22,75.03,73.34,70.1,70.81,172.21,71.04,70.64,69.61,71.01,72.32,70.88,71.47,72.81,70.87,91.59,94.77,36.94,30.91,38.15,31.11,28.66,9.83,13.21,11.09,11.13,10.99,9.64,15.2,5.91,7.47,15.35,12.92,11.14,5.58,14.18,6.66,15.96,10.33,13.44,16.8,12.85,17.24,16.65,16.65,14.97,16.05,22.63,40.47,6.83,6.93,43.33,12.97,13.03,18.42,8.5,18.17,12.94,6.6,10.57,15.26,14.71,16.48,10.71,14.29,5.53,4.16,8.38,9.3,9.3,3.99,5.25,3.1,3.34,3.43,8.52,8.61,3.99,3.61,7.05,8.1,8.36,0.0,6.07,6.2,7.08,6.65,6.12,8.58,9.45,7.82,6.99,27.11,23.13,23.06,25.87,27.62,15.81,26.11,21.19,28.45,16.02,74.04,72.01,64.53,77.52,59.08,17.04,16.62,16.8,17.94,19.13,40.85,41.17,7.9,5.1,8.94,17.74,12.41,9.02,6.69,13.0,9.69,6.44,9.88,6.53,12.3,8.54,13.28,4.24,11.49,13.54,6.84,4.62,11.91,5.94,16.65,2.39,7.12,12.78,4.9,8.91,2.51,9.88,9.04,8.68,9.23,8.73,8.52,9.68,13.01,9.14,43.18,20.0,18.12,17.61,19.07,17.92,19.09,18.49,17.99,77.48,71.61,71.62,69.37,69.32,66.08,69.38
126.38,69.62,15.2,16.61,16.17,14.06,15.33,17.92,17.5,15.4,16.01,17.81,17.84,15.34,19.34,19.07,18.85,16.89,123.91,124.58,127.9,116.91,118.96,21.55,21.54,23.74,11.66,78.34,78.34,78.81,79.28,98.85,77.59,80.6,87.03,79.2,79.28,76.5,75.79,79.55,77.95,75.75,77.41,79.03,79.18,76.24,75.83,74.63,73.85,73.86,76.29,75.55,77.36,75.67,72.43,73.14,171.65,73.37,72.97,71.94,73.34,74.66,73.21,73.8,75.14,73.2,93.92,97.1,36.38,30.35,37.58,30.54,28.09,9.27,10.17,9.39,8.26,10.43,5.66,14.63,8.25,9.8,14.79,12.36,8.26,7.91,13.62,8.99,12.03,12.66,12.88,12.87,9.47,16.67,16.09,16.09,9.5,11.69,16.62,35.33,5.69,5.79,38.19,9.42,9.49,14.4,7.35,17.61,10.14,8.94,8.88,10.88,14.15,12.24,5.39,9.16,4.15,4.43,3.3,3.28,3.29,2.61,6.31,4.16,3.66,3.7,2.51,2.6,2.61,4.67,1.04,2.09,2.35,7.1,0.0,1.01,1.07,0.64,4.74,3.96,3.45,1.81,1.85,27.45,18.0,17.93,27.32,22.49,10.68,28.74,16.06,25.19,11.66,70.04,68.0,60.52,73.51,55.08,16.48,16.05,16.24,17.38,18.57,35.72,36.04,14.09,10.56,14.96,24.93,18.32,15.22,13.13,18.35,15.04,12.89,16.32,12.46,18.22,13.89,19.2,9.59,17.51,18.89,12.77,10.08,17.94,11.29,23.84,7.85,13.56,19.22,10.23,14.26,7.98,15.3,15.49,2.68,3.22,2.72,2.52,3.67,9.46,3.13,39.18,25.3,23.42,22.91,24.37,23.23,24.4,23.79,23.3,79.82,73.94,73.95,71.7,71.65,68.41,68.82
126.31,69.54,15.12,16.53,16.09,13.98,15.25,17.85,17.43,15.33,15.94,17.73,17.76,15.27,19.26,19.0,18.78,16.81,123.83,124.5,126.89,115.9,117.95,20.54,20.53,22.73,10.65,77.33,77.33,77.8,78.27,97.84,76.58,79.59,86.02,78.19,78.27,75.49,74.78,78.54,76.94,74.74,76.4,78.02,78.17,75.23,74.82,73.62,72.84,72.85,75.28,74.54,76.35,74.66,71.42,72.13,171.57,72.36,71.96,70.93,72.33,73.65,72.2,72.79,74.13,72.19,92.91,96.09,36.3,30.27,37.51,30.47,28.02,9.19,10.24,9.34,10.5,10.36,5.61,14.56,7.23,8.79,14.72,12.29,10.5,6.9,13.54,7.98,11.98,11.65,12.81,12.82,9.53,16.6,16.01,16.01,9.45,11.64,18.33,38.08,5.75,5.85,40.94,9.37,9.44,14.82,7.42,17.54,12.3,7.93,8.83,10.83,14.07,12.19,7.15,11.9,3.14,3.42,4.44,5.03,5.0,1.6,5.3,3.15,2.65,2.69,4.22,4.36,1.6,3.66,4.02,3.85,4.05,6.09,3.68,0.0,3.55,3.72,3.73,4.63,5.15,3.56,4.6,31.45,20.74,20.67,30.21,25.23,13.42,30.45,18.8,27.94,11.62,72.78,70.74,63.26,76.25,57.82,16.4,15.98,16.16,17.3,18.49,38.46,38.78,13.08,9.55,13.95,23.92,17.31,14.21,12.12,17.34,14.03,11.88,15.31,11.45,17.21,12.88,18.19,8.58,16.5,17.88,11.76,9.07,16.93,10.28,22.83,6.84,12.55,18.21,9.22,13.25,6.97,14.29,14.48,4.39,4.93,4.44,4.23,5.38,9.41,4.84,41.92,24.29,22.41,21.9,23.36,22.21,23.38,22.78,22.28,78.81,72.93,72.94,70.69,70.64,67.4,68.75
125.82,69.05,14.63,16.04,15.6,13.49,14.76,17.35,16.93,14.83,15.44,17.24,17.27,14.77,18.77,18.5,18.29,16.32,123.34,124.01,127.73,116.74,118.79,21.38,21.37,23.57,12.27,78.17,78.17,78.64,79.11,98.68,77.42,80.43,86.85,79.03,79.11,76.33,75.62,79.38,77.78,75.58,77.24,78.86,79.01,76.07,75.66,74.46,73.68,73.69,76.12,75.38,77.19,75.5,72.26,72.97,171.08,73.2,72.8,71.77,73.17,74.48,73.04,73.63,74.97,73.03,93.75,96.93,35.81,29.78,37.01,29.97,27.52,8.7,9.6,8.82,7.69,9.86,5.09,14.06,8.86,10.42,14.22,11.79,7.69,8.53,13.05,9.61,11.46,12.47,12.31,12.3,8.9,16.1,15.52,15.52,8.93,11.12,16.05,35.95,5.12,5.22,38.81,8.85,8.92,13.83,6.78,17.04,9.57,9.55,8.31,10.31,13.58,11.67,4.82,9.78,4.77,5.89,2.73,2.71,2.72,3.23,6.93,4.77,4.28,4.32,1.94,2.03,3.23,5.29,0.47,1.52,1.78,7.72,0.81,1.63,0.0,0.17,5.36,3.39,2.88,1.24,2.47,28.07,18.62,18.55,27.94,23.1,11.29,29.36,16.68,25.81,11.1,70.65,68.62,61.14,74.13,55.69,15.91,15.48,15.67,16.81,18.0,36.34,36.65,14.71,11.18,15.58,25.55,18.94,15.84,13.75,18.96,15.66,13.51,16.94,13.08,18.83,14.51,19.82,10.21,18.13,19.5,13.39,10.7,18.56,11.9,24.45,8.47,14.18,19.84,10.85,14.87,8.6,15.92,16.11,2.11,2.65,2.15,1.95,3.1,8.89,2.56,39.79,25.92,24.04,23.53,24.99,23.84,25.01,24.41,23.91,79.64,73.77,73.78,71.53,71.48,68.24,68.25
125.94,69.17,14.75,16.16,15.72,13.61,14.88,17.47,17.05,14.95,15.56,17.36,17.39,14.89,18.89,18.62,18.41,16.44,123.46,124.13,127.85,116.86,118.91,21.5,21.49,23.69,12.1,78.29,78.29,78.76,79.23,98.8,77.54,80.55,86.97,79.15,79.23,76.45,75.74,79.5,77.9,75.7,77.36,78.98,79.13,76.19,75.78,74.58,73.8,73.81,76.24,75.5,77.31,75.62,72.38,73.09,171.2,73.32,72.92,71.89,73.29,74.6,73.16,73.75,75.09,73.15,93.87,97.05,35.93,29.9,37.13,30.09,27.64,8.82,9.72,8.94,7.81,9.98,5.21,14.18,8.69,10.25,14.34,11.91,7.81,8.36,13.17,9.43,11.58,12.59,12.43,12.42,9.02,16.22,15.64,15.64,9.05,11.24,16.17,35.78,5.24,5.34,38.64,8.97,9.04,13.95,6.9,17.16,9.69,9.38,8.43,10.43,13.7,11.79,4.94,9.61,4.6,4.88,2.85,2.83,2.84,3.05,6.75,4.6,4.11,4.14,2.06,2.15,3.05,5.11,0.59,1.64,1.9,7.55,0.64,1.46,0.62,0.0,5.19,3.51,3.0,1.36,2.3,27.89,18.45,18.37,27.77,22.93,11.12,29.19,16.51,25.64,11.22,70.48,68.45,60.97,73.96,55.52,16.03,15.6,15.79,16.93,18.12,36.17,36.48,14.54,11.01,15.41,25.37,18.77,15.66,13.58,18.79,15.49,13.33,16.77,12.91,18.66,14.34,19.64,10.03,17.96,19.33,13.22,10.53,18.38,11.73,24.28,8.3,14.01,19.67,10.68,14.7,8.42,15.75,15.93,2.23,2.77,2.27,2.07,3.22,9.01,2.68,39.62,25.75,23.87,23.36,24.81,23.67,24.84,24.24,23.74,79.76,73.89,73.9,71.65,71.6,68.36,68.37
127.43,70.66,16.24,17.65,17.21,15.1,16.37,18.96,18.55,16.44,17.06,18.85,18.88,16.38,20.38,20.11,19.9,17.93,124.95,125.62,128.01,117.02,119.06,21.66,21.65,23.85,11.76,78.44,78.44,78.92,79.39,98.96,77.7,80.71,87.13,79.31,79.39,76.61,75.9,79.66,78.05,75.86,77.51,79.14,79.29,76.35,75.93,74.74,73.96,73.96,76.4,75.65,77.47,75.77,72.54,73.25,172.69,73.48,73.08,72.05,73.45,74.76,73.32,73.91,75.24,73.31,94.03,97.2,37.42,31.39,38.63,31.59,29.14,10.31,11.09,10.31,9.18,11.35,6.58,15.68,8.35,9.91,15.83,13.4,9.19,8.02,14.66,9.09,12.95,12.77,13.92,13.79,10.39,17.71,17.13,17.13,10.42,12.61,17.54,35.38,6.61,6.71,38.24,10.34,10.41,15.32,8.27,18.65,11.06,9.04,9.8,11.8,15.19,13.16,5.63,9.21,0.43,4.54,4.22,4.22,4.21,2.71,6.41,4.26,3.77,3.81,3.43,3.52,2.71,4.77,1.96,3.01,3.27,5.35,0.98,1.12,1.99,1.56,0.0,4.88,4.37,2.73,1.9,27.49,18.05,17.97,27.37,22.53,10.72,28.79,16.11,25.24,12.59,70.08,68.05,60.57,73.56,55.12,17.52,17.09,17.28,18.42,19.61,35.77,36.08,14.2,10.67,15.07,17.43,18.43,15.32,13.24,18.45,15.15,13.0,16.43,12.57,18.32,14.0,19.31,9.7,17.62,18.99,12.88,10.19,18.04,11.39,16.33,7.96,13.67,19.33,10.34,14.36,8.08,15.41,15.59,3.6,4.14,3.64,3.44,4.59,10.38,4.05,39.22,25.41,23.53,23.02,24.48,23.33,24.5,23.9,23.4,79.92,74.05,74.05,71.81,71.76,68.51,69.86
122.58,65.81,11.4,12.8,12.37,10.26,11.53,14.12,13.7,11.6,12.21,14.01,14.03,11.54,15.54,15.27,15.05,13.09,120.11,120.78,134.66,118.47,120.52,23.11,23.1,25.3,14.16,79.89,79.89,80.37,80.84,100.41,79.15,82.16,88.58,80.76,80.84,78.06,77.35,81.11,79.51,77.31,78.97,80.59,80.74,77.8,77.38,76.19,75.41,75.42,77.85,77.1,78.92,77.22,73.99,74.7,167.85,74.93,74.53,73.5,74.9,76.21,74.77,75.36,76.7,74.76,95.48,98.66,32.58,26.55,33.78,26.74,24.29,5.46,6.82,6.28,4.91,7.5,2.54,10.83,10.75,12.31,10.99,7.88,4.91,10.42,9.52,11.5,8.91,14.2,9.08,9.76,6.11,12.87,12.29,12.29,6.39,8.58,17.81,37.11,4.0,4.1,39.97,4.2,4.26,9.65,3.79,11.48,6.78,11.44,5.77,7.77,10.35,9.12,6.08,10.94,5.19,5.32,0.89,4.37,1.51,5.12,7.68,6.66,6.17,5.3,1.56,4.07,5.12,6.69,3.73,3.56,3.6,9.13,4.07,4.89,3.26,3.43,5.78,0.0,3.52,3.07,5.73,29.23,19.78,19.71,29.1,24.27,12.46,30.52,17.84,26.97,8.55,71.82,69.78,62.3,75.29,56.86,12.68,12.25,12.43,11.24,12.43,37.5,37.82,16.14,13.34,17.47,27.44,20.83,17.73,14.93,20.85,17.55,14.68,18.12,14.77,20.72,16.4,21.71,12.1,20.02,21.39,15.08,12.86,20.45,13.79,26.34,10.63,15.36,21.02,12.74,16.76,10.75,17.81,17.28,2.01,2.55,2.05,1.85,3.0,4.24,1.93,40.96,27.81,25.93,25.42,26.88,25.73,26.9,26.3,25.8,81.37,75.5,75.5,73.26,73.21,69.96,65.02
126.77,70.0,15.59,16.99,16.56,14.45,15.72,18.31,17.89,15.79,16.4,18.2,18.22,15.73,19.73,19.46,19.24,17.28,124.3,124.97,128.69,117.7,119.74,22.34,22.32,24.52,14.99,79.12,79.12,79.6,80.07,99.64,78.38,81.39,87.81,79.99,80.07,77.29,76.58,80.34,78.73,76.54,78.19,79.82,79.97,77.03,76.61,75.42,74.63,74.64,77.08,76.33,78.15,76.45,73.22,73.93,172.04,74.16,73.76,72.73,74.13,75.44,74.0,74.59,75.92,73.99,94.71,97.88,36.77,30.74,37.97,30.93,28.48,9.66,9.48,8.92,7.61,10.03,5.18,15.02,11.57,13.13,15.18,10.54,7.61,11.24,14.0,12.32,11.55,13.43,13.27,12.4,8.78,17.06,16.48,16.48,9.03,11.22,15.39,33.94,6.2,6.3,36.8,8.46,8.53,13.16,7.02,14.11,9.45,12.27,8.4,10.41,14.54,11.76,2.91,7.77,5.66,7.47,2.82,1.2,2.65,5.94,9.64,7.49,6.99,7.03,2.42,1.54,5.94,8.0,3.18,1.88,1.17,9.59,3.52,4.34,2.71,2.88,6.24,3.49,0.0,1.85,3.75,26.06,16.61,16.54,25.93,21.09,9.28,27.35,14.67,23.8,11.19,68.64,66.61,59.13,72.12,53.68,16.87,16.44,16.62,13.88,15.07,34.33,34.64,17.42,13.89,18.29,29.73,21.65,18.55,16.46,21.68,18.37,16.22,19.65,15.79,21.55,17.22,22.53,12.92,20.84,22.22,16.1,13.41,21.27,14.62,28.71,11.18,16.89,22.55,13.56,17.59,11.31,18.63,18.82,1.48,1.81,2.08,1.87,2.25,8.45,2.12,37.78,28.63,26.75,26.24,27.7,26.55,27.72,27.12,26.63,80.6,74.73,74.73,72.48,72.43,69.19,69.21
125.17,68.4,13.99,15.39,14.95,12.84,14.12,16.71,16.29,14.19,14.8,16.6,16.62,14.13,18.12,17.86,17.64,15.68,122.69,123.37,127.09,116.1,118.14,20.74,20.72,22.92,13.39,77.52,77.52,78.0,78.47,98.04,76.77,79.78,86.21,78.39,78.47,75.69,74.98,78.74,77.13,74.94,76.59,78.22,78.37,75.43,75.01,73.82,73.03,73.04,75.48,74.73,76.55,74.85,71.62,72.33,170.44,72.56,72.15,71.13,72.53,73.84,72.4,72.99,74.32,72.38,93.11,96.28,35.17,29.14,36.37,29.33,26.88,8.06,9.28,8.5,9.36,9.22,4.76,13.42,9.97,11.53,13.58,11.15,9.36,9.64,12.4,10.72,11.13,11.83,11.67,11.98,8.57,15.46,14.88,14.88,8.61,10.8,15.7,34.87,4.79,4.9,37.73,9.38,9.45,14.02,6.46,16.4,11.16,10.66,7.98,9.99,12.94,11.34,3.84,8.7,4.11,5.57,2.41,1.72,2.4,4.34,8.04,5.89,5.39,5.43,1.62,1.05,4.34,6.4,1.58,0.54,0.79,8.05,1.92,2.74,1.11,1.28,4.7,3.07,1.89,0.0,3.58,26.99,17.54,17.47,26.86,22.03,10.21,28.28,15.6,24.73,10.77,69.58,67.54,60.06,73.05,54.61,15.27,14.84,15.02,16.16,17.35,35.26,35.57,15.82,12.29,16.69,26.66,20.05,16.95,14.86,20.08,16.77,14.62,18.05,14.19,19.95,15.62,20.93,11.32,19.24,20.62,14.5,11.81,19.67,13.02,25.57,9.58,15.29,20.95,11.96,15.99,9.71,17.03,17.22,2.27,2.6,1.83,1.62,3.05,8.94,2.24,38.72,27.03,25.15,24.64,26.1,24.95,26.12,25.52,25.02,79.0,73.13,73.13,70.88,70.83,67.59,67.61
128.58,71.81,17.39,18.8,18.36,16.25,17.52,20.12,19.7,17.6,18.21,20.0,20.03,17.54,21.53,21.27,21.05,19.08,126.1,126.77,129.16,118.17,120.22,22.81,22.8,25.0,12.92,79.6,79.6,80.07,80.54,100.11,78.85,81.86,88.28,80.46,80.54,77.76,77.05,80.81,79.21,77.01,78.67,80.29,80.44,77.5,77.09,75.89,75.11,75.12,77.55,76.81,78.62,76.93,73.69,74.4,173.84,74.63,74.23,73.2,74.6,75.91,74.47,75.06,76.4,74.46,95.18,98.36,38.57,32.54,39.78,32.74,30.29,11.46,12.25,11.47,10.33,12.5,7.73,16.83,9.5,11.06,16.99,14.55,10.34,9.17,15.81,10.25,14.1,13.92,15.08,14.94,11.54,18.87,18.28,18.28,11.58,13.77,17.6,33.48,7.76,7.86,36.34,11.49,11.56,15.75,9.42,19.8,12.21,10.19,10.95,12.95,16.34,14.31,3.73,7.31,5.41,5.69,5.37,2.32,5.36,3.87,7.57,5.42,4.92,4.96,4.58,3.17,3.87,5.93,3.12,3.86,3.76,8.36,2.13,2.27,3.14,2.71,6.0,6.03,2.88,3.88,0.0,25.59,16.15,16.07,25.47,20.63,8.82,26.89,14.21,23.34,13.74,68.18,66.15,58.67,71.66,53.22,18.67,18.25,18.43,19.57,20.76,33.87,34.18,15.35,11.82,16.22,26.19,19.58,16.48,14.39,19.61,16.3,14.15,17.58,13.72,19.48,15.15,20.46,10.85,18.77,20.15,14.03,11.34,19.2,12.55,25.1,9.11,14.82,20.48,11.49,15.51,9.24,16.56,16.75,4.07,4.39,4.8,4.59,4.84,11.53,4.7,37.32,26.56,24.68,24.17,25.63,24.48,25.65,25.05,24.55,81.07,75.2,75.21,72.96,72.91,69.67,71.01
147.7,90.93,36.52,37.92,37.49,35.38,36.65,39.24,38.82,36.72,37.33,39.13,39.15,36.66,40.66,40.39,40.17,38.21,145.23,145.9,124.07,113.07,115.12,24.32,24.3,28.89,22.19,74.5,74.5,74.97,75.45,95.01,73.75,76.76,83.19,75.37,75.44,72.66,71.96,75.71,74.11,71.91,73.57,75.19,75.34,72.4,71.99,70.79,70.01,71.24,72.45,71.71,73.52,71.83,69.81,69.3,192.97,69.53,69.13,68.1,71.24,70.82,69.37,69.97,71.3,71.57,90.08,96.58,57.7,46.92,58.9,51.86,49.41,30.59,33.96,35.07,31.89,31.75,32.01,35.95,24.28,22.21,36.11,33.68,31.89,23.95,34.93,25.02,36.71,26.68,34.2,37.56,33.61,37.99,37.41,37.41,35.73,36.81,25.72,31.89,29.47,29.57,34.75,31.82,31.88,36.86,31.68,38.93,33.69,24.97,33.21,36.01,35.47,37.23,24.47,22.24,28.49,27.12,29.65,27.07,29.47,26.94,27.95,26.06,26.3,26.38,29.25,27.41,26.94,26.31,29.5,28.1,28.0,21.51,28.51,28.65,29.52,29.09,29.07,30.31,27.11,28.1,28.05,0.0,5.7,5.62,3.74,3.66,18.96,3.05,9.39,2.2,36.78,54.63,52.6,45.12,58.11,39.67,37.8,37.37,37.55,38.69,39.88,33.29,33.6,16.03,19.62,16.01,8.2,17.25,16.3,16.82,12.13,15.03,17.23,15.56,18.39,17.14,15.24,18.12,20.13,18.1,13.29,18.71,19.13,18.1,21.82,7.18,21.61,16.77,16.25,20.78,14.68,19.41,17.02,14.83,28.3,28.63,28.9,28.7,29.08,31.81,28.94,23.77,22.3,22.14,22.29,23.27,23.98,20.71,22.41,21.4,77.2,71.33,71.33,69.08,69.03,65.79,90.14
139.19,82.42,32.96,34.37,33.93,31.82,33.09,35.69,35.27,33.16,33.78,35.57,35.6,33.1,37.1,36.83,36.62,34.65,136.72,137.39,128.76,117.77,119.81,31.45,31.44,41.9,29.33,79.19,79.19,79.66,80.14,99.71,78.44,81.45,87.88,80.06,80.14,77.36,76.65,80.41,78.8,76.61,78.26,79.89,80.04,77.1,76.68,75.49,74.7,75.93,77.15,76.4,78.22,76.52,74.51,74.0,184.46,74.22,73.82,72.79,75.93,75.51,74.07,74.66,75.99,76.26,94.77,101.27,48.89,38.05,50.09,41.8,39.88,27.03,27.44,26.88,25.57,28.19,23.14,32.4,27.02,29.35,32.55,30.12,25.57,26.68,31.38,27.76,29.51,30.8,30.64,30.35,26.73,34.43,33.85,33.85,26.99,29.17,16.77,26.45,24.15,24.25,29.31,22.95,23.02,27.99,24.97,32.07,27.41,27.71,26.36,28.36,31.91,29.72,15.61,13.38,22.92,23.2,20.78,18.2,20.6,21.38,25.08,22.93,22.44,22.47,20.38,18.54,21.38,23.44,20.63,19.23,19.13,28.65,19.65,19.78,20.66,20.22,23.51,21.44,18.25,19.23,19.18,6.08,0.0,0.48,8.65,2.01,10.09,7.96,3.95,4.72,29.15,59.51,57.47,49.99,62.98,44.54,34.24,33.81,34.0,31.84,35.34,27.3,27.61,23.17,26.75,23.15,15.34,21.94,23.43,23.96,19.26,22.17,24.37,22.7,25.53,21.83,22.38,22.81,27.26,22.8,17.98,25.85,26.27,22.8,28.96,14.31,28.75,23.91,23.39,27.92,21.82,26.55,24.16,21.97,19.44,19.76,20.04,19.83,20.21,22.94,20.07,28.65,26.99,26.84,26.98,27.96,28.67,27.09,27.1,26.09,81.89,76.02,76.02,73.78,73.72,70.48,81.63
139.54,82.77,33.31,34.71,34.28,32.17,33.44,36.03,35.61,33.51,34.12,35.92,35.94,33.45,37.45,37.18,36.96,35.0,137.06,137.73,128.81,117.81,119.86,31.5,31.49,42.25,29.38,79.24,79.24,79.71,80.19,99.75,78.49,81.5,87.93,80.11,80.18,77.4,76.7,80.45,78.85,76.65,78.31,79.93,80.08,77.14,76.73,75.53,74.75,75.98,77.19,76.45,78.26,76.57,74.55,74.04,184.8,74.27,73.87,72.84,75.98,75.56,74.11,74.71,76.04,76.31,94.82,101.32,49.24,38.4,50.44,42.14,40.23,27.38,27.79,27.22,25.91,28.54,23.48,32.74,27.36,29.4,32.9,30.47,25.92,27.03,31.72,28.1,29.86,31.15,30.99,30.7,27.08,34.78,34.2,34.2,27.33,29.52,17.12,26.79,24.5,24.6,29.65,23.3,23.36,28.34,25.32,32.42,27.75,28.05,26.71,28.71,32.26,30.07,15.95,13.72,23.27,23.55,21.13,18.55,20.95,21.73,25.42,23.27,22.78,22.82,20.73,18.89,21.73,23.79,20.97,19.58,19.48,28.69,19.99,20.13,21.0,20.57,23.86,21.79,18.59,19.57,19.53,6.13,0.6,0.0,8.7,2.05,10.44,8.0,4.3,4.76,29.49,59.85,57.82,50.34,63.33,44.89,34.59,34.16,34.34,32.18,35.68,27.65,27.96,23.22,26.8,23.19,15.39,21.99,23.48,24.0,19.31,22.21,24.42,22.74,25.58,21.88,22.42,22.86,27.31,22.84,18.03,25.89,26.32,22.84,29.01,14.36,28.79,23.96,23.44,27.97,21.87,26.59,24.21,22.01,19.78,20.11,20.38,20.18,20.56,23.29,20.42,28.99,27.04,26.88,27.03,28.01,28.72,27.14,27.15,26.14,81.94,76.07,76.07,73.82,73.77,70.53,81.98
146.21,89.44,35.03,36.43,35.99,33.88,35.16,37.75,37.33,35.23,35.84,37.64,37.66,35.17,39.16,38.9,38.68,36.72,143.73,144.4,124.24,113.25,115.3,22.83,22.81,27.4,20.7,74.68,74.68,75.15,75.62,95.19,73.93,76.94,83.37,75.54,75.62,72.84,72.13,75.89,74.29,72.09,73.75,75.37,75.52,72.58,72.17,70.97,70.19,71.42,72.63,71.89,73.7,72.01,69.99,69.48,191.48,69.71,69.31,68.28,71.42,71.0,69.55,70.14,71.48,71.74,90.26,96.76,56.21,46.13,57.41,50.37,47.92,29.1,32.47,33.57,30.4,30.26,30.79,34.46,22.79,20.72,34.62,32.19,30.4,22.46,33.44,23.53,35.22,25.18,32.71,36.07,32.12,36.5,35.92,35.92,34.24,35.31,25.17,34.53,27.98,28.08,37.39,31.04,31.1,36.07,30.19,37.44,32.2,23.48,31.72,34.52,33.98,35.74,23.69,21.46,27.0,25.63,28.86,26.28,28.68,25.45,26.46,24.57,24.81,24.89,28.46,26.62,25.45,24.82,28.71,27.31,27.21,20.02,27.73,27.86,28.74,28.31,27.58,29.53,26.33,27.31,27.26,3.25,8.09,8.02,0.0,6.05,18.17,0.73,12.35,4.59,35.29,52.3,50.27,42.79,55.78,37.34,36.3,35.88,36.06,37.2,38.39,28.17,28.48,14.54,18.13,14.52,6.71,17.43,14.8,15.33,10.63,13.54,15.74,14.07,16.9,17.32,13.75,18.3,18.63,18.28,13.47,17.22,17.64,18.28,20.33,5.69,20.12,15.28,13.36,19.29,13.19,17.92,15.53,13.34,27.52,27.84,28.12,27.91,28.29,31.02,28.15,21.44,19.06,18.9,22.47,19.03,24.15,18.38,19.17,19.04,77.38,71.5,71.51,69.26,69.21,65.97,88.65
141.11,84.34,34.87,36.28,35.84,33.73,35.0,37.6,37.18,35.08,35.69,37.48,37.51,35.02,39.01,38.75,38.53,36.56,138.63,139.3,126.77,115.78,117.82,27.02,27.01,31.6,24.9,77.2,77.2,77.67,78.15,97.72,76.45,79.46,85.89,78.07,78.15,75.37,74.66,78.42,76.81,74.62,76.27,77.9,78.05,75.11,74.69,73.5,72.71,73.94,75.16,74.41,76.23,74.53,72.52,72.01,186.37,72.23,71.83,70.8,73.94,73.52,72.08,72.67,74.0,74.27,92.78,99.28,50.8,39.96,52.0,43.71,41.79,28.94,29.35,28.79,27.48,30.1,25.05,34.31,26.98,24.92,34.47,32.03,27.48,26.65,33.29,27.73,31.42,29.38,32.56,32.26,28.65,36.35,35.76,35.76,28.9,31.09,18.68,28.36,26.06,26.17,31.22,24.86,24.93,29.9,26.89,33.98,29.32,27.67,28.27,30.28,33.82,31.63,17.52,15.29,24.84,25.11,22.69,20.11,22.51,23.29,26.99,24.84,24.35,24.38,22.29,20.45,23.29,25.35,22.54,21.14,21.04,24.21,21.56,21.69,22.57,22.13,25.42,23.35,20.16,21.14,21.09,4.09,2.17,2.1,6.66,0.0,12.0,5.97,5.86,2.73,31.06,57.72,55.68,48.2,61.19,42.76,36.15,35.73,35.91,33.75,37.25,29.12,29.43,18.74,22.32,18.71,10.91,19.95,19.0,19.52,14.83,17.73,19.94,18.26,21.1,19.84,17.94,20.82,22.83,20.81,15.99,21.41,21.84,20.81,24.53,9.88,24.31,19.48,18.96,23.49,17.38,22.11,19.72,17.53,21.35,21.67,21.95,21.74,22.12,24.85,21.98,26.86,25.0,24.85,24.99,25.97,26.68,23.63,25.11,24.1,79.9,74.03,74.03,71.78,71.73,68.49,83.54
135.07,78.3,23.89,25.29,24.85,22.74,24.02,26.61,26.19,24.09,24.7,26.5,26.52,24.03,28.02,27.76,27.54,25.58,132.59,133.26,136.99,126.0,128.04,30.64,30.62,32.82,21.35,87.42,87.42,87.9,88.37,107.94,86.67,89.68,96.11,88.29,88.37,85.59,84.88,88.64,87.03,84.84,86.49,88.12,88.27,85.33,84.91,83.72,82.93,82.94,85.38,84.63,86.45,84.75,81.52,82.23,180.34,82.46,82.05,81.02,82.43,83.74,82.3,82.89,84.22,82.28,103.0,106.18,45.07,36.56,46.27,39.23,36.78,17.96,18.37,17.8,16.49,19.12,14.06,23.32,17.94,19.5,23.48,21.05,16.5,17.61,22.3,18.68,20.43,21.73,21.57,21.28,17.66,25.36,24.78,24.78,17.91,20.1,17.66,25.97,15.08,15.18,28.83,13.88,13.94,18.58,15.9,23.0,18.33,18.63,17.29,19.29,22.84,20.64,6.53,4.3,13.85,14.13,11.71,9.12,11.53,12.3,16.0,13.85,13.36,13.39,11.3,9.47,12.3,14.36,11.55,10.16,10.06,16.8,10.57,10.71,11.58,11.15,14.44,12.37,9.17,10.15,10.1,18.09,8.64,8.57,17.96,13.12,0.0,19.38,6.7,15.83,20.07,60.67,58.64,51.16,64.15,45.71,25.16,24.74,24.92,22.76,23.95,26.36,26.67,23.79,20.26,24.66,21.77,30.81,24.91,22.83,25.69,24.74,22.58,26.02,22.16,30.7,23.59,31.68,19.28,27.21,26.85,22.47,19.78,27.63,20.98,20.74,17.55,23.26,29.81,19.93,23.95,17.67,25.0,25.18,10.36,10.69,10.96,10.76,11.13,13.86,11.0,29.82,35.0,33.12,32.61,34.06,32.92,34.09,33.49,32.99,88.9,83.03,83.03,80.78,80.73,77.49,77.51
146.43,89.66,35.24,36.65,36.21,34.1,35.37,37.97,37.55,35.45,36.06,37.85,37.88,35.39,39.38,39.12,38.9,36.93,143.95,144.62,124.07,113.07,115.12,23.04,23.03,27.62,20.92,74.5,74.5,74.97,75.45,95.01,73.75,76.76,83.19,75.37,75.45,72.66,71.96,75.71,74.11,71.91,73.57,75.19,75.35,72.41,71.99,70.79,70.01,71.24,72.46,71.71,73.53,71.83,69.82,69.3,191.69,69.53,69.13,68.1,71.24,70.82,69.38,69.97,71.3,71.57,90.08,96.58,56.42,45.96,57.63,50.59,48.14,29.31,32.69,33.79,30.61,30.48,31.0,34.68,23.01,20.94,34.84,32.4,30.62,22.67,33.66,23.75,35.44,25.4,32.92,36.28,32.33,36.72,36.13,36.13,34.45,35.53,26.68,34.35,28.19,28.3,37.21,30.86,30.92,35.9,30.41,37.65,32.42,23.7,31.94,34.74,34.19,35.96,23.51,21.28,27.21,25.84,28.69,26.1,28.51,25.67,26.68,24.78,25.03,25.11,28.28,26.45,25.67,25.04,28.53,27.14,27.04,20.23,27.55,27.69,28.56,28.13,27.8,29.35,26.15,27.13,27.08,2.77,7.62,7.54,0.84,5.58,17.99,0.0,12.17,4.12,35.5,52.52,50.48,43.0,55.99,37.56,36.52,36.1,36.28,37.42,38.61,28.39,28.7,14.76,18.34,14.74,6.93,17.25,15.02,15.54,10.85,13.75,15.96,14.28,17.12,17.14,13.96,18.12,18.85,18.11,13.29,17.43,17.86,18.1,20.55,5.9,20.33,15.5,13.58,19.51,13.41,18.13,15.75,13.55,27.34,27.67,27.94,27.74,28.11,30.84,27.98,21.66,19.27,19.12,22.29,19.25,23.98,18.6,19.39,19.25,77.2,71.33,71.33,69.08,69.03,65.79,88.86
136.66,79.89,28.82,30.23,29.79,27.68,28.95,31.55,31.13,29.03,29.64,31.43,31.46,28.97,32.96,32.7,32.48,30.51,134.19,134.86,134.54,123.55,125.6,34.78,34.76,37.76,32.65,84.98,84.98,85.45,85.92,105.49,84.23,87.24,93.66,85.84,85.92,83.14,82.43,86.19,84.59,82.39,84.05,85.67,85.82,82.88,82.47,81.27,80.49,81.72,82.93,82.19,84.0,82.31,80.29,79.78,181.93,80.01,79.61,78.58,81.71,81.29,79.85,80.44,81.78,82.04,100.56,107.06,46.36,35.52,47.56,39.27,37.35,22.89,23.3,22.74,21.43,24.05,19.0,28.26,22.88,24.43,28.42,25.98,21.43,22.55,27.24,23.62,25.37,26.67,26.5,26.21,22.6,30.3,29.71,29.71,22.85,25.04,14.3,26.02,20.01,20.12,28.88,18.81,18.88,25.46,20.83,27.93,23.27,23.57,22.22,24.22,27.77,25.58,11.47,9.24,18.79,19.06,16.64,14.06,16.46,17.24,20.94,18.79,18.3,18.33,16.24,14.4,17.24,19.3,16.49,15.09,14.99,21.73,15.51,15.64,16.52,16.08,19.37,17.3,14.11,15.09,15.04,11.75,4.29,4.22,14.28,6.79,5.97,13.05,0.0,9.5,25.01,57.76,55.73,48.24,61.23,42.8,30.1,29.68,29.86,27.7,28.89,24.01,24.32,26.49,30.08,26.47,18.66,27.72,26.75,27.28,22.59,25.49,27.69,26.02,28.85,27.62,25.7,28.6,30.58,28.58,23.77,29.17,29.59,28.58,32.28,17.64,22.48,27.23,26.71,31.24,25.14,29.87,27.48,25.29,15.3,15.62,15.9,15.69,16.07,18.8,15.93,26.9,32.78,32.62,32.77,33.74,34.45,30.41,32.89,31.88,87.68,81.8,81.81,79.56,79.51,76.27,79.1
147.75,90.98,36.57,37.97,37.53,35.42,36.7,39.29,38.87,36.77,37.38,39.18,39.2,36.71,40.7,40.44,40.22,38.26,145.27,145.94,124.11,113.12,115.17,24.37,24.35,28.94,22.24,74.55,74.55,75.02,75.49,95.06,73.8,76.81,83.24,75.41,75.49,72.71,72.0,75.76,74.16,71.96,73.62,75.24,75.39,72.45,72.04,70.84,70.06,71.29,72.5,71.76,73.57,71.88,69.86,69.35,193.02,69.58,69.18,68.15,71.29,70.87,69.42,70.01,71.35,71.61,90.13,96.63,57.75,42.87,58.95,51.91,49.46,30.64,34.01,35.11,31.94,31.8,27.95,36.0,24.33,22.26,36.16,33.73,31.94,24.0,34.98,25.07,36.76,26.72,34.25,37.61,33.66,38.04,37.46,37.46,35.78,36.85,21.59,31.26,29.52,29.62,34.12,27.77,27.83,32.81,31.73,38.98,33.74,25.02,33.26,36.06,35.52,37.28,20.42,18.19,28.54,27.17,25.6,23.01,25.42,26.99,28.0,26.1,26.35,26.43,25.19,23.36,26.99,26.36,25.44,24.05,23.95,21.56,24.46,24.6,25.47,25.04,29.12,26.26,23.06,24.04,23.99,1.44,5.07,5.0,4.0,3.03,14.9,3.31,8.77,0.0,36.83,54.9,52.86,45.38,58.37,39.94,37.84,37.42,37.6,38.74,39.93,30.77,31.08,16.08,19.67,16.06,8.25,17.3,16.34,16.87,12.17,15.08,17.28,15.61,18.44,17.19,15.29,18.17,20.17,18.15,13.34,18.76,19.18,18.15,21.87,7.23,21.66,16.82,16.3,20.83,14.73,19.46,17.07,14.88,24.25,24.58,24.85,24.65,25.02,27.75,24.89,24.04,22.35,22.19,22.34,23.31,24.02,20.98,22.46,21.45,77.25,71.37,71.38,69.13,69.08,65.84,90.19
114.27,57.5,2.48,4.41,3.44,2.81,2.27,4.78,5.23,2.68,3.82,5.54,5.56,3.07,7.06,6.8,6.58,4.77,111.79,112.46,126.35,120.2,83.0,24.84,24.83,27.03,19.36,81.63,81.63,82.1,82.57,102.14,80.88,83.89,90.31,82.49,82.57,79.79,79.08,82.84,81.24,79.04,80.7,82.32,82.47,79.53,79.12,77.92,77.14,77.15,79.58,78.84,80.65,78.96,75.72,76.43,159.53,76.66,76.26,75.23,76.63,77.94,76.5,77.09,78.43,76.49,97.21,100.39,24.26,13.2,25.47,15.6,13.15,8.21,3.55,2.51,5.74,7.21,7.22,2.98,15.94,17.5,3.13,3.23,5.75,15.61,7.83,16.69,0.68,15.93,4.5,1.52,3.79,5.75,5.17,5.17,3.17,0.03,22.82,37.87,6.63,6.73,37.68,8.37,8.44,8.55,6.07,3.24,3.83,16.63,3.08,1.96,2.4,0.89,13.16,18.02,11.43,10.24,8.21,11.44,9.7,12.35,11.58,11.01,11.71,10.43,8.64,11.14,12.35,10.59,10.81,10.63,10.67,14.48,11.14,11.96,10.33,10.51,12.02,7.89,10.6,10.14,12.81,40.16,26.86,26.78,38.92,31.34,19.53,39.16,24.92,34.05,0.0,78.89,76.86,69.38,82.37,63.93,4.21,5.17,4.04,3.01,4.2,44.58,44.89,21.79,19.31,22.66,32.63,26.02,22.92,20.83,26.05,22.74,20.59,24.02,20.16,25.92,21.59,26.9,17.29,25.21,26.59,20.47,18.83,25.64,18.99,31.54,14.53,21.26,26.92,17.93,21.96,14.65,23.0,23.19,9.08,9.63,9.13,8.92,10.08,8.41,9.54,48.03,33.0,31.12,30.61,32.07,30.92,32.09,31.49,30.99,83.1,77.23,77.24,74.99,74.94,71.7,56.7
189.18,132.41,83.46,84.87,84.43,82.32,83.59,86.18,85.76,83.66,84.27,86.07,86.1,83.6,87.6,87.33,87.11,85.15,186.7,161.76,144.85,133.86,135.9,71.26,71.24,75.83,69.13,95.28,95.28,95.76,88.67,115.8,85.53,97.54,95.64,96.15,96.23,85.03,79.61,96.5,94.89,80.36,83.84,88.89,96.13,80.72,80.06,80.29,81.22,79.18,80.77,81.85,81.06,80.27,77.75,90.09,234.44,82.21,89.91,88.89,78.67,82.54,90.16,81.8,81.44,78.52,96.6,102.42,98.87,88.04,100.08,91.78,89.87,77.53,77.43,76.86,78.83,78.69,73.12,82.89,71.22,69.16,83.05,80.62,78.84,70.89,81.88,71.96,79.49,73.62,81.14,80.34,76.72,84.93,84.35,84.35,76.97,79.16,67.36,77.77,74.14,74.24,80.63,72.94,73.0,77.98,74.96,85.87,80.64,71.91,76.35,78.35,82.41,79.7,65.59,63.36,72.91,73.19,70.77,68.18,70.59,71.36,75.06,72.91,72.42,72.45,70.36,68.53,71.36,73.42,70.61,69.22,69.12,68.45,69.63,69.77,70.64,70.21,73.5,71.43,68.23,69.21,69.16,52.1,57.51,57.43,50.77,56.03,60.07,51.01,56.55,54.69,79.13,0.0,2.77,7.73,9.24,9.85,84.74,84.31,84.5,85.64,86.83,32.67,32.98,62.98,66.56,62.95,55.15,64.21,63.24,63.76,59.07,61.97,64.17,62.5,65.34,64.1,62.18,65.08,67.07,65.06,60.25,65.65,66.08,65.06,68.77,54.12,68.55,63.72,42.21,67.73,61.62,66.35,63.96,61.77,69.42,69.75,70.02,69.82,70.19,72.92,70.06,20.73,43.35,43.2,44.85,43.13,44.76,41.93,43.46,43.33,85.14,79.27,79.27,77.02,76.97,73.73,131.62
188.69,131.92,82.97,84.38,83.94,81.83,83.1,85.69,85.27,83.17,83.78,85.58,85.61,83.11,87.11,86.84,86.63,84.66,165.85,163.92,147.01,136.02,138.07,70.77,70.75,65.88,68.65,97.45,97.45,97.92,90.83,117.96,87.68,99.71,97.8,98.31,98.39,87.19,81.77,98.66,97.06,82.52,86.0,91.05,98.29,82.88,82.22,82.45,92.96,81.34,82.93,84.01,83.22,82.43,79.91,92.25,233.95,84.37,92.08,91.05,80.82,84.7,92.32,83.96,83.6,80.68,98.76,104.58,98.38,87.55,99.59,91.29,89.38,77.04,76.94,76.37,78.34,78.2,72.63,82.41,70.73,68.67,82.56,80.13,78.35,70.4,81.39,71.47,79.0,73.13,80.65,79.85,76.23,84.44,83.86,83.86,76.48,78.67,66.87,77.28,73.65,73.75,80.14,72.45,72.51,77.49,74.47,85.38,80.15,71.42,75.86,77.86,81.92,79.21,65.1,62.87,72.42,72.7,70.28,67.69,70.1,70.87,74.57,72.42,71.93,71.96,69.87,68.04,70.87,72.93,70.12,68.73,68.63,67.96,69.14,69.28,70.15,69.72,73.01,70.94,67.74,68.72,68.67,51.61,57.02,56.94,50.28,55.54,59.58,50.52,56.06,54.2,78.64,3.04,0.0,4.32,6.71,11.46,84.25,83.82,84.01,85.15,86.34,32.18,32.49,62.49,66.07,62.46,54.66,63.72,62.75,63.27,58.58,61.48,63.68,62.01,64.85,63.61,61.69,46.76,66.58,64.57,59.76,65.16,65.59,64.57,68.28,53.63,68.06,63.23,44.37,67.24,61.13,65.86,63.47,61.28,68.93,69.26,69.53,69.33,69.7,72.43,69.57,23.68,45.52,45.36,47.01,45.29,46.92,44.09,45.63,45.49,87.3,81.42,81.43,79.18,79.13,75.89,131.13
189.39,132.62,83.67,85.07,84.63,82.52,83.8,86.39,85.97,83.87,84.48,86.28,86.3,83.81,87.8,87.54,87.32,85.36,186.91,187.58,148.83,137.84,139.88,71.47,71.45,76.04,69.34,99.26,99.26,99.74,92.64,119.78,89.5,101.53,99.62,100.13,100.21,89.01,83.59,100.48,98.87,84.34,87.82,92.87,100.11,84.7,84.04,84.26,94.78,83.16,84.75,85.83,85.03,84.25,81.73,94.07,234.65,86.19,93.9,92.87,82.64,86.52,94.14,85.78,85.42,82.5,100.58,106.4,99.08,88.24,100.28,91.99,90.07,77.74,77.63,77.07,79.04,78.9,73.33,83.1,71.43,69.36,83.26,80.83,79.04,71.1,82.08,72.17,79.7,73.82,81.35,80.54,76.93,85.14,84.56,84.56,77.18,79.37,67.56,77.98,74.34,74.45,80.84,73.14,73.21,78.18,75.17,86.08,80.84,72.12,76.55,78.56,82.62,79.91,65.8,63.57,73.12,73.39,70.97,68.39,70.79,71.57,75.27,73.12,72.63,72.66,70.57,68.73,71.57,73.63,70.82,69.42,69.32,68.66,69.84,69.97,70.85,70.41,73.7,71.63,68.44,69.42,69.37,52.3,57.71,57.64,50.97,56.24,60.28,51.21,56.75,54.89,79.34,5.27,3.0,0.0,7.13,14.22,84.94,84.52,84.7,85.84,87.03,32.87,33.19,63.18,66.77,63.16,55.35,64.41,63.44,63.97,59.27,62.18,64.38,62.71,65.54,64.31,62.39,65.29,67.27,65.27,60.46,65.86,66.28,65.27,68.97,54.33,68.76,63.92,63.4,67.93,61.83,66.56,64.17,61.98,69.63,69.95,70.23,70.02,70.4,73.13,70.26,25.5,47.33,47.18,48.83,47.11,48.74,45.91,47.44,47.31,89.12,83.24,83.25,81.0,80.95,77.71,131.82
194.06,137.29,88.34,89.74,89.31,87.19,88.47,91.06,90.64,88.54,89.15,90.95,90.97,88.48,92.47,92.21,91.99,90.03,191.58,169.59,152.68,141.69,143.74,76.14,76.12,80.71,74.01,103.11,103.11,103.59,96.49,123.63,93.35,105.38,103.47,103.98,104.06,92.86,87.44,104.33,102.72,88.19,91.67,96.72,103.96,88.55,87.89,88.12,98.63,87.01,88.6,89.68,88.89,88.1,85.58,97.92,239.32,90.04,97.75,96.72,86.49,90.37,97.99,89.63,89.27,86.35,104.43,110.25,103.75,92.91,104.96,96.66,94.74,82.41,82.3,81.74,83.71,83.57,78.0,87.77,76.1,74.03,87.93,85.5,83.71,75.77,86.75,76.84,84.37,78.49,86.02,85.22,81.6,89.81,89.23,89.23,81.85,84.04,72.23,82.65,79.01,79.12,85.51,77.81,77.88,82.85,79.84,90.75,85.51,76.79,81.22,83.23,87.29,84.58,70.47,68.24,77.79,78.06,75.64,73.06,75.46,76.24,79.94,77.79,77.3,77.33,75.24,73.4,76.24,78.3,75.49,74.09,73.99,73.33,74.51,74.64,75.52,75.09,78.37,76.3,73.11,74.09,74.04,56.97,62.38,62.31,55.64,60.91,64.95,55.88,61.42,59.56,84.01,9.35,7.41,8.48,0.0,12.15,89.62,89.19,89.37,90.51,91.7,37.54,37.86,67.85,71.44,67.83,60.02,69.08,68.11,68.64,63.95,66.85,69.05,67.38,70.21,68.98,67.06,69.96,71.94,69.94,65.13,70.53,70.95,69.94,73.64,59.0,73.43,68.59,50.04,72.6,66.5,71.23,68.84,66.65,74.3,74.62,74.9,74.69,75.07,77.8,74.93,29.35,51.18,51.03,52.68,50.96,52.59,49.76,51.3,51.16,86.16,87.09,87.1,84.85,84.8,81.56,136.49
173.66,116.89,67.94,69.35,68.91,66.8,68.07,70.67,70.25,68.14,68.76,70.55,70.58,68.08,72.08,71.81,71.6,69.63,158.11,156.19,139.28,128.28,130.33,55.74,55.73,58.14,53.62,89.71,89.71,90.18,83.09,110.22,79.95,91.97,90.07,90.58,90.65,79.46,74.04,90.92,89.32,74.78,78.27,83.32,90.56,75.15,74.49,74.71,75.64,73.61,75.2,76.28,75.48,74.7,72.18,84.51,218.92,76.64,84.34,83.31,73.09,76.97,84.59,76.23,75.87,72.95,91.02,96.85,83.36,72.52,84.56,76.26,74.35,62.01,61.91,61.34,63.31,63.17,57.6,67.38,55.7,53.64,67.53,65.1,63.32,55.37,66.36,56.45,63.98,58.1,65.62,64.82,61.2,69.41,68.83,68.83,61.45,63.64,51.84,62.25,58.62,58.72,65.11,57.42,57.48,62.46,59.44,70.35,65.12,56.39,60.83,62.83,66.89,64.19,50.07,47.84,57.39,57.67,55.25,52.67,55.07,55.84,59.54,57.39,56.9,56.94,54.85,53.01,55.84,57.91,55.09,53.7,53.6,52.93,54.11,54.25,55.12,54.69,57.98,55.91,52.71,53.69,53.65,36.58,41.99,41.92,35.25,40.52,44.56,35.49,41.03,39.17,63.61,9.97,11.88,8.75,12.22,0.0,69.22,68.79,68.98,70.12,71.31,28.18,28.49,47.46,51.04,47.43,39.63,48.69,47.72,48.24,43.55,46.45,48.66,39.67,49.82,48.58,46.66,39.02,51.55,49.55,36.5,50.13,50.56,49.55,53.25,38.6,53.03,48.2,36.64,52.21,46.1,50.83,48.44,46.25,53.9,54.23,54.5,54.3,54.68,57.41,54.54,15.94,37.78,37.62,39.27,37.56,39.19,36.35,37.89,37.76,77.8,73.69,73.7,71.45,71.4,68.16,116.1
113.28,56.52,1.96,2.28,2.27,3.02,2.09,2.99,1.78,2.16,1.61,2.08,2.11,1.34,3.61,3.34,3.13,3.79,110.81,111.48,125.36,80.28,80.31,25.21,25.2,27.4,19.73,82.0,82.0,82.47,82.95,102.51,81.25,84.26,90.69,82.86,82.94,80.16,79.46,83.21,81.61,79.41,81.07,82.69,82.84,79.9,79.49,78.29,77.51,77.52,79.95,79.21,81.02,79.33,76.09,76.8,158.55,77.03,76.63,75.6,77.0,78.32,76.87,77.46,78.8,76.86,97.58,100.76,23.28,17.25,24.48,17.44,14.99,9.1,5.67,5.94,6.95,7.58,10.65,2.82,16.32,17.87,2.98,5.39,6.96,15.99,6.82,17.06,3.07,16.31,4.96,3.82,5.9,3.65,3.07,3.07,6.61,3.78,24.63,41.06,9.62,9.72,40.87,11.81,11.87,10.36,8.71,4.37,5.4,17.01,6.52,5.4,2.92,3.87,18.12,24.88,16.12,13.23,13.6,16.0,15.09,14.57,14.1,13.23,13.93,14.01,14.03,15.33,14.57,13.0,14.99,14.82,14.79,16.52,15.33,16.79,14.52,14.69,16.71,11.82,15.99,14.33,17.57,40.53,33.72,33.65,39.29,38.2,26.39,39.53,31.78,41.87,3.75,87.46,85.43,77.95,90.94,72.5,0.0,2.85,1.83,4.13,2.36,51.44,51.75,22.16,19.68,23.03,33.0,26.4,23.29,21.21,26.42,23.11,20.96,24.4,20.53,26.29,21.96,27.27,17.66,25.59,26.96,20.85,19.2,26.01,19.36,31.91,16.43,21.63,27.29,18.31,22.33,16.55,23.37,23.56,14.48,15.02,14.52,14.32,15.47,11.84,14.93,56.6,33.38,31.49,30.98,32.44,31.3,32.47,31.86,31.37,83.48,77.6,77.61,75.36,75.31,72.07,55.72
115.12,58.35,3.79,2.18,4.76,4.01,3.92,6.0,4.79,3.99,2.41,5.09,5.12,3.17,6.62,6.35,6.14,5.62,112.64,113.31,127.19,79.25,79.29,26.21,26.19,28.39,20.72,82.99,82.99,83.47,83.94,103.51,82.25,85.25,91.68,83.86,83.94,81.16,80.45,84.21,82.6,80.41,82.06,83.69,83.84,80.9,80.48,79.29,78.5,78.51,80.95,80.2,82.02,80.32,77.09,77.8,160.38,78.03,77.63,76.6,78.0,79.31,77.87,78.46,79.79,77.85,98.58,101.75,25.11,19.08,26.32,19.28,16.83,10.09,6.66,7.19,7.95,8.58,11.24,3.82,17.31,18.87,3.98,6.38,7.95,16.98,5.79,18.05,4.91,17.3,4.63,5.65,6.9,2.63,2.05,2.05,7.85,5.56,26.47,42.89,10.61,10.71,42.7,13.42,13.48,12.2,9.71,6.2,6.4,18.0,7.76,6.64,3.92,5.7,19.11,25.88,17.11,14.23,14.6,17.0,16.08,15.57,15.1,14.22,14.93,15.01,15.03,16.32,15.57,13.99,15.99,15.81,15.78,17.51,16.32,17.78,15.51,15.69,17.7,12.82,16.99,15.32,18.57,41.52,34.71,34.64,40.29,39.2,27.39,40.53,32.78,42.87,5.53,88.46,86.42,78.94,91.93,73.5,3.76,0.0,2.18,5.97,5.37,52.43,52.75,23.16,20.68,24.03,33.99,27.39,24.28,22.2,27.41,24.11,21.96,25.39,21.53,27.28,22.96,28.27,18.65,26.58,27.95,21.84,20.2,27.0,20.35,32.9,17.42,22.63,28.29,19.3,23.32,17.55,24.37,24.55,15.47,16.02,15.52,15.31,16.47,13.45,15.92,57.6,34.37,32.49,31.98,33.43,32.29,33.46,32.86,32.36,84.47,78.6,78.6,76.35,76.3,73.06,57.55
113.62,56.85,2.29,0.37,3.26,2.21,2.42,4.77,3.56,2.49,0.6,3.87,3.89,1.67,5.4,5.13,4.91,4.12,111.14,111.81,125.7,78.96,79.0,24.4,24.39,26.59,18.91,81.18,81.18,81.66,82.13,101.7,80.44,83.45,89.87,82.05,82.13,79.35,78.64,82.4,80.79,78.6,80.26,81.88,82.03,79.09,78.67,77.48,76.7,76.71,79.14,78.39,80.21,78.51,75.28,75.99,158.88,76.22,75.82,74.79,76.19,77.5,76.06,76.65,77.98,76.05,96.77,99.94,23.61,17.58,24.82,17.78,15.33,8.29,4.85,5.38,6.14,6.77,9.43,2.01,15.5,17.06,2.17,4.57,6.14,15.17,5.5,16.24,3.41,15.49,4.14,4.15,5.09,2.34,1.75,1.75,6.04,3.75,24.97,41.39,8.8,8.9,41.21,11.61,11.67,10.7,7.9,4.7,4.59,16.19,5.96,4.83,2.11,4.2,17.31,24.07,15.31,12.42,12.79,15.19,14.28,13.76,13.29,12.41,13.12,13.2,13.22,14.51,13.76,12.18,14.18,14.0,13.97,15.71,14.51,15.98,13.7,13.88,15.89,11.01,15.18,13.51,16.76,39.72,32.91,32.83,38.48,37.39,25.58,38.72,30.97,41.06,3.72,86.65,84.62,77.13,90.12,71.69,2.54,1.53,0.0,4.47,4.15,50.63,50.94,21.35,18.87,22.22,32.19,25.58,22.48,20.39,25.6,22.3,20.15,23.58,19.72,25.47,21.15,26.46,16.85,24.77,26.14,20.03,18.39,25.2,18.54,31.09,15.62,20.82,26.48,17.49,21.51,15.74,22.56,22.75,13.66,14.21,13.71,13.5,14.66,11.65,14.12,55.79,32.56,30.68,30.17,31.63,30.48,31.65,31.05,30.55,82.66,76.79,76.79,74.55,74.5,71.25,56.05
114.6,57.84,2.49,4.75,2.34,4.8,2.61,1.92,3.29,2.77,4.15,3.6,3.62,3.41,5.13,4.86,4.64,5.11,112.13,112.8,126.68,122.36,82.98,27.0,26.98,29.18,21.51,83.78,83.78,84.26,84.73,104.3,83.03,86.04,92.47,84.65,84.73,81.95,81.24,85.0,83.39,81.2,82.85,84.48,84.63,81.69,81.27,80.08,79.29,79.3,81.74,80.99,82.81,81.11,77.88,78.59,159.87,78.82,78.41,77.38,78.79,80.1,78.66,79.25,80.58,78.64,99.36,102.54,24.6,11.64,25.8,12.74,10.29,10.88,5.96,5.39,8.74,9.37,10.1,4.61,18.1,19.66,4.77,5.63,8.74,17.77,10.07,18.84,2.52,18.09,6.74,3.27,6.19,6.32,5.73,5.73,6.05,3.22,21.1,35.93,9.51,9.61,35.74,11.25,11.32,9.81,9.15,0.38,6.24,18.79,5.96,4.84,4.81,3.32,16.03,20.9,17.9,13.12,11.09,14.32,12.57,16.36,15.89,15.01,15.72,15.8,11.52,14.02,16.36,14.78,13.69,13.51,13.55,18.3,14.02,14.84,13.21,13.38,18.49,10.77,13.48,13.02,15.68,42.31,29.74,29.66,41.08,34.22,22.41,41.32,27.8,43.66,3.2,89.25,87.21,79.73,92.72,74.29,4.54,5.51,4.38,0.0,1.34,47.46,47.77,23.95,21.47,24.81,34.78,28.18,25.07,22.99,28.2,24.9,22.74,26.18,22.32,28.07,23.75,29.05,19.44,27.37,28.74,22.63,20.98,27.79,21.14,33.69,18.21,23.42,29.08,20.09,24.11,18.34,25.16,25.34,11.96,12.51,12.01,11.8,12.96,11.29,12.41,58.39,35.16,33.28,32.77,34.22,33.08,34.25,33.65,33.15,85.26,79.39,79.39,77.14,77.09,73.85,57.04
115.79,59.02,3.08,4.36,1.54,5.99,3.8,1.21,2.16,3.35,5.34,2.46,2.49,4.6,3.99,3.72,3.51,6.3,113.32,113.99,127.87,82.35,82.39,28.19,28.17,30.37,22.7,84.97,84.97,85.44,85.92,105.49,84.22,87.23,93.66,85.84,85.92,83.14,82.43,86.19,84.58,82.39,84.04,85.67,85.82,82.88,82.46,81.27,80.48,80.49,82.93,82.18,84.0,82.3,79.07,79.78,161.06,80.0,79.6,78.57,79.98,81.29,79.85,80.44,81.77,79.83,100.55,103.73,25.79,12.1,26.99,13.2,10.75,12.07,7.15,6.58,9.93,10.56,11.28,5.8,19.29,20.85,5.96,6.82,9.93,18.96,11.26,20.03,3.71,19.28,7.93,4.46,7.38,5.73,5.15,5.15,7.24,4.41,21.56,36.39,10.69,10.8,36.2,12.44,12.5,11.0,10.34,0.97,7.42,19.98,7.15,6.03,6.0,4.51,17.22,22.09,19.09,14.31,12.28,15.51,13.76,17.55,17.08,16.2,16.9,16.99,12.71,15.21,17.55,15.97,14.87,14.7,14.74,19.49,15.21,16.03,14.4,14.57,19.68,11.96,14.67,14.21,16.87,43.5,35.35,35.28,42.27,38.43,23.6,42.51,28.99,44.85,4.39,85.98,83.94,76.46,89.45,71.02,2.29,4.92,5.57,1.34,0.0,48.65,48.96,25.14,22.66,26.0,35.97,29.37,26.26,24.18,29.39,26.09,23.93,27.37,23.5,29.26,24.94,30.24,20.63,28.56,29.93,23.82,22.17,28.98,22.33,34.88,19.4,24.61,30.27,21.28,25.3,19.53,26.35,26.53,13.15,13.7,13.2,12.99,14.15,12.48,13.6,55.12,36.35,34.47,33.96,35.41,34.27,35.44,34.84,34.34,86.45,80.58,80.58,78.33,78.28,75.04,58.23
155.59,98.82,48.82,50.22,49.78,47.67,48.94,51.54,51.12,49.02,49.63,51.43,51.45,48.96,52.95,52.69,52.47,50.5,153.12,153.79,142.57,131.58,133.62,47.91,47.89,57.75,45.78,93.0,93.0,93.48,93.95,113.52,92.26,95.27,101.69,93.87,93.95,91.17,90.46,94.22,92.61,90.42,92.08,93.7,93.85,90.91,90.49,89.3,88.52,83.12,90.96,90.21,92.03,90.33,81.69,87.81,200.86,88.04,87.64,86.61,89.74,89.32,87.88,88.47,89.8,90.07,108.59,115.08,65.29,54.45,66.49,58.2,56.28,42.88,43.29,42.73,41.42,44.04,38.99,48.25,42.87,45.8,48.41,45.98,41.42,42.54,47.23,43.61,45.36,46.66,46.5,46.21,42.59,50.29,49.71,49.71,42.84,45.03,34.51,41.61,40.01,40.11,44.47,38.81,38.87,44.39,40.83,47.92,43.26,43.56,42.21,44.22,47.76,45.57,31.46,29.23,38.78,39.06,36.63,34.05,36.46,37.23,40.93,38.78,38.29,38.32,36.23,34.39,37.23,39.29,36.48,35.08,34.98,41.73,35.5,35.63,36.51,36.08,39.36,37.3,34.1,35.08,35.03,28.74,30.21,30.13,27.41,28.73,25.94,27.65,25.78,31.44,45.0,33.74,31.71,34.85,37.21,29.34,50.09,49.67,49.85,47.69,48.88,0.0,1.58,39.62,43.21,39.6,31.79,40.85,39.88,40.41,35.72,38.62,40.82,39.15,41.98,40.75,38.83,41.73,43.71,41.71,36.9,42.3,42.72,41.71,45.41,30.77,42.48,40.36,39.84,44.37,38.27,43.0,40.61,38.42,35.29,35.62,35.89,35.68,36.06,38.79,35.93,27.13,40.87,40.72,45.9,40.85,42.48,40.2,40.99,40.85,89.07,83.2,83.2,80.96,80.91,77.66,98.03
154.01,97.24,47.23,48.64,48.2,46.09,47.36,49.96,49.54,47.44,48.05,49.84,49.87,47.38,51.37,51.11,50.89,48.92,151.53,152.2,143.96,132.96,135.01,49.29,49.28,56.17,44.7,94.39,94.39,94.86,95.34,114.9,93.64,96.65,103.08,95.26,95.34,92.56,91.85,95.6,94.0,91.8,93.46,95.08,95.24,92.3,91.88,90.68,89.9,84.5,92.35,91.6,93.42,91.72,83.07,89.19,199.28,89.42,89.02,87.99,91.13,90.71,89.27,89.86,91.19,91.46,109.97,116.47,63.71,52.87,64.91,56.62,54.7,41.3,41.71,41.15,39.84,42.46,37.41,46.67,41.29,42.84,46.83,44.39,39.84,40.96,45.65,42.03,43.78,45.08,44.92,44.62,41.01,48.71,48.12,48.12,41.26,43.45,32.93,40.03,38.42,38.53,42.89,37.22,37.29,42.81,39.24,46.34,41.68,41.98,40.63,42.64,46.18,43.99,29.88,27.65,37.2,37.47,35.05,32.47,34.87,35.65,39.35,37.2,36.71,36.74,34.65,32.81,35.65,37.71,34.9,33.5,33.4,40.14,33.92,34.05,34.93,34.49,37.78,35.71,32.52,33.5,33.45,32.11,28.63,28.55,28.8,27.15,24.36,29.04,24.2,29.86,43.42,35.13,33.09,36.24,38.6,30.72,48.51,48.09,48.27,46.11,47.3,2.71,0.0,41.01,44.59,40.98,33.18,42.24,41.27,41.79,37.1,40.0,42.21,40.53,43.37,42.13,40.21,43.11,42.63,43.1,38.28,43.68,44.11,43.1,44.33,32.15,40.89,41.75,41.23,43.28,39.65,41.02,41.99,39.8,33.71,34.03,34.31,34.1,34.48,37.21,34.34,28.51,42.26,42.1,47.28,42.24,43.87,41.58,42.37,42.24,90.46,84.59,84.59,82.34,82.29,79.05,96.45
132.65,75.89,21.47,22.88,22.44,20.33,21.6,24.19,23.77,21.67,22.28,24.08,24.11,21.61,25.61,25.34,25.12,23.16,130.18,130.85,115.05,104.06,106.1,8.68,8.67,13.39,7.58,65.48,65.48,65.96,66.43,86.0,64.74,67.75,74.17,66.35,66.43,63.65,62.94,66.7,65.09,62.9,64.56,66.18,66.33,63.39,62.97,61.78,61.0,62.23,63.44,62.69,64.51,62.81,60.8,60.29,177.92,60.52,60.12,59.09,62.22,61.8,60.36,60.95,62.28,62.55,81.07,87.56,42.65,36.62,43.85,36.81,34.36,15.54,18.91,20.02,16.84,16.7,17.24,20.9,9.25,7.6,21.06,18.63,16.84,8.92,19.89,9.99,21.67,13.67,19.15,22.51,18.56,22.94,22.36,22.36,20.68,21.76,30.59,49.49,14.43,14.53,52.35,20.56,20.63,26.02,16.64,23.88,18.65,9.94,19.26,20.96,20.42,22.18,18.67,22.26,13.49,12.12,16.34,17.26,17.26,11.95,12.82,11.06,11.31,11.39,16.48,16.57,11.95,11.18,15.01,16.06,16.32,8.07,14.03,14.16,15.04,14.61,14.08,17.04,17.41,15.78,14.95,19.24,24.08,24.01,14.28,22.04,23.77,14.52,27.31,20.58,21.73,66.17,64.14,46.95,69.64,51.21,22.75,22.32,22.51,23.65,24.84,42.04,42.35,0.0,4.65,1.04,10.85,4.57,1.17,1.21,5.13,6.51,1.79,2.58,3.42,4.46,5.36,5.45,5.51,3.64,5.66,3.74,4.16,4.06,7.21,9.76,8.17,3.03,5.48,6.17,4.65,5.97,2.03,1.75,16.64,17.19,16.69,16.49,17.64,20.6,17.1,35.31,9.08,8.6,7.99,12.12,10.97,12.14,8.97,8.48,68.18,62.31,62.32,60.07,60.02,56.78,75.09
129.47,72.7,18.29,19.69,19.25,17.14,18.42,21.01,20.59,18.49,19.1,20.9,20.92,18.43,22.42,22.16,21.94,19.97,126.99,127.66,117.86,106.87,108.91,9.37,9.36,21.56,4.07,68.29,68.29,68.76,69.24,88.81,67.54,70.55,76.98,69.16,69.24,66.46,65.75,69.51,67.9,65.71,67.36,68.99,69.14,66.2,65.78,64.59,63.8,71.68,66.25,65.5,67.32,65.62,70.25,63.1,174.73,63.32,62.92,61.89,65.03,64.61,63.17,63.76,65.09,65.36,83.87,90.37,39.47,33.43,40.67,33.63,31.18,12.35,15.73,16.83,13.66,13.52,14.05,17.72,6.07,4.09,17.88,15.45,13.66,5.74,16.7,6.81,18.48,8.55,15.97,19.33,15.37,19.76,19.18,19.18,17.49,18.57,27.38,45.22,11.24,11.34,48.08,17.38,17.45,22.83,13.45,20.7,15.46,6.76,16.07,17.78,17.23,19.0,15.47,19.05,10.29,8.92,13.14,14.06,14.05,8.74,9.64,7.86,8.1,8.18,13.27,13.36,8.74,8.0,11.8,12.85,13.11,4.44,10.82,10.96,11.83,11.4,10.87,13.85,14.21,12.57,11.74,24.32,29.17,29.09,23.08,27.13,20.56,23.33,25.95,25.66,18.55,71.25,69.22,61.74,74.73,56.29,19.56,19.14,19.32,20.46,21.65,47.12,47.44,5.45,0.0,6.31,16.79,9.19,5.79,4.09,10.21,6.9,4.51,8.11,3.81,9.09,5.75,10.07,2.0,8.26,10.75,2.42,1.81,8.69,3.7,15.7,4.54,5.18,11.01,2.66,6.12,2.29,6.66,7.27,13.44,13.98,13.48,13.28,14.43,17.42,13.89,40.39,17.76,15.88,15.37,16.83,15.68,16.85,16.25,15.75,77.64,71.77,71.77,69.52,69.47,66.23,71.91
134.14,77.37,22.95,24.36,23.92,21.81,23.08,25.68,25.26,23.16,23.77,25.56,25.59,23.1,27.09,26.83,26.61,24.64,131.66,132.33,110.43,99.43,101.48,9.47,9.45,13.77,8.36,60.86,60.86,61.33,61.81,81.37,60.11,63.12,69.55,61.73,61.81,59.02,58.32,62.07,60.47,58.27,59.93,61.55,61.71,58.77,58.35,57.15,56.37,57.6,58.82,58.07,59.89,58.19,56.18,55.66,179.4,55.89,55.49,54.46,57.6,57.18,55.74,56.33,57.66,57.93,76.44,82.94,44.13,38.1,45.34,38.3,35.85,17.02,20.4,21.5,18.33,18.19,18.72,22.39,10.74,8.38,22.55,20.11,18.33,10.41,21.37,11.48,23.15,15.15,20.64,23.99,20.04,24.43,23.84,23.84,22.16,23.24,43.27,49.53,15.91,16.01,52.38,22.05,22.11,27.5,18.12,25.36,20.13,11.43,20.74,22.45,21.9,23.67,20.16,23.74,14.98,13.61,17.83,18.75,18.74,13.43,14.31,12.55,12.79,12.87,17.96,18.05,13.43,12.67,16.49,17.54,17.8,9.11,15.51,15.65,16.52,16.09,15.56,18.52,18.9,17.26,16.43,19.27,24.12,24.05,14.32,22.08,25.25,14.56,27.35,20.62,23.22,66.21,64.17,46.99,69.68,51.25,24.23,23.81,23.99,25.13,26.32,42.07,42.39,1.03,5.43,0.0,10.89,3.55,1.18,2.25,5.16,7.3,2.82,2.6,4.21,3.44,6.15,4.42,6.3,2.62,5.7,4.52,4.95,3.04,7.99,9.8,9.2,4.07,5.5,6.95,6.51,7.01,1.74,1.79,18.13,18.67,18.17,17.97,19.12,22.08,18.58,35.35,8.05,7.57,6.96,9.63,10.34,9.65,7.95,7.45,63.56,57.69,57.69,55.44,55.39,52.15,76.57
142.64,85.87,31.46,32.86,32.43,30.31,31.59,34.18,33.76,31.66,32.27,34.07,34.09,31.6,35.6,35.33,35.11,33.15,140.17,140.84,120.09,109.09,111.14,19.26,19.24,23.83,17.13,70.52,70.52,70.99,71.47,91.03,69.77,72.78,79.21,71.39,71.46,68.68,67.98,71.73,70.13,67.93,69.59,71.21,71.36,68.42,68.01,66.81,66.03,67.26,68.48,67.73,69.54,67.85,65.83,65.32,187.91,65.55,65.15,64.12,67.26,66.84,65.4,65.99,67.32,67.59,86.1,92.6,52.64,46.61,53.84,46.8,44.35,25.53,28.9,30.01,26.83,26.69,27.22,30.89,19.22,17.15,31.05,28.62,26.83,18.89,29.87,19.96,31.65,21.62,29.14,32.5,28.55,32.93,32.35,32.35,30.67,31.75,29.44,38.8,24.41,24.51,41.66,30.55,30.61,40.34,26.62,33.87,28.63,19.91,28.15,30.95,30.41,32.17,27.96,25.73,23.43,22.06,27.1,27.2,27.19,21.88,22.89,21.0,21.24,21.32,26.41,26.5,21.88,21.25,24.95,25.99,26.25,16.45,23.96,24.1,24.97,24.54,24.01,27.02,27.35,25.71,24.88,8.55,13.39,13.32,6.52,11.35,22.44,6.76,16.62,9.89,31.72,56.53,54.49,47.01,60.0,41.57,32.74,32.31,32.49,33.63,34.82,32.39,32.71,10.97,14.56,10.95,0.0,13.2,11.23,11.76,7.07,9.97,12.17,10.5,13.33,13.1,10.18,14.08,15.06,12.86,9.28,13.65,14.07,12.86,16.76,2.12,16.55,11.71,11.19,15.72,9.62,14.35,11.96,9.77,26.58,27.13,26.63,26.42,27.57,30.58,27.03,25.67,17.66,17.5,17.21,17.63,20.0,16.98,17.77,17.64,73.22,67.35,67.35,65.1,65.05,61.81,85.08
138.94,82.18,27.76,29.17,28.73,26.62,27.89,30.48,30.06,27.96,28.57,30.37,30.4,27.9,31.9,31.63,31.41,29.45,126.9,124.97,108.06,97.07,99.11,11.78,11.77,17.1,13.17,58.49,58.49,58.97,59.44,79.01,57.75,60.76,67.18,59.36,59.44,56.66,55.95,59.71,58.1,55.91,57.57,59.19,59.34,56.4,55.98,54.79,54.01,55.24,56.45,55.7,57.52,55.82,53.81,53.3,184.21,53.53,53.13,52.1,55.23,54.81,53.37,53.96,55.29,55.56,74.08,80.57,48.94,42.91,50.14,43.1,40.65,21.83,25.2,26.31,23.13,22.99,23.53,27.19,15.54,13.19,27.35,24.92,23.13,15.21,26.18,16.28,27.96,19.96,25.44,28.8,24.85,29.23,28.65,28.65,26.97,28.05,44.31,50.57,20.72,20.82,53.43,26.85,26.92,32.31,22.93,30.17,24.94,16.23,25.55,27.25,26.71,28.48,24.96,28.55,19.78,18.41,22.63,23.55,23.55,18.24,19.11,17.35,17.6,17.68,22.77,22.86,18.24,17.48,21.3,22.35,22.61,14.37,20.32,20.45,21.33,20.9,20.37,23.33,23.7,22.07,21.24,20.32,25.16,25.09,19.08,23.12,37.55,19.32,28.39,21.66,28.02,67.25,65.22,45.02,70.73,38.86,29.04,28.61,28.8,29.94,31.13,43.12,43.43,6.26,10.24,5.22,15.99,0.0,5.98,7.64,10.67,10.19,8.15,5.65,9.01,2.73,10.95,2.93,11.1,3.7,11.24,9.33,9.75,3.7,12.8,14.89,14.46,9.33,5.5,11.76,11.32,12.27,6.55,6.17,22.93,23.48,22.98,22.78,23.93,26.89,23.39,36.39,6.29,6.14,6.29,7.26,7.97,7.03,6.41,5.4,61.19,55.32,55.33,53.08,53.03,49.79,81.38
133.25,76.48,22.06,23.47,23.03,20.92,22.19,24.78,24.37,22.26,22.87,24.67,24.7,22.2,26.2,25.93,25.72,23.75,130.77,131.44,112.34,101.35,103.39,8.57,8.56,13.07,7.47,62.77,62.77,63.24,63.72,83.29,62.02,65.03,71.46,63.64,63.72,60.94,60.23,63.99,62.38,60.19,61.84,63.47,63.62,60.68,60.26,59.06,58.28,59.51,60.73,59.98,61.8,60.1,58.09,57.57,178.51,57.8,57.4,56.37,59.51,59.09,57.65,58.24,59.57,59.84,78.35,84.85,43.24,37.21,44.44,37.41,34.96,16.13,19.5,20.61,17.43,17.29,17.83,21.5,9.84,7.49,21.65,19.22,17.44,9.51,20.48,10.59,22.26,14.26,19.74,23.1,19.15,23.53,22.95,22.95,21.27,22.35,31.18,49.67,15.02,15.12,52.53,21.16,21.22,26.61,17.23,24.47,19.24,10.53,19.85,21.56,21.01,22.78,19.26,22.85,14.09,12.71,16.94,17.86,17.85,12.54,13.42,11.65,11.9,11.98,17.07,17.16,12.54,11.78,15.6,16.65,16.91,8.67,14.62,14.76,15.63,15.2,14.67,17.63,18.01,16.37,15.54,19.42,24.27,24.19,14.47,22.23,24.36,14.71,27.49,20.76,22.32,66.35,64.32,47.13,69.83,51.39,23.34,22.91,23.1,24.24,25.43,42.22,42.54,0.69,4.54,1.1,11.04,3.98,0.0,1.94,5.31,6.4,2.45,2.84,3.31,3.87,5.25,4.86,5.4,3.05,5.85,3.63,4.06,3.48,7.1,9.94,8.77,3.63,5.74,6.06,5.62,6.57,1.44,1.93,17.24,17.78,17.28,17.08,18.23,21.19,17.69,35.5,8.49,8.01,7.4,11.8,10.66,11.83,8.38,7.89,65.47,59.6,59.6,57.35,57.3,54.06,75.68
131.34,74.57,20.15,21.56,21.12,19.01,20.28,22.87,22.46,20.35,20.97,22.76,22.79,20.29,24.29,24.02,23.81,21.84,128.86,129.53,114.52,103.53,105.57,8.15,8.13,14.3,6.26,64.95,64.95,65.42,65.9,85.47,64.2,67.21,73.64,65.82,65.9,63.12,62.41,66.17,64.56,62.37,64.02,65.65,65.8,62.86,62.44,61.25,60.46,61.69,62.91,62.16,63.98,62.28,60.27,59.76,176.6,59.98,59.58,58.55,61.69,61.27,59.83,60.42,61.75,62.02,80.53,87.03,41.33,35.3,42.54,35.5,33.05,14.22,17.59,18.7,15.52,15.38,15.92,19.59,7.93,6.28,19.74,17.31,15.53,7.6,18.57,8.68,20.35,12.35,17.83,21.19,17.24,21.62,21.04,21.04,19.36,20.44,29.27,47.11,13.11,13.21,49.97,19.25,19.31,24.7,15.32,22.56,17.33,8.62,17.94,19.65,19.1,20.87,17.35,20.94,12.18,10.8,15.03,15.95,15.94,10.63,11.51,9.74,9.99,10.07,15.16,15.25,10.63,9.87,13.69,14.74,15.0,6.86,12.71,12.85,13.72,13.29,12.76,15.72,16.1,14.46,13.63,20.19,25.03,24.96,15.24,22.99,22.45,15.48,28.26,21.53,20.41,67.12,65.09,47.9,70.6,52.16,21.43,21.0,21.19,22.33,23.52,42.99,43.3,1.21,3.33,2.26,11.8,5.86,2.46,0.0,6.08,5.19,0.57,3.88,2.11,5.76,4.05,6.74,4.19,4.93,6.62,2.42,2.85,5.36,5.89,10.71,6.96,1.82,6.78,4.85,3.44,4.76,3.33,3.04,15.33,15.87,15.37,15.17,16.32,19.28,15.78,36.26,10.37,9.89,11.82,13.27,14.43,13.3,10.27,9.77,67.65,61.78,61.78,59.53,59.48,56.24,73.77
137.89,81.12,26.7,28.11,27.67,25.56,26.83,29.43,29.01,26.9,27.52,29.31,29.34,26.84,30.84,30.57,30.36,28.39,135.41,136.08,114.36,103.36,105.41,14.5,14.49,29.96,12.38,64.79,64.79,65.26,65.74,85.3,64.04,67.05,73.48,65.66,65.73,62.95,62.25,66.0,64.4,62.2,63.86,65.48,65.64,62.69,62.28,61.08,60.3,61.53,62.75,62.0,63.81,62.12,60.1,59.59,183.15,59.82,59.42,58.39,61.53,61.11,59.67,60.26,61.59,61.86,80.37,86.87,47.88,41.85,49.09,42.05,39.6,20.77,24.15,25.25,22.07,21.93,22.46,26.14,14.46,12.4,26.29,23.86,22.08,14.13,25.12,15.21,26.9,16.86,24.38,27.74,23.79,28.17,27.59,27.59,25.91,26.99,37.95,44.21,19.65,19.75,47.07,25.79,25.86,31.24,21.87,29.11,23.88,15.15,23.39,26.2,25.65,27.42,23.85,27.43,18.67,17.3,22.34,22.44,22.44,17.13,18.14,16.24,16.48,16.57,21.66,21.75,17.13,16.5,20.19,21.24,21.5,12.0,19.21,19.34,20.22,19.78,19.26,22.26,22.59,20.96,20.13,13.96,18.8,18.73,12.72,16.76,31.18,12.96,22.03,15.3,26.96,60.89,58.86,42.09,64.36,45.93,27.98,27.55,27.74,28.88,30.07,36.76,37.07,6.22,9.8,6.2,8.71,7.54,6.48,7.01,0.0,5.21,7.42,5.75,8.58,7.43,5.42,8.41,10.31,8.39,3.58,8.89,9.32,8.39,12.01,7.61,12.1,6.96,6.84,10.97,5.55,9.9,7.21,5.02,21.82,22.37,21.87,21.66,22.82,25.83,22.28,30.03,12.59,12.43,12.58,13.56,14.27,13.58,12.7,11.69,67.49,61.62,61.62,59.37,59.32,56.08,80.32
133.67,76.9,22.48,23.89,23.45,21.34,22.61,25.21,24.79,22.69,23.3,25.09,25.12,22.63,26.62,26.36,26.14,24.17,131.19,131.86,119.78,108.79,110.83,13.46,13.45,25.74,8.16,70.21,70.21,70.68,71.16,90.73,69.46,72.47,78.9,71.08,71.16,68.38,67.67,71.43,69.82,67.63,69.28,70.91,71.06,68.12,67.7,66.51,65.72,66.95,68.17,67.42,69.24,67.54,65.53,65.02,178.93,65.24,64.84,63.81,66.95,66.53,65.09,65.68,67.01,67.28,85.79,92.29,43.66,37.63,44.87,37.83,35.38,16.55,19.93,21.03,17.86,17.72,18.24,21.92,10.25,8.18,22.08,19.64,17.86,9.92,20.9,10.99,22.68,12.64,20.17,23.52,19.57,23.96,23.37,23.37,21.69,22.77,42.98,49.24,15.44,15.54,52.1,21.57,21.64,27.03,17.65,24.9,19.66,10.94,19.18,21.98,21.43,23.2,19.63,23.22,14.45,13.08,18.12,18.23,18.22,12.91,13.92,12.02,12.27,12.35,17.44,17.53,12.91,12.28,15.97,17.02,17.28,8.7,14.99,15.12,16.0,15.57,15.04,18.05,18.37,16.74,15.91,18.99,23.83,23.76,17.75,21.79,24.73,17.99,27.06,20.33,22.75,65.92,63.89,56.4,69.39,50.96,23.76,23.34,23.52,24.66,25.85,41.79,42.1,6.35,5.58,5.58,10.3,7.84,5.87,5.13,4.87,0.0,4.89,5.13,4.36,7.73,1.2,8.71,6.09,7.49,5.41,4.67,5.1,7.49,7.79,9.21,8.79,3.98,8.03,6.75,1.61,6.74,6.59,4.4,17.61,18.15,17.65,17.45,18.6,21.61,18.06,35.06,12.95,12.8,11.84,13.92,19.69,13.42,13.06,12.05,72.91,67.04,67.04,64.79,64.74,61.5,76.11
131.78,75.01,20.59,22.0,21.56,19.45,20.72,23.31,22.9,20.79,21.41,23.2,23.23,20.73,24.73,24.46,24.25,22.28,129.3,129.97,115.09,104.1,106.14,8.72,8.71,23.87,6.7,65.52,65.52,66.0,66.47,86.04,64.78,67.79,74.21,66.39,66.47,63.69,62.98,66.74,65.13,62.94,64.59,66.22,66.37,63.43,63.01,61.82,61.03,62.27,63.48,62.73,64.55,62.85,60.84,60.33,177.04,60.56,60.16,59.13,62.26,61.84,60.4,60.99,62.32,62.59,81.11,87.6,41.77,35.74,42.98,35.94,33.49,14.66,18.03,19.14,15.96,15.82,16.36,20.03,8.37,6.72,20.18,17.75,15.97,8.04,19.01,9.12,20.79,12.79,18.27,21.63,17.68,22.06,21.48,21.48,19.8,20.88,29.71,50.34,13.55,13.65,53.2,19.69,19.75,25.14,15.76,23.0,17.77,9.06,18.38,20.09,19.54,21.31,17.79,21.38,12.62,11.24,15.47,16.39,16.38,11.07,11.95,10.18,10.43,10.51,15.6,15.69,11.07,10.31,14.13,15.18,15.44,7.06,13.15,13.29,14.16,13.73,13.2,16.16,16.54,14.9,14.07,20.09,24.93,24.86,15.13,22.89,22.89,15.38,28.16,21.43,20.85,67.02,64.99,47.8,70.49,52.06,21.87,21.44,21.63,22.77,23.96,42.89,43.2,1.79,3.77,2.83,11.7,6.3,3.04,0.57,5.98,5.63,0.0,3.78,2.55,6.2,4.49,7.18,4.63,5.51,6.51,2.86,3.29,5.96,6.33,10.61,7.15,2.02,6.68,5.29,3.64,4.96,3.9,2.94,15.77,16.31,15.81,15.61,16.76,19.72,16.22,36.16,11.42,11.26,12.39,13.84,15.0,13.87,11.53,10.34,68.22,62.35,62.35,60.11,60.06,56.81,74.21
136.64,79.87,25.46,26.86,26.42,24.31,25.59,28.18,27.76,25.66,26.27,28.07,28.09,25.6,29.59,29.33,29.11,27.15,134.16,127.18,110.27,99.27,101.32,10.88,10.87,16.2,10.75,60.7,60.7,61.17,61.65,81.21,59.95,62.96,69.39,61.57,61.64,58.86,58.16,61.91,60.31,58.11,59.77,61.39,61.54,58.6,58.19,56.99,56.21,57.44,58.66,57.91,59.72,58.03,56.01,55.5,181.91,55.73,55.33,54.3,57.44,57.02,55.57,56.17,57.5,57.77,76.28,82.78,46.64,40.61,47.84,40.8,38.35,19.53,22.9,24.01,20.83,20.69,18.67,24.89,13.24,10.77,25.05,22.62,20.83,12.91,23.87,13.98,25.65,15.24,23.14,26.5,22.55,26.93,26.35,26.35,24.67,25.75,45.67,51.93,15.86,15.96,54.79,22.0,22.06,27.45,20.62,27.87,22.63,13.93,19.6,24.95,24.41,26.17,20.19,23.77,15.01,13.64,18.54,18.78,18.78,13.47,14.28,12.58,12.82,12.91,18.0,18.09,13.47,12.64,16.53,17.58,17.84,9.86,15.55,15.68,16.56,16.13,15.6,18.47,18.93,17.3,16.47,21.68,26.52,26.45,20.44,24.48,25.29,20.68,29.75,23.02,25.72,68.61,66.58,45.37,72.08,39.21,26.74,26.31,26.49,27.63,28.82,44.48,44.79,3.42,7.82,3.12,10.76,3.45,3.68,4.63,5.04,5.92,5.28,0.0,6.6,3.34,6.07,4.29,8.69,3.1,5.58,6.91,7.34,3.1,10.38,9.67,9.96,4.82,2.9,9.34,6.44,7.76,4.45,2.21,18.16,18.71,18.21,18.01,19.16,22.03,18.62,37.75,8.5,8.34,7.45,9.47,10.18,8.29,8.61,7.6,63.4,57.53,57.53,55.28,55.23,51.99,79.08
130.62,73.85,19.44,20.84,20.4,18.29,19.57,22.16,21.74,19.64,20.25,22.05,22.07,19.58,23.57,23.31,23.09,21.13,128.14,128.81,116.14,105.15,107.19,9.77,9.75,22.37,4.88,66.57,66.57,67.04,67.52,87.09,65.82,68.83,75.26,67.44,67.52,64.74,64.03,67.79,66.18,63.99,65.64,67.27,67.42,64.48,64.06,62.87,62.08,63.31,64.53,63.78,65.6,63.9,61.89,61.38,175.89,61.6,61.2,60.17,63.31,62.89,61.45,62.04,63.37,63.64,82.15,88.65,40.62,34.59,41.82,34.78,32.33,13.51,16.88,17.98,14.81,14.67,15.2,18.87,6.88,4.9,19.03,16.6,14.81,6.55,17.85,7.62,19.63,9.36,17.12,20.48,16.52,20.91,20.33,20.33,18.65,19.72,28.5,46.34,12.39,12.49,49.2,18.53,18.59,23.98,14.6,21.85,16.61,7.57,16.13,18.93,18.38,20.15,16.58,20.17,11.41,10.03,15.07,15.18,15.17,9.86,10.45,8.97,9.22,9.3,14.39,14.48,9.86,8.81,12.92,13.97,14.23,5.25,11.94,12.08,12.95,12.52,11.99,15.0,15.33,13.69,12.86,22.6,27.45,27.37,21.37,25.41,21.68,21.61,30.67,23.94,19.7,69.54,67.5,60.02,73.01,54.57,20.71,20.29,20.47,21.61,22.8,45.4,45.72,3.73,1.94,4.59,15.07,7.48,4.07,2.37,8.49,5.18,2.79,6.39,0.0,7.37,4.04,8.35,2.81,6.54,9.03,1.03,1.46,6.97,4.51,13.98,5.35,3.46,9.29,3.47,4.4,3.1,4.94,5.55,14.56,15.1,14.6,14.4,15.55,18.56,15.01,38.68,11.98,11.5,13.44,14.89,16.05,14.92,11.88,11.38,69.27,63.4,63.4,61.15,61.1,57.86,73.06
145.52,88.76,34.34,35.75,35.31,33.2,34.47,37.06,36.64,34.54,35.15,36.95,36.98,34.48,38.48,38.21,37.99,36.03,143.05,143.72,121.17,110.18,112.22,22.14,22.13,28.61,20.01,71.6,71.6,72.07,72.55,92.11,70.85,73.86,80.29,72.47,72.55,69.77,69.06,72.82,71.21,69.02,70.67,72.3,72.45,69.51,69.09,67.89,67.11,68.34,69.56,68.81,70.63,68.93,66.92,66.4,190.79,66.63,66.23,65.2,68.34,67.92,66.48,67.07,68.4,68.67,87.18,93.68,55.52,49.49,56.72,49.68,47.23,28.41,31.78,32.89,29.71,29.57,30.1,33.77,22.1,20.04,33.93,31.5,29.71,21.77,32.76,22.84,34.54,24.5,32.02,35.38,31.43,35.81,35.23,35.23,33.55,34.63,42.37,48.62,27.29,27.39,51.48,33.43,33.49,38.88,29.51,36.75,31.52,22.79,31.03,33.83,33.29,35.05,31.49,38.89,26.31,24.94,29.98,30.08,30.07,24.76,25.77,23.88,24.12,24.21,29.3,29.39,24.76,24.13,27.83,28.88,29.13,19.64,26.84,26.98,27.86,27.42,26.9,29.9,30.23,28.59,27.76,18.37,23.22,23.14,17.14,21.18,35.6,17.38,26.45,19.72,34.6,65.31,63.27,55.79,68.78,50.35,35.62,35.19,35.38,36.52,37.71,41.17,41.49,13.86,17.44,13.83,14.04,14.35,14.12,14.64,8.73,12.85,15.06,13.38,16.22,0.0,13.06,0.98,17.95,15.21,9.29,16.53,16.96,15.21,19.64,12.95,19.74,14.6,11.91,18.6,13.19,17.54,14.84,12.65,29.46,30.01,29.51,29.3,30.45,33.46,29.91,34.45,18.77,18.62,19.39,18.75,21.08,18.1,18.89,18.75,74.3,68.43,68.43,66.18,66.13,62.89,87.96
132.93,76.16,21.75,23.16,22.72,20.61,21.88,24.47,24.05,21.95,22.56,24.36,24.39,21.89,25.89,25.62,25.4,23.44,130.46,131.13,119.04,108.05,110.1,12.73,12.72,25.01,7.42,69.48,69.48,69.95,70.42,89.99,68.73,71.74,78.17,70.34,70.42,67.64,66.93,70.69,69.09,66.89,68.55,70.17,70.32,67.38,66.97,65.77,64.99,66.22,67.43,66.69,68.5,66.81,64.79,64.28,178.2,64.51,64.11,63.08,66.22,65.8,64.35,64.94,66.28,66.54,85.06,91.56,42.93,36.9,44.13,37.09,34.64,15.82,19.19,20.3,17.12,16.98,17.51,21.18,9.51,7.45,21.34,18.91,17.12,9.18,20.17,10.25,21.95,11.91,19.43,22.79,18.84,23.22,22.64,22.64,20.96,22.04,42.56,48.82,14.7,14.8,51.68,20.84,20.9,26.29,16.92,24.16,18.93,10.2,18.44,21.24,20.7,22.46,18.9,22.48,13.72,12.35,17.39,17.49,17.48,12.17,13.18,11.29,11.53,11.62,16.71,16.8,12.17,11.54,15.24,16.29,16.54,7.96,14.25,14.39,15.27,14.83,14.31,17.31,17.64,16.0,15.17,18.57,23.41,23.34,17.33,21.37,23.99,17.57,26.64,19.91,22.01,65.5,63.47,55.98,68.97,50.54,23.03,22.6,22.79,23.93,25.11,41.37,41.68,5.61,4.85,5.16,11.04,7.42,5.45,4.4,4.45,1.15,4.15,4.71,3.63,7.31,0.0,8.29,5.36,7.07,4.99,3.94,4.37,7.07,7.05,9.94,8.06,3.25,7.61,6.01,1.95,6.0,6.17,3.98,16.87,17.42,16.92,16.71,17.86,20.87,17.32,34.64,12.53,12.37,11.42,13.5,18.95,13.0,12.64,11.63,72.18,66.3,66.31,64.06,64.01,60.77,75.37
144.54,87.77,33.36,34.76,34.32,32.21,33.49,36.08,35.66,33.56,34.17,35.97,35.99,33.5,37.49,37.23,37.01,35.05,142.06,142.73,120.18,109.19,111.24,21.16,21.14,27.62,19.03,70.62,70.62,71.09,71.56,91.13,69.87,72.88,79.31,71.48,71.56,68.78,68.07,71.83,70.23,68.03,69.69,71.31,71.46,68.52,68.11,66.91,66.13,67.36,68.57,67.83,69.64,67.95,65.93,65.42,189.81,65.65,65.25,64.22,67.36,66.94,65.49,66.08,67.42,67.68,86.2,92.7,54.54,48.51,55.74,48.7,46.25,27.43,30.8,31.9,28.73,28.59,29.12,32.79,21.12,19.05,32.95,30.52,28.73,20.79,31.77,21.86,33.55,23.51,31.04,34.4,30.45,34.83,34.25,34.25,32.57,33.64,41.38,47.64,26.31,26.41,50.5,32.45,32.51,37.9,28.52,35.77,30.53,21.81,30.05,32.85,32.31,34.07,30.51,37.9,25.33,23.96,28.99,29.1,29.09,23.78,24.79,22.9,23.14,23.22,28.31,28.4,23.78,23.15,26.84,27.89,28.15,18.65,25.86,26.0,26.87,26.44,25.91,28.92,29.25,27.61,26.78,17.39,22.24,22.16,16.15,20.19,34.62,16.39,25.46,18.73,33.62,64.32,62.29,54.81,67.8,49.36,34.63,34.21,34.39,35.53,36.72,40.19,40.5,12.87,16.46,12.85,13.06,13.37,13.14,13.66,7.75,11.87,14.07,12.4,15.23,13.26,12.08,0.0,16.96,14.22,8.31,15.55,15.97,14.22,18.66,11.97,18.75,13.61,10.93,17.62,12.21,16.56,13.86,11.67,28.48,29.02,28.52,28.32,29.47,32.48,28.93,33.46,17.79,17.64,18.41,17.77,20.09,17.11,17.9,17.77,73.32,67.44,67.45,65.2,65.15,61.91,86.98
129.32,72.55,18.13,19.54,19.1,16.99,18.26,20.86,20.44,18.33,18.95,20.74,20.77,18.27,22.27,22.0,21.79,19.82,126.84,127.51,116.64,105.65,107.69,7.4,7.39,13.52,2.1,67.07,67.07,67.55,68.02,87.59,66.33,69.34,75.76,67.94,68.02,65.24,64.53,68.29,66.68,64.49,66.14,67.77,67.92,64.98,64.56,63.37,62.58,63.82,65.03,64.28,66.1,64.4,62.39,61.88,174.58,62.11,61.71,60.68,63.81,63.39,61.95,62.54,63.87,64.14,82.66,89.15,39.31,33.28,40.52,33.48,31.03,12.2,15.58,16.68,13.5,13.36,13.9,17.57,5.91,2.12,17.72,15.29,13.51,5.58,16.55,3.82,18.33,6.58,15.81,19.17,15.22,19.61,19.02,19.02,17.34,18.42,27.23,45.07,11.09,11.19,47.93,17.23,17.29,22.68,13.3,20.54,15.31,3.77,15.92,17.63,17.08,18.85,15.31,18.9,10.13,8.76,12.98,13.9,13.9,8.59,9.49,7.7,7.95,8.03,13.12,13.21,8.59,7.85,11.65,12.7,12.96,4.97,10.67,10.8,11.68,11.25,10.72,13.7,14.05,12.42,11.59,24.15,29.0,28.92,22.92,26.96,20.41,23.16,25.79,25.5,18.39,71.09,69.05,61.57,74.56,56.13,19.41,18.98,19.17,20.31,21.5,46.95,47.27,5.79,3.32,6.65,16.62,10.06,6.13,4.83,10.04,6.74,4.58,8.02,4.15,9.95,5.59,10.94,0.0,9.25,10.58,3.44,2.84,9.67,1.73,15.53,5.07,5.26,10.92,1.94,5.95,2.81,6.99,7.18,13.28,13.83,13.33,13.13,14.28,17.26,13.74,40.23,17.04,15.16,14.65,16.11,14.96,16.13,15.53,15.03,69.77,63.9,63.91,61.66,61.61,58.37,71.75
136.73,79.96,25.54,26.95,26.51,24.4,25.67,28.26,27.85,25.74,26.36,28.15,28.18,25.68,29.68,29.41,29.2,27.23,126.65,124.72,107.81,96.82,98.86,8.97,8.96,15.04,11.23,58.24,58.24,58.72,59.19,78.76,57.5,60.51,66.93,59.11,59.19,56.41,55.7,59.46,57.85,55.66,57.31,58.94,59.09,56.15,55.73,54.54,53.76,54.99,56.2,55.45,57.27,55.57,53.56,53.05,181.99,53.28,52.88,51.85,54.98,54.56,53.12,53.71,55.04,55.31,73.83,80.32,46.72,40.69,47.93,40.89,38.44,19.61,22.98,24.09,20.91,20.77,21.31,24.98,13.32,11.26,25.13,22.7,20.92,12.99,23.96,14.07,25.74,17.74,23.22,26.58,22.63,27.01,26.43,26.43,24.75,25.83,43.19,49.45,18.5,18.6,52.3,24.64,24.7,30.09,20.71,27.95,22.72,14.01,23.33,25.04,24.49,26.26,22.74,26.33,17.57,16.19,20.42,21.34,21.33,16.02,16.9,15.13,15.38,15.46,20.55,20.64,16.02,15.26,19.08,20.13,20.39,11.96,18.1,18.24,19.11,18.68,18.15,21.11,21.49,19.85,19.02,19.19,24.04,23.97,17.96,22.0,27.84,18.2,27.27,20.54,25.8,66.13,64.09,56.61,69.6,51.17,26.82,26.39,26.58,27.72,28.91,42.0,42.31,3.85,7.83,2.82,13.51,0.93,3.58,5.23,7.79,9.7,5.74,4.42,6.61,0.82,8.55,1.8,9.17,0.0,10.11,6.92,7.35,1.29,10.86,12.42,12.06,6.92,4.82,9.82,8.91,9.86,4.15,4.41,20.72,21.26,20.76,20.56,21.71,24.67,21.17,35.27,5.44,4.96,4.34,7.01,7.72,7.04,5.33,4.83,60.94,55.07,55.08,52.83,52.78,49.54,79.16
137.75,80.98,26.56,27.97,27.53,25.42,26.69,29.29,28.87,26.77,27.38,29.17,29.2,26.71,30.7,30.44,30.22,28.25,135.27,135.94,111.8,100.81,102.86,17.54,17.53,29.82,12.24,62.24,62.24,62.71,63.19,82.75,61.49,64.5,70.93,63.1,63.18,60.4,59.7,63.45,61.85,59.65,61.31,62.93,63.08,60.14,59.73,58.53,57.75,58.98,60.19,59.45,61.26,59.57,57.55,57.04,183.01,57.27,56.87,55.84,58.98,58.56,57.11,57.7,59.04,59.31,77.82,84.32,47.74,41.71,48.95,41.91,39.46,20.63,24.01,25.11,21.93,21.8,22.32,26.0,14.33,12.26,26.16,23.72,21.94,13.99,24.98,15.07,26.76,16.72,24.24,27.6,23.65,28.04,27.45,27.45,25.77,26.85,38.53,44.79,19.51,19.62,47.65,25.65,25.72,31.1,21.73,28.97,23.74,15.02,23.26,26.06,25.51,27.28,23.71,27.3,18.53,17.16,22.2,22.3,22.3,16.99,18.0,16.1,16.35,16.43,21.52,21.61,16.99,16.36,20.05,21.1,21.36,12.77,19.07,19.2,20.08,19.65,19.12,22.12,22.45,20.82,19.99,14.54,19.38,19.31,13.3,17.34,31.76,13.54,22.61,15.88,26.82,61.47,59.44,42.05,64.95,46.51,27.84,27.42,27.6,28.74,29.93,37.34,37.65,7.32,9.66,7.3,8.75,8.2,7.58,9.21,3.49,5.07,8.97,6.85,8.44,8.1,5.28,8.29,10.17,9.21,0.0,8.75,9.18,9.21,11.87,7.66,12.87,8.06,4.65,10.83,5.87,10.81,8.31,6.12,21.68,22.23,21.73,21.53,22.68,25.69,22.14,30.61,10.11,9.95,10.76,10.08,11.71,9.43,10.22,10.09,64.94,59.06,59.07,56.82,56.77,53.53,80.18
129.99,73.22,18.8,20.21,19.77,17.66,18.93,21.53,21.11,19.01,19.62,21.41,21.44,18.95,22.94,22.68,22.46,20.49,127.51,128.18,116.21,105.22,107.26,9.89,9.88,22.08,4.58,66.64,66.64,67.12,67.59,87.16,65.89,68.9,75.33,67.51,67.59,64.81,64.1,67.86,66.25,64.06,65.71,67.34,67.49,64.55,64.13,62.94,62.15,63.39,64.6,63.85,65.67,63.97,61.96,61.45,175.25,61.68,61.27,60.24,63.38,62.96,61.52,62.11,63.44,63.71,82.23,88.72,39.98,33.95,41.19,34.15,31.7,12.87,16.25,17.35,14.17,14.04,14.57,18.24,6.59,4.61,18.4,15.96,14.18,6.25,17.22,7.33,19.0,9.07,16.48,19.84,15.89,20.28,19.69,19.69,18.01,19.09,27.9,45.74,11.76,11.86,48.6,17.9,17.96,23.35,13.97,21.21,15.98,7.28,16.59,18.3,17.75,19.52,15.98,19.57,10.81,9.43,13.66,14.58,14.57,9.26,10.16,8.37,8.62,8.7,13.79,13.88,9.26,8.52,12.32,13.37,13.63,4.96,11.34,11.47,12.35,11.92,11.39,14.37,14.73,13.09,12.26,22.67,27.52,27.44,21.44,25.48,21.08,21.68,30.74,24.02,19.06,69.61,67.57,60.09,73.08,54.65,20.08,19.66,19.84,20.98,22.17,45.47,45.79,3.8,1.65,4.67,15.14,7.55,4.15,2.44,8.56,5.25,2.86,6.46,2.17,7.44,4.11,8.42,2.52,6.62,9.1,0.0,1.17,7.04,4.22,14.05,5.06,3.53,9.36,3.18,4.47,2.8,5.01,5.62,13.96,14.5,14.0,13.8,14.95,17.93,14.41,38.75,12.05,11.58,13.51,14.96,16.12,14.99,11.95,11.45,69.34,63.47,63.47,61.23,61.18,57.93,72.42
128.82,72.05,17.63,19.04,18.6,16.49,17.76,20.36,19.94,17.84,18.45,20.24,20.27,17.78,21.77,21.51,21.29,19.32,126.34,127.01,117.21,106.22,108.26,8.72,8.71,20.91,3.42,67.64,67.64,68.11,68.59,88.16,66.89,69.9,76.33,68.51,68.59,65.81,65.1,68.86,67.25,65.06,66.71,68.34,68.49,65.55,65.13,63.93,63.15,71.03,65.6,64.85,66.67,64.97,69.6,62.44,174.08,62.67,62.27,61.24,64.38,63.96,62.52,63.11,64.44,64.71,83.22,89.72,38.81,32.78,40.02,32.98,30.53,11.7,15.08,16.18,13.01,12.87,13.4,17.07,5.42,3.44,17.23,14.8,13.01,5.09,16.05,6.16,17.83,7.9,15.32,18.68,14.72,19.11,18.52,18.52,16.84,17.92,26.73,44.57,10.59,10.69,47.43,16.73,16.79,22.18,12.8,20.05,14.81,6.11,15.42,17.13,16.58,18.35,14.81,18.4,9.64,8.26,12.49,13.41,13.4,8.09,8.99,7.2,7.45,7.53,12.62,12.71,8.09,7.35,11.15,12.2,12.46,3.79,10.17,10.31,11.18,10.75,10.22,13.2,13.56,11.92,11.09,23.67,28.51,28.44,22.43,26.47,19.91,22.67,25.3,25.01,17.9,70.6,68.57,61.09,74.08,55.64,18.91,18.49,18.67,19.81,21.0,46.47,46.78,4.8,1.64,5.66,16.14,8.54,5.14,3.44,9.56,6.25,3.85,7.46,3.16,8.44,5.1,9.42,1.35,7.61,10.1,1.76,0.0,8.04,3.05,15.05,3.89,4.53,10.36,2.01,5.47,1.64,6.0,6.62,12.79,13.33,12.83,12.63,13.78,16.77,13.24,39.74,17.11,15.23,14.72,16.17,15.03,16.2,15.6,15.1,76.99,71.11,71.12,68.87,68.82,65.58,71.26
135.32,78.55,24.13,25.54,25.1,22.99,24.26,26.86,26.44,24.34,24.95,26.74,26.77,24.28,28.27,28.01,27.79,25.82,132.84,126.04,109.12,98.13,100.18,8.85,8.83,14.16,9.54,59.56,59.56,60.03,60.5,80.07,58.81,61.82,68.25,60.42,60.5,57.72,57.02,60.77,59.17,56.97,58.63,60.25,60.4,57.46,57.05,55.85,55.07,56.3,57.51,56.77,58.58,56.89,54.87,54.36,180.58,54.59,54.19,53.16,56.3,55.88,54.43,55.02,56.36,56.63,75.14,81.64,45.31,39.28,46.52,39.48,37.03,18.2,21.58,22.68,19.51,19.37,19.9,23.57,11.92,9.57,23.73,21.3,19.51,11.59,22.55,12.66,24.33,16.34,21.82,25.18,21.22,25.61,25.02,25.02,23.34,24.42,44.5,50.76,17.09,17.19,53.62,23.23,23.29,28.68,19.3,26.55,21.31,12.61,21.92,23.63,23.08,24.85,21.34,24.92,16.16,14.79,19.01,19.93,19.92,14.61,15.49,13.73,13.97,14.05,19.14,19.24,14.61,13.85,17.68,18.72,18.98,10.74,16.69,16.83,17.7,17.27,16.74,19.7,20.08,18.44,17.61,20.51,25.35,25.28,19.27,23.31,26.43,19.51,28.58,21.85,24.4,67.44,65.41,57.93,70.92,52.48,25.41,24.99,25.17,26.31,27.5,43.31,43.62,2.63,6.61,1.6,12.29,2.24,2.36,4.01,6.57,8.48,4.52,3.19,5.39,2.14,7.33,3.12,7.48,1.31,7.1,5.7,6.13,0.0,9.17,11.2,10.84,5.7,5.09,8.13,7.69,8.64,2.92,3.19,19.31,19.86,19.36,19.15,20.3,23.27,19.76,36.58,6.75,6.27,5.66,8.32,9.03,8.35,6.64,6.15,62.26,56.38,56.39,54.14,54.09,50.85,77.76
129.09,72.32,17.91,19.31,18.88,16.77,18.04,20.63,20.21,18.11,18.72,20.52,20.54,18.05,22.05,21.78,21.56,19.6,126.62,127.29,122.85,111.86,113.91,9.01,9.0,18.69,3.7,73.29,73.29,73.76,74.24,93.8,72.54,75.55,81.98,74.15,74.23,71.45,70.75,74.5,72.9,70.7,72.36,73.98,74.13,71.19,70.78,69.58,68.8,68.81,71.24,70.5,72.31,70.62,67.38,68.09,174.36,68.32,67.92,66.89,68.29,69.61,68.16,68.75,70.09,68.15,88.87,92.05,39.09,33.06,40.29,33.25,30.8,11.98,15.35,16.46,13.28,13.14,13.67,17.34,2.96,0.83,17.5,15.07,13.28,2.63,16.32,2.53,18.1,8.19,15.59,18.95,15.0,19.38,18.8,18.8,17.12,18.2,27.03,44.87,10.87,10.97,47.72,17.0,17.07,22.46,13.07,20.32,15.08,2.48,15.7,17.4,16.86,18.62,15.11,18.69,9.93,8.56,12.78,13.7,13.7,8.39,9.26,7.5,7.74,7.83,12.92,13.01,8.39,7.62,11.45,12.5,12.76,6.58,10.47,10.6,11.48,11.04,10.52,13.48,13.85,12.22,11.39,25.76,30.61,30.53,24.52,28.56,20.21,24.76,25.59,27.1,18.17,72.69,70.66,63.18,76.17,57.73,19.19,18.76,18.94,20.08,21.27,48.56,48.87,7.39,4.93,8.26,18.23,11.67,7.74,6.44,11.65,8.34,6.19,9.63,5.76,11.56,7.19,12.54,2.93,10.86,12.19,5.05,4.45,11.28,0.0,17.14,6.67,6.86,12.52,3.54,7.56,4.42,8.6,8.79,13.08,13.63,13.13,12.92,14.08,17.04,13.54,41.83,18.65,16.76,16.26,17.71,16.57,17.74,17.14,16.64,74.77,68.89,68.9,66.65,66.6,63.36,71.53
142.75,85.98,31.56,32.97,32.53,30.42,31.69,34.29,33.87,31.77,32.38,34.17,34.2,31.71,35.7,35.43,35.22,33.25,140.27,140.94,118.64,107.65,109.69,19.36,19.35,23.94,17.24,69.07,69.07,69.54,70.02,89.59,68.32,71.33,77.76,69.94,70.02,67.24,66.53,70.29,68.68,66.49,68.14,69.77,69.92,66.98,66.56,65.37,64.58,65.81,67.03,66.28,68.1,66.4,64.39,63.88,188.01,64.1,63.7,62.67,65.81,65.39,63.95,64.54,65.87,66.14,84.65,91.15,52.74,46.71,53.95,46.91,44.46,25.63,29.01,30.11,26.93,26.8,27.32,31.0,19.32,17.26,31.16,28.72,26.94,18.99,29.98,20.07,31.76,21.72,29.24,32.6,28.65,33.04,32.45,32.45,30.77,31.85,31.59,38.0,24.51,24.62,40.85,30.65,30.72,42.73,26.73,33.97,28.74,20.02,28.26,31.06,30.51,32.28,30.34,28.11,23.53,22.16,27.2,27.3,27.3,21.99,23.0,21.1,21.34,21.43,26.52,26.61,21.99,21.36,25.05,26.1,26.36,16.55,24.07,24.2,25.08,24.65,24.12,27.12,27.45,25.82,24.99,6.93,11.78,11.7,4.53,9.73,24.83,4.77,15.82,8.27,31.82,54.53,52.5,45.02,58.01,39.57,32.84,32.42,32.6,33.74,34.93,30.4,30.71,11.08,14.66,11.05,3.25,13.31,11.34,11.86,7.17,10.07,12.28,10.6,13.44,13.2,10.28,14.18,15.17,12.97,9.15,13.75,14.18,12.97,16.87,0.0,16.65,11.82,11.07,15.83,9.73,14.45,12.07,9.87,26.68,27.23,26.73,26.53,27.68,30.69,27.14,23.67,16.94,16.79,17.31,16.92,18.55,16.26,17.05,16.92,71.77,65.9,65.9,63.65,63.6,60.36,85.18
129.49,72.72,18.31,19.71,19.28,17.17,18.44,21.03,20.61,18.51,19.12,20.92,20.94,18.45,22.45,22.18,21.96,20.0,127.02,127.69,117.38,106.39,108.44,9.4,9.38,21.59,4.09,67.82,67.82,68.29,68.76,88.33,67.07,70.08,76.51,68.68,68.76,65.98,65.28,69.03,67.43,65.23,66.89,68.51,68.66,65.72,65.31,64.11,63.33,71.7,65.77,65.03,66.84,65.15,70.28,62.62,174.76,62.85,62.45,61.42,64.56,64.14,62.69,63.28,64.62,64.89,83.4,89.9,39.49,33.46,40.69,33.65,31.2,12.38,15.75,16.86,13.68,13.54,12.24,17.74,6.09,4.11,17.9,15.47,13.68,5.76,16.73,6.83,18.51,8.57,15.99,19.35,15.4,19.78,19.2,19.2,17.52,18.6,25.68,43.52,9.43,9.53,46.38,15.57,15.63,21.02,13.47,20.72,15.48,6.78,13.17,17.8,17.26,19.02,13.76,17.34,8.58,7.21,12.11,12.35,12.35,7.04,7.85,6.15,6.39,6.48,11.57,11.66,7.04,6.21,10.1,11.15,11.41,3.43,9.12,9.25,10.13,9.7,9.17,12.04,12.5,10.87,10.04,24.9,29.74,29.67,23.66,27.7,18.86,23.9,24.24,26.24,18.57,71.83,69.8,62.31,75.3,56.87,19.59,19.16,19.34,20.48,21.67,47.7,48.01,6.03,2.88,6.9,17.37,10.81,6.38,4.68,10.78,7.48,5.94,8.7,4.4,10.7,6.33,11.68,2.02,8.85,11.32,3.0,2.4,9.27,3.72,16.27,0.0,6.62,11.6,2.68,6.69,2.01,7.24,7.86,11.73,12.28,11.78,11.57,12.73,15.6,12.19,40.97,17.78,15.9,15.39,16.85,15.71,16.88,16.27,15.78,77.66,71.79,71.79,69.55,69.49,66.25,71.93
130.62,73.85,19.44,20.84,20.4,18.29,19.56,22.16,21.74,19.64,20.25,22.05,22.07,19.58,23.57,23.31,23.09,21.12,128.14,128.81,116.18,105.18,107.23,9.81,9.79,23.97,6.48,66.61,66.61,67.08,67.56,87.12,65.86,68.87,75.3,67.48,67.56,64.77,64.07,67.82,66.22,64.02,65.68,67.3,67.46,64.52,64.1,62.9,62.12,63.35,64.57,63.82,65.64,63.94,61.93,61.41,175.88,61.64,61.24,60.21,63.35,62.93,61.49,62.08,63.41,63.68,82.19,88.69,40.61,34.58,41.82,34.78,32.33,13.5,16.88,17.98,14.81,14.67,14.39,18.87,8.48,6.5,19.03,16.6,14.81,8.15,17.85,9.22,19.63,10.96,17.12,20.48,16.52,20.91,20.33,20.33,18.64,19.72,27.83,50.61,11.58,11.68,53.47,17.72,17.78,23.17,13.24,21.85,16.61,9.17,15.32,18.93,18.38,20.15,15.91,19.5,10.74,9.36,14.27,14.51,14.5,9.19,10.0,8.3,8.55,8.63,13.72,13.81,9.19,8.36,12.25,13.3,13.56,5.58,11.27,11.41,12.28,11.85,11.32,14.19,14.66,13.02,12.19,20.36,25.21,25.13,19.12,23.16,21.01,19.36,28.43,21.7,19.7,67.29,65.26,57.78,70.77,52.33,20.71,20.29,20.47,21.61,22.8,43.16,43.48,3.0,3.54,4.04,11.82,6.93,4.11,1.78,6.25,2.94,1.54,4.4,2.32,6.82,1.79,7.81,4.41,6.4,6.79,2.63,3.06,6.59,6.11,10.73,5.68,0.0,7.3,5.07,2.16,3.48,4.97,3.72,13.89,14.43,13.93,13.73,14.88,17.75,14.34,36.43,12.05,11.89,13.47,14.93,16.09,14.96,12.16,11.23,69.31,63.44,63.44,61.19,61.14,57.9,73.06
139.07,82.3,27.88,29.29,28.85,26.74,28.01,30.61,30.19,28.09,28.7,30.49,30.52,28.03,32.02,31.75,31.54,29.57,129.84,127.92,111.01,100.01,102.06,13.73,13.72,19.05,13.18,61.44,61.44,61.91,62.39,81.95,60.69,63.7,70.13,62.3,62.38,59.6,58.9,62.65,61.05,58.85,60.51,62.13,62.28,59.34,58.93,57.73,56.95,58.18,59.39,58.65,60.46,58.77,56.75,56.24,184.33,56.47,56.07,55.04,58.18,57.76,56.31,56.9,58.24,58.51,77.02,83.52,49.06,43.03,50.27,43.23,40.78,21.95,25.33,26.43,23.25,23.12,21.09,27.32,15.67,13.2,27.48,25.04,23.26,15.33,26.3,16.41,28.08,17.66,25.56,28.92,24.97,29.36,28.77,28.77,27.09,28.17,46.41,52.67,18.28,18.39,55.53,24.42,24.49,29.87,23.05,30.29,25.06,16.36,22.03,27.38,26.83,28.6,22.62,26.2,17.44,16.07,20.97,21.21,21.2,15.89,16.7,15.01,15.25,15.33,20.42,20.52,15.89,15.06,18.96,20.01,20.26,12.28,17.97,18.11,18.98,18.55,18.03,20.89,21.36,19.72,18.89,22.42,27.26,27.19,21.18,25.22,27.71,21.42,30.49,23.76,28.14,42.31,67.32,42.95,50.06,36.78,29.16,28.74,28.92,30.06,31.25,45.22,45.53,5.84,10.24,5.36,13.19,4.94,6.1,7.06,7.46,8.35,7.7,3.13,9.02,4.83,8.5,5.03,11.11,5.96,6.37,9.34,9.76,5.95,12.81,12.1,12.38,7.24,0.0,11.77,8.87,10.18,6.81,4.64,20.59,21.14,20.64,20.43,21.58,24.46,21.04,38.49,9.24,9.08,9.23,9.41,10.92,8.75,9.35,8.34,64.14,58.27,58.27,56.02,55.97,52.73,81.5
131.22,74.45,20.03,21.44,21.0,18.89,20.16,22.76,22.34,20.23,20.85,22.64,22.67,20.17,24.17,23.9,23.69,21.72,128.74,129.41,115.56,104.57,106.61,7.78,7.77,13.9,3.36,65.99,65.99,66.46,66.94,86.5,65.24,68.25,74.68,66.86,66.94,64.16,63.45,67.21,65.6,63.4,65.06,66.68,66.84,63.9,63.48,62.28,61.5,62.73,63.95,63.2,65.02,63.32,61.31,60.79,176.48,61.02,60.62,59.59,62.73,62.31,60.87,61.46,62.79,63.06,81.57,88.07,41.21,35.18,42.42,35.38,32.93,14.1,17.48,18.58,15.4,15.26,15.8,19.47,7.81,5.31,19.62,17.19,15.41,7.48,18.45,8.56,20.23,7.84,17.71,21.07,17.12,21.51,20.92,20.92,19.24,20.32,29.13,46.97,12.99,13.09,49.83,19.13,19.19,24.58,15.2,22.44,17.21,8.51,17.82,19.53,18.98,20.75,17.21,20.8,12.03,10.66,14.88,15.8,15.8,10.49,11.39,9.6,9.85,9.93,15.02,15.11,10.49,9.75,13.55,14.6,14.86,6.87,12.57,12.7,13.58,13.15,12.62,15.6,15.95,14.32,13.49,23.03,27.88,27.81,21.8,25.84,22.31,22.04,31.11,24.38,20.29,69.97,67.93,60.45,73.44,55.01,21.31,20.88,21.07,22.21,23.4,45.84,46.15,4.12,3.75,5.87,15.5,8.13,5.02,2.76,8.92,5.62,3.18,7.62,2.53,8.02,4.47,9.0,3.22,7.32,9.46,2.84,3.27,7.74,4.92,14.41,6.97,3.85,10.51,0.0,4.83,4.71,6.21,6.8,15.18,15.73,15.23,15.03,16.18,19.16,15.64,39.11,15.11,13.23,12.72,14.17,15.47,14.2,13.6,13.1,68.69,62.82,62.82,60.57,60.52,57.28,73.65
133.06,76.29,21.87,23.28,22.84,20.73,22.0,24.6,24.18,22.08,22.69,24.48,24.51,22.02,26.01,25.75,25.53,23.56,130.58,131.25,117.95,106.96,109.01,11.59,11.57,25.13,7.55,68.39,68.39,68.86,69.34,88.9,67.64,70.65,77.08,69.25,69.33,66.55,65.85,69.6,68.0,65.8,67.46,69.08,69.23,66.29,65.88,64.68,63.9,65.13,66.34,65.6,67.41,65.72,63.7,63.19,178.32,63.42,63.02,61.99,65.13,64.71,63.26,63.85,65.19,65.46,83.97,90.47,43.05,37.02,44.26,37.22,34.77,15.94,19.32,20.42,17.25,17.11,15.88,21.31,9.64,7.57,21.47,19.03,17.25,9.31,20.29,10.38,22.07,12.03,19.56,22.91,18.96,23.35,22.76,22.76,21.08,22.16,43.67,49.93,13.07,13.18,52.79,19.21,19.28,24.66,17.04,24.29,19.05,10.33,16.81,21.37,20.82,22.59,17.41,20.99,12.23,10.86,15.76,16.0,15.99,10.68,11.49,9.8,10.04,10.12,15.21,15.3,10.68,9.85,13.75,14.79,15.05,7.07,12.76,12.9,13.77,13.34,12.81,15.68,16.15,14.51,13.68,19.68,24.53,24.45,12.79,22.48,22.5,13.03,27.75,21.02,22.14,66.61,64.58,57.1,70.09,51.65,23.15,22.73,22.91,24.05,25.24,42.48,42.8,4.78,4.97,5.82,9.36,8.71,5.89,3.56,5.57,1.5,3.32,5.82,3.75,8.6,1.86,9.58,5.48,8.18,6.11,4.06,4.49,8.37,7.18,8.26,7.17,2.36,8.72,6.14,0.0,4.97,6.75,5.09,15.38,15.93,15.43,15.22,16.37,19.25,15.83,35.75,13.82,13.67,15.25,16.71,17.86,16.74,13.94,13.01,71.09,65.21,65.22,62.97,62.92,59.68,75.5
127.29,70.52,16.1,17.51,17.07,14.96,16.23,18.83,18.41,16.3,16.92,18.71,18.74,16.25,20.24,19.97,19.76,17.79,124.81,125.48,118.7,107.7,109.75,9.79,9.77,20.44,4.48,69.13,69.13,69.6,70.08,89.64,68.38,71.39,77.82,70.0,70.08,67.29,66.59,70.34,68.74,66.54,68.2,69.82,69.98,67.04,66.62,65.42,64.64,70.56,67.09,66.34,68.16,66.46,69.13,63.93,172.55,64.16,63.76,62.73,65.87,65.45,64.01,64.6,65.93,66.2,84.71,91.21,37.28,31.25,38.49,31.45,29.0,10.17,13.55,14.65,11.47,11.33,11.06,15.54,4.95,4.51,15.69,13.26,11.48,4.62,14.52,5.69,16.3,8.97,13.78,17.14,13.19,17.58,16.99,16.99,15.31,16.39,24.5,42.34,8.25,8.35,45.2,14.39,14.45,19.84,9.91,18.51,13.28,5.64,11.99,15.6,15.05,16.82,12.58,16.17,7.4,6.03,10.93,11.17,11.17,5.86,6.67,4.97,5.22,5.3,10.39,10.48,5.86,5.03,8.92,9.97,10.23,2.25,7.94,8.07,8.95,8.52,7.99,10.86,11.32,9.69,8.86,24.72,29.57,29.5,23.49,27.53,17.68,23.73,23.06,26.07,16.36,71.66,69.62,62.14,75.13,56.7,17.38,16.96,17.14,18.28,19.47,47.53,47.84,5.52,3.27,6.56,15.35,10.02,6.63,4.3,10.61,7.31,4.06,7.49,4.14,9.91,6.16,10.9,2.42,9.1,11.15,4.45,2.79,9.53,4.11,14.26,2.35,4.73,10.39,3.07,6.52,0.0,7.49,6.66,10.55,11.1,10.6,10.4,11.55,14.42,11.01,40.8,18.18,16.29,15.79,17.24,18.61,17.27,16.67,16.17,76.52,70.64,70.65,68.4,68.35,65.11,69.72
134.21,77.44,23.03,24.43,23.99,21.88,23.16,25.75,25.33,23.23,23.84,25.64,25.66,23.17,27.16,26.9,26.68,24.72,131.73,132.4,111.85,100.86,102.91,8.52,8.51,13.84,8.72,62.29,62.29,62.76,63.23,82.8,61.54,64.55,70.97,63.15,63.23,60.45,59.74,63.5,61.9,59.7,61.36,62.98,63.13,60.19,59.78,58.58,57.8,59.03,60.24,59.5,61.31,59.62,57.6,57.09,179.48,57.32,56.92,55.89,59.02,58.6,57.16,57.75,59.09,59.35,77.87,84.37,44.21,38.18,45.41,38.37,35.92,17.1,20.47,21.57,18.4,18.26,18.79,22.46,10.81,8.74,22.62,20.19,18.4,10.48,21.44,11.55,23.22,15.23,20.71,24.07,20.12,24.5,23.92,23.92,22.24,23.31,32.15,52.42,15.98,16.09,55.28,22.12,22.19,27.57,18.19,25.44,20.2,11.5,20.81,22.52,21.98,23.74,20.23,23.81,15.05,13.68,17.9,18.82,18.81,13.51,14.38,12.62,12.86,12.95,18.04,18.13,13.51,12.74,16.57,17.62,17.87,9.87,15.59,15.72,16.6,16.16,15.64,18.59,18.97,17.33,16.5,22.17,27.02,26.94,20.94,24.98,25.33,21.18,30.25,23.52,23.29,69.11,67.07,59.59,72.58,54.15,24.3,23.88,24.06,25.2,26.39,44.97,45.29,2.73,6.42,1.69,12.39,3.91,2.35,3.9,6.66,8.29,4.34,3.66,5.2,3.8,7.14,4.78,6.65,2.98,7.2,5.51,5.94,3.4,8.35,11.29,9.97,5.51,6.56,7.31,7.5,7.71,0.0,3.28,18.2,18.75,18.25,18.04,19.2,22.16,18.65,38.25,8.42,7.94,7.32,11.32,10.17,11.34,8.31,7.81,64.99,59.11,59.12,56.87,56.82,53.58,76.65
132.74,75.97,21.56,22.96,22.52,20.41,21.69,24.28,23.86,21.76,22.37,24.17,24.19,21.7,25.69,25.43,25.21,23.25,130.26,130.93,111.82,100.82,102.87,10.1,10.08,14.65,8.6,62.25,62.25,62.72,63.2,82.76,61.5,64.51,70.94,63.12,63.2,60.42,59.71,63.47,61.86,59.66,61.32,62.94,63.1,60.16,59.74,58.54,57.76,58.99,60.21,59.46,61.28,59.58,57.57,57.05,178.0,57.28,56.88,55.85,58.99,58.57,57.13,57.72,59.05,59.32,77.83,84.33,42.74,36.7,43.94,36.9,34.45,15.62,19.0,20.1,16.93,16.79,16.51,20.99,10.54,8.62,21.15,18.72,16.93,10.21,19.97,11.28,21.75,13.08,19.24,22.6,18.64,23.03,22.45,22.45,20.76,21.84,42.1,48.35,13.7,13.8,51.21,19.84,19.9,25.29,15.37,23.97,18.73,11.23,17.44,21.05,20.5,22.27,18.04,21.62,12.86,11.48,16.39,16.63,16.62,11.31,12.12,10.42,10.67,10.75,15.84,15.93,11.31,10.48,14.37,15.42,15.68,7.7,13.39,13.53,14.4,13.97,13.44,16.31,16.78,15.14,14.31,18.1,22.95,22.87,13.15,20.91,23.13,13.39,26.18,19.45,21.82,65.04,63.0,45.81,68.51,50.08,22.83,22.41,22.59,23.73,24.92,40.9,41.22,1.38,5.66,2.23,9.72,4.94,2.51,2.6,3.99,5.06,3.17,2.41,4.44,4.83,3.92,5.81,6.53,4.41,4.53,4.75,5.18,4.59,8.23,8.63,7.8,2.66,5.31,7.19,4.28,5.6,3.24,0.0,16.01,16.55,16.05,15.85,17.0,19.88,16.46,34.18,10.05,9.89,8.75,11.02,11.73,10.7,10.16,9.24,64.95,59.08,59.08,56.83,56.78,53.54,75.18
124.33,67.56,13.15,14.55,14.11,12.0,13.27,14.18,15.45,13.35,13.96,15.75,15.78,13.29,17.28,17.02,16.8,14.83,121.85,122.52,128.18,117.19,119.23,21.83,21.81,24.01,14.25,78.61,78.61,79.08,79.56,99.13,77.86,80.87,87.3,79.48,79.56,76.78,76.07,79.83,78.22,76.03,77.68,79.31,79.46,76.52,76.1,74.91,74.12,74.13,76.57,75.82,77.64,75.94,72.71,73.42,169.59,73.64,73.24,72.21,73.62,74.93,73.49,74.08,75.41,73.47,94.19,97.37,34.32,22.86,35.53,28.49,26.04,7.21,8.01,7.44,6.13,8.55,3.7,12.58,10.84,12.39,12.74,9.07,6.14,10.51,11.26,11.58,10.07,12.92,10.83,10.92,7.3,14.62,14.03,14.03,7.55,9.74,15.76,35.11,4.72,4.82,37.97,7.47,7.53,12.92,5.54,12.64,7.97,11.53,6.93,8.93,12.09,10.28,4.07,8.94,4.94,5.99,1.35,2.36,1.17,5.2,8.39,6.75,6.26,5.97,0.94,2.7,5.2,7.41,2.45,2.3,1.59,8.87,2.78,3.6,1.97,2.15,5.52,2.01,1.52,2.27,4.45,27.22,17.77,17.7,27.1,22.26,10.45,28.52,15.83,24.97,9.71,69.81,67.77,60.29,73.28,54.85,14.42,14.0,14.18,12.4,13.59,35.49,35.81,16.68,13.15,17.55,27.52,20.92,17.81,15.73,20.94,17.63,15.48,18.92,15.05,20.81,16.48,21.79,12.18,20.11,21.48,15.37,12.67,20.53,13.88,26.43,10.44,16.15,21.81,12.83,16.85,10.57,17.89,18.08,0.0,0.55,0.6,0.4,0.99,7.5,0.86,38.95,27.9,26.01,25.5,26.96,25.82,26.99,26.38,25.89,80.09,74.22,74.22,71.97,71.92,68.68,66.77
124.88,68.11,13.69,15.1,14.66,12.55,13.82,14.72,16.0,13.89,14.51,16.3,16.33,13.83,17.83,17.56,17.35,15.38,122.4,123.07,128.73,117.73,119.78,22.37,22.36,24.56,14.79,79.16,79.16,79.63,80.11,99.67,78.41,81.42,87.85,80.02,80.1,77.32,76.62,80.37,78.77,76.57,78.23,79.85,80.0,77.06,76.65,75.45,74.67,74.68,77.11,76.37,78.18,76.49,73.25,73.96,170.14,74.19,73.79,72.76,74.16,75.48,74.03,74.62,75.96,74.02,94.74,97.92,34.87,23.41,36.08,29.04,26.59,7.76,8.55,7.99,6.68,9.1,4.25,13.13,11.38,12.94,13.28,9.61,6.68,11.05,11.81,12.12,10.62,13.47,11.37,11.46,7.85,15.16,14.58,14.58,8.1,10.29,14.32,35.43,5.26,5.37,38.29,8.02,8.08,13.47,6.08,13.18,8.52,12.07,7.47,9.48,12.64,10.83,4.4,9.26,5.48,6.54,1.89,2.69,1.51,5.75,8.94,7.29,6.8,6.52,1.49,3.03,5.75,7.95,2.99,2.63,1.92,9.42,3.33,4.15,2.52,2.69,6.07,2.55,1.84,2.6,4.99,27.55,18.1,18.03,27.42,22.59,10.78,28.84,16.16,25.29,10.26,70.14,68.1,60.62,73.61,55.18,14.97,14.54,14.73,12.95,14.14,35.82,36.13,17.23,13.7,18.1,28.07,21.46,18.36,16.27,21.48,18.18,16.03,19.46,15.6,21.35,17.03,22.34,12.73,20.65,22.02,15.91,13.22,21.08,14.42,26.97,10.99,16.7,22.36,13.37,17.39,11.12,18.44,18.63,0.55,0.0,0.92,0.72,0.63,8.05,0.9,39.28,28.44,26.56,26.05,27.51,26.36,27.53,26.93,26.43,80.64,74.76,74.77,72.52,72.47,69.23,67.31
124.38,67.61,13.19,14.6,14.16,12.05,13.32,14.22,15.5,13.39,14.01,15.8,15.83,13.33,17.33,17.06,16.85,14.88,121.9,122.57,128.23,117.23,119.28,21.87,21.86,24.06,14.29,78.66,78.66,79.13,79.61,99.17,77.91,80.92,87.35,79.52,79.6,76.82,76.12,79.87,78.27,76.07,77.73,79.35,79.5,76.56,76.15,74.95,74.17,74.18,76.61,75.87,77.68,75.99,72.75,73.46,169.64,73.69,73.29,72.26,73.66,74.98,73.53,74.12,75.46,73.52,94.24,97.42,34.37,22.91,35.58,28.54,26.09,7.26,8.05,7.49,6.18,8.6,3.75,12.63,10.88,12.44,12.78,9.11,6.18,10.55,11.31,11.62,10.12,12.97,10.87,10.96,7.35,14.66,14.08,14.08,7.6,9.79,16.57,35.71,4.76,4.87,38.57,7.52,7.58,12.97,5.59,12.68,8.02,11.57,6.97,8.98,12.14,10.33,4.67,9.54,4.98,6.04,1.39,2.96,1.14,5.25,8.44,6.79,6.3,6.02,0.99,3.3,5.25,7.45,2.49,2.32,2.19,8.92,2.83,3.65,2.02,2.19,5.57,2.05,2.12,1.83,4.49,27.82,18.38,18.3,27.7,22.86,11.05,29.12,16.44,25.57,9.76,70.41,68.38,60.89,73.88,55.45,14.47,14.04,14.23,12.45,13.64,36.1,36.41,16.73,13.2,17.6,27.57,20.96,17.86,15.77,20.98,17.68,15.53,18.96,15.1,20.85,16.53,21.84,12.23,20.15,21.53,15.41,12.72,20.58,13.92,26.47,10.49,16.2,21.86,12.87,16.89,10.62,17.94,18.13,0.6,0.92,0.0,0.21,1.37,7.55,0.98,39.55,27.94,26.06,25.55,27.01,25.86,27.03,26.43,25.93,80.14,74.26,74.27,72.02,71.97,68.73,66.81
124.17,67.4,12.99,14.39,13.95,11.84,13.12,14.02,15.29,13.19,13.8,15.6,15.62,13.13,17.12,16.86,16.64,14.68,121.69,122.36,128.02,117.03,119.07,21.67,21.65,23.85,14.09,78.45,78.45,78.93,79.4,98.97,77.71,80.71,87.14,79.32,79.4,76.62,75.91,79.67,78.06,75.87,77.52,79.15,79.3,76.36,75.94,74.75,73.96,73.97,76.41,75.66,77.48,75.78,72.55,73.26,169.44,73.49,73.09,72.06,73.46,74.77,73.33,73.92,75.25,73.31,94.04,97.21,34.17,22.7,35.37,28.33,25.88,7.05,7.85,7.28,5.97,8.39,3.54,12.42,10.68,12.23,12.58,8.91,5.98,10.35,11.1,11.42,9.91,12.76,10.67,10.76,7.14,14.46,13.88,13.88,7.39,9.58,16.37,35.5,4.56,4.66,38.36,7.31,7.37,12.76,5.38,12.48,7.81,11.37,6.77,8.77,11.93,10.12,4.47,9.33,4.78,5.83,1.19,2.76,0.94,5.04,8.23,6.59,6.1,5.81,0.79,3.1,5.04,7.25,2.29,2.11,1.99,8.72,2.62,3.44,1.81,1.99,5.36,1.85,1.91,1.62,4.29,27.62,18.17,18.1,27.49,22.65,10.84,28.91,16.23,25.36,9.55,70.2,68.17,60.69,73.68,55.24,14.26,13.84,14.02,12.24,13.43,35.89,36.2,16.53,13.0,17.39,27.36,20.76,17.65,15.57,20.78,17.47,15.32,18.76,14.89,20.65,16.33,21.63,12.02,19.95,21.32,15.21,12.51,20.37,13.72,26.27,10.29,16.0,21.66,12.67,16.69,10.41,17.73,17.92,0.4,0.72,0.21,0.0,1.16,7.35,0.78,39.35,27.74,25.85,25.35,26.8,25.66,26.83,26.23,25.73,79.93,74.06,74.06,71.81,71.76,68.52,66.61
125.32,68.55,14.14,15.54,15.11,13.0,14.27,15.17,16.44,14.34,14.95,16.75,16.77,14.28,18.28,18.01,17.79,15.83,122.85,123.52,129.17,118.18,120.23,22.82,22.81,25.01,15.24,79.61,79.61,80.08,80.55,100.12,78.86,81.87,88.29,80.47,80.55,77.77,77.06,80.82,79.22,77.02,78.68,80.3,80.45,77.51,77.09,75.9,75.12,75.13,77.56,76.82,78.63,76.93,73.7,74.41,170.59,74.64,74.24,73.21,74.61,75.92,74.48,75.07,76.41,74.47,95.19,98.37,35.32,23.86,36.52,29.48,27.03,8.2,9.0,8.43,7.13,9.55,4.7,13.57,11.83,13.39,13.73,10.06,7.13,11.5,12.26,12.57,11.07,13.91,11.82,11.91,8.29,15.61,15.03,15.03,8.54,10.73,14.2,35.88,5.71,5.81,38.74,6.92,6.99,11.62,6.53,13.63,8.96,12.52,7.92,9.92,13.09,11.28,4.85,9.71,5.93,6.99,2.34,3.13,1.95,6.19,9.39,7.74,7.25,6.96,1.94,3.48,6.19,8.4,3.44,3.07,2.37,9.87,3.78,4.6,2.97,3.14,6.52,3.0,2.29,3.05,5.44,27.99,18.55,18.48,27.87,23.03,11.22,29.29,16.61,25.74,10.71,70.58,68.55,61.07,74.06,55.62,15.42,14.99,15.17,13.39,14.58,36.27,36.58,17.68,14.15,18.54,28.51,21.91,18.8,16.72,21.93,18.63,16.47,19.91,16.05,21.8,17.48,22.78,13.17,21.1,22.47,16.36,13.67,21.52,14.87,27.42,11.44,17.15,22.81,13.82,17.84,11.56,18.89,19.07,0.99,0.63,1.37,1.16,0.0,6.91,1.34,39.72,28.89,27.01,26.5,27.95,26.81,27.98,27.38,26.88,81.08,75.21,75.22,72.97,72.92,69.67,67.76
123.24,66.48,11.52,13.45,12.49,10.8,11.32,13.83,14.28,11.72,12.86,14.58,14.61,12.11,16.11,15.84,15.63,13.75,120.77,121.44,135.32,122.13,124.17,26.77,26.75,28.95,18.95,83.55,83.55,84.02,84.5,104.07,82.8,85.81,92.24,84.42,84.5,81.72,81.01,84.77,83.16,80.97,82.62,84.25,84.4,81.46,81.04,79.85,79.06,79.07,81.51,80.76,82.58,80.88,77.64,78.36,168.51,78.58,78.18,77.15,78.56,79.87,78.43,79.02,80.35,78.41,99.13,102.31,33.24,20.79,34.44,24.64,22.19,8.04,7.66,7.09,7.74,10.08,5.48,11.38,15.54,17.09,11.54,8.72,7.74,15.2,12.09,16.28,9.72,17.86,9.5,10.57,6.95,13.29,12.71,12.71,7.2,9.39,15.37,29.88,6.86,6.97,32.74,2.07,2.14,6.71,6.37,12.29,7.62,16.23,6.58,8.58,10.89,9.93,6.5,11.36,11.12,10.48,7.26,8.2,6.75,11.08,11.82,11.24,12.13,10.67,7.69,8.55,11.08,10.83,8.32,8.14,7.43,14.72,8.66,9.48,7.85,8.02,11.71,4.82,7.36,7.64,10.32,29.65,20.2,20.13,29.52,24.69,12.87,30.94,18.26,27.39,9.36,72.24,70.2,62.72,75.71,57.27,13.25,12.67,13.08,12.05,13.24,37.92,38.23,20.28,17.48,21.32,33.33,25.62,22.51,19.07,25.64,22.33,18.82,22.26,18.9,25.51,21.18,26.49,16.88,24.81,26.18,19.22,17.0,25.23,18.58,32.3,14.77,19.5,25.16,17.53,21.55,14.89,22.59,21.42,7.7,5.91,8.18,7.98,5.78,0.0,6.1,41.38,32.59,30.71,30.2,31.66,30.52,31.69,31.08,30.59,85.03,79.16,79.16,76.91,76.86,73.62,65.68
124.78,68.01,13.6,15.0,14.57,12.45,13.73,14.63,15.9,13.8,14.41,16.21,16.23,13.74,17.73,17.47,17.25,15.29,122.31,122.98,128.63,117.64,119.68,22.28,22.27,24.47,14.7,79.06,79.06,79.54,80.01,99.58,78.32,81.33,87.75,79.93,80.01,77.23,76.52,80.28,78.67,76.48,78.13,79.76,79.91,76.97,76.55,75.36,74.58,74.58,77.02,76.27,78.09,76.39,73.16,73.87,170.05,74.1,73.7,72.67,74.07,75.38,73.94,74.53,75.86,73.93,94.65,97.82,34.78,23.32,35.98,28.94,26.49,7.66,8.46,7.89,6.58,9.01,4.16,13.03,11.29,12.85,13.19,9.52,6.59,10.96,11.72,12.03,10.53,13.37,11.28,11.37,7.75,15.07,14.49,14.49,8.0,10.19,14.52,35.74,5.17,5.27,38.6,7.92,7.99,13.37,5.99,13.09,8.42,11.98,7.38,9.38,12.55,10.74,4.71,9.57,5.39,6.45,1.8,3.0,0.64,5.65,8.85,7.2,6.71,6.42,1.4,3.34,5.65,7.86,2.9,2.94,2.23,9.33,3.23,4.05,2.43,2.6,5.97,1.93,2.15,2.24,4.9,27.86,18.41,18.34,27.73,22.9,11.09,29.15,16.47,25.6,10.17,70.45,68.41,60.93,73.92,55.49,14.88,14.45,14.63,12.85,14.04,36.13,36.44,17.14,13.61,18.0,27.97,21.37,18.26,16.18,21.39,18.09,15.93,19.37,15.5,21.26,16.94,22.24,12.63,20.56,21.93,15.82,13.12,20.98,14.33,26.88,10.9,16.61,22.27,13.28,17.3,11.02,18.35,18.53,0.86,0.9,0.98,0.78,1.34,7.96,0.0,39.59,28.35,26.46,25.96,27.41,26.27,27.44,26.84,26.34,80.54,74.67,74.67,72.43,72.38,69.13,67.22
159.77,103.0,54.05,55.45,55.01,52.9,54.18,56.77,56.35,54.25,54.86,56.66,56.68,54.19,58.18,57.92,57.7,55.74,157.29,157.96,130.03,119.04,121.08,41.85,41.83,46.42,39.72,80.46,80.46,80.93,75.95,100.98,72.81,82.72,82.93,81.33,81.41,72.32,66.9,81.68,80.07,67.65,71.13,76.18,81.31,68.01,67.35,67.57,75.97,66.47,68.06,69.14,68.34,67.56,65.04,75.27,205.03,75.49,75.09,74.06,65.95,69.83,75.34,69.09,68.73,65.81,83.89,89.71,69.46,58.62,70.66,62.37,60.45,48.12,48.01,47.45,49.42,49.28,43.71,53.48,41.81,39.74,53.64,51.21,49.42,41.48,52.46,42.55,50.08,44.2,51.73,50.92,47.31,55.52,54.94,54.94,47.56,49.75,37.94,48.36,44.72,44.83,51.22,43.52,43.59,48.56,45.55,56.46,51.22,42.5,46.93,48.94,53.0,50.29,36.18,33.95,43.5,43.77,41.35,38.77,41.17,41.95,45.65,43.5,43.01,43.04,40.95,39.11,41.95,44.01,41.2,39.8,39.7,39.04,40.22,40.35,41.23,40.79,44.08,42.01,38.82,39.8,39.75,22.68,28.09,28.02,21.35,26.62,30.66,21.59,27.13,25.27,49.72,21.72,26.12,23.15,30.26,17.7,55.32,54.9,55.08,56.22,57.41,24.22,24.53,33.56,37.15,33.54,25.73,34.79,33.82,34.35,29.65,32.56,34.76,33.09,35.92,34.69,32.77,35.67,37.65,35.65,30.84,36.24,36.66,35.65,39.35,24.71,39.14,34.3,33.78,38.31,32.21,36.94,34.55,32.36,40.01,40.33,40.61,40.4,40.78,43.51,40.64,0.0,28.53,28.37,39.84,28.31,29.94,27.1,28.64,28.51,72.43,66.55,66.56,64.31,64.26,61.02,102.2
141.2,84.43,30.02,31.42,30.99,28.87,30.15,32.74,32.32,30.22,30.83,32.63,32.65,30.16,34.15,33.89,33.67,31.71,123.11,121.18,104.27,93.28,95.32,13.86,13.84,18.04,15.71,54.7,54.7,55.17,55.65,75.22,53.95,56.96,63.39,55.57,55.65,52.87,52.16,55.92,54.31,52.12,53.77,55.4,55.55,52.61,52.19,51.0,50.21,51.44,52.66,51.91,53.73,52.03,50.02,49.51,186.47,49.73,49.33,48.3,51.44,51.02,49.58,50.17,51.5,51.77,70.28,76.78,51.2,45.17,52.4,45.36,42.91,24.09,27.46,28.57,25.39,25.25,25.78,29.45,17.8,15.73,29.61,27.18,25.39,17.47,28.43,18.54,30.21,22.22,27.7,31.06,27.11,31.49,30.91,30.91,29.23,30.31,47.61,53.87,22.97,23.08,56.72,29.11,29.18,34.57,25.18,32.43,27.19,18.49,27.81,29.51,28.97,30.73,27.22,30.8,22.04,20.67,24.89,25.81,25.8,20.5,21.37,19.61,19.85,19.94,25.03,25.12,20.5,19.73,23.56,24.61,24.87,16.86,22.58,22.71,23.59,23.15,22.63,25.59,25.96,24.32,23.49,23.61,28.46,28.39,22.38,26.42,32.32,22.62,31.69,24.96,30.28,43.41,68.51,44.05,51.16,37.88,31.3,30.87,31.05,32.19,33.38,46.42,46.73,10.52,13.41,7.44,19.28,5.54,9.53,10.89,13.97,15.28,11.33,8.94,12.19,5.44,14.13,6.22,13.64,5.5,11.52,12.51,12.93,5.91,15.34,18.19,16.96,12.5,8.8,14.3,14.49,14.7,9.19,11.3,25.19,25.74,25.24,25.03,26.19,29.15,25.64,39.69,0.0,1.02,1.3,3.32,4.18,4.03,0.55,0.6,57.4,51.53,51.53,49.29,49.23,45.99,83.64
142.12,85.35,30.93,32.34,31.9,29.79,31.06,33.66,33.24,31.14,31.75,33.54,33.57,31.08,35.07,34.81,34.59,32.62,122.95,121.02,104.11,93.12,95.17,14.77,14.76,18.55,16.63,54.55,54.55,55.02,55.49,75.06,53.8,56.81,63.23,55.41,55.49,52.71,52.0,55.76,54.16,51.96,53.62,55.24,55.39,52.45,52.04,50.84,50.06,51.29,52.5,51.76,53.57,51.88,49.86,49.35,187.38,49.58,49.18,48.15,51.28,50.86,49.42,50.01,51.35,51.61,70.13,76.63,52.11,46.08,53.32,46.28,43.83,25.0,28.38,29.48,26.31,26.17,26.7,30.37,18.72,16.65,30.53,28.1,26.31,18.39,29.35,19.46,31.13,23.14,28.62,31.98,28.02,32.41,31.82,31.82,30.14,31.22,47.45,53.71,23.89,23.99,56.57,30.03,30.09,35.48,26.1,33.35,28.11,19.41,28.72,30.43,29.88,31.65,28.14,31.72,22.96,21.59,25.81,26.73,26.72,21.41,22.29,20.53,20.77,20.85,25.94,26.03,21.41,20.65,24.48,25.52,25.78,17.77,23.49,23.63,24.5,24.07,23.54,26.5,26.88,25.24,24.41,23.46,28.3,28.23,22.22,26.26,33.23,22.46,31.53,24.8,31.2,43.25,68.36,43.89,51.01,37.73,32.21,31.79,31.97,33.11,34.3,46.26,46.57,11.44,14.33,7.44,19.13,5.98,10.45,11.8,13.81,16.2,12.24,8.79,13.11,5.87,15.05,6.07,14.56,5.51,11.36,13.42,13.85,5.91,16.26,18.03,17.87,13.42,8.64,15.22,15.41,15.62,10.11,9.31,26.11,26.66,26.16,25.95,27.1,30.07,26.56,39.53,1.02,0.0,2.22,3.17,4.02,3.87,0.89,0.37,57.25,51.37,51.38,49.13,49.08,45.84,84.56
140.56,83.8,29.38,30.79,30.35,28.24,29.51,32.1,31.68,29.58,30.19,31.99,32.02,29.52,33.52,33.25,33.03,31.07,122.71,120.78,103.87,92.88,94.93,13.22,13.2,17.16,16.7,54.31,54.31,54.78,55.25,74.82,53.56,56.57,62.99,55.17,55.25,52.47,51.76,55.52,53.92,51.72,53.38,55.0,55.15,52.21,51.8,50.6,49.82,51.05,52.26,51.52,53.33,51.64,49.62,49.11,185.83,49.34,48.94,47.91,51.04,50.63,49.18,49.77,51.11,51.37,69.89,76.39,50.56,44.53,51.76,44.72,42.27,23.45,26.82,27.93,24.75,24.61,25.15,28.81,17.16,16.73,28.97,26.54,24.75,16.83,27.8,17.9,29.58,22.73,27.06,30.42,26.47,30.85,30.27,30.27,28.59,29.67,47.01,53.27,22.34,22.44,56.13,28.47,28.54,33.93,24.55,31.79,26.56,17.85,27.17,28.87,28.33,30.1,26.58,30.17,21.4,20.03,24.25,25.17,25.17,19.86,20.73,18.97,19.22,19.3,24.39,24.48,19.86,19.1,22.92,23.97,24.23,16.22,21.94,22.07,22.95,22.52,21.99,24.95,25.32,23.69,22.86,23.02,27.86,27.79,21.78,25.82,31.68,22.02,31.09,24.36,29.64,69.95,67.92,45.18,52.29,39.01,30.66,30.23,30.42,31.56,32.75,45.82,46.13,7.6,12.78,6.56,18.69,4.67,8.89,10.25,13.37,14.64,10.69,8.16,11.55,4.57,13.49,5.63,14.64,4.63,13.94,11.87,12.29,5.04,16.33,17.59,16.32,11.87,8.2,15.29,13.86,14.07,8.55,8.15,24.55,25.1,24.6,24.4,25.55,28.51,25.01,39.09,1.35,1.37,0.0,5.24,3.52,5.27,1.66,1.24,57.01,51.13,51.14,48.89,48.84,45.6,83.0
144.57,87.8,33.39,34.79,34.35,32.24,33.52,36.11,35.69,33.59,34.2,36.0,36.02,33.53,37.52,37.26,37.04,35.08,122.74,120.82,103.91,92.91,94.96,17.18,17.17,21.0,19.08,54.34,54.34,54.81,55.29,74.85,53.59,56.6,63.03,55.2,55.28,52.5,51.8,55.55,53.95,51.75,53.41,55.03,55.18,52.24,51.83,50.63,49.85,51.08,52.29,51.55,53.36,51.67,49.65,49.14,189.84,49.37,48.97,47.94,51.08,50.66,49.21,49.8,51.14,51.41,69.92,76.42,54.57,48.54,55.77,48.73,46.28,27.46,30.83,31.94,28.76,28.62,29.15,32.82,21.15,19.1,32.98,30.55,28.76,20.82,31.8,21.89,33.58,23.56,31.07,34.43,30.48,34.86,34.28,34.28,32.6,33.68,49.66,55.92,26.34,26.44,58.78,32.48,32.54,37.93,28.55,35.8,30.56,21.84,30.08,32.88,32.34,34.1,30.54,34.12,25.36,23.99,29.02,29.13,29.12,23.81,25.66,22.93,23.17,23.25,28.34,28.43,23.81,23.19,26.87,27.92,28.18,20.22,25.89,26.03,26.9,26.47,25.94,28.95,29.28,27.64,26.81,25.67,30.51,30.44,24.43,28.47,35.63,24.67,33.74,27.01,33.65,41.31,44.93,41.95,49.07,35.79,34.66,34.24,34.42,35.56,36.75,40.33,40.65,13.13,16.02,12.98,21.33,8.19,12.14,13.49,16.02,17.89,13.93,10.07,14.8,8.08,16.74,8.28,17.01,9.29,12.12,15.11,15.54,9.7,18.71,20.24,20.32,15.11,9.87,17.67,17.1,18.06,11.79,13.91,28.51,29.05,28.55,28.35,29.5,32.51,28.96,26.25,3.84,4.51,3.91,0.0,3.82,2.0,4.15,4.34,57.04,51.17,51.17,48.92,48.87,45.63,87.01
142.71,85.94,31.53,32.93,32.5,30.38,31.66,34.25,33.83,31.73,32.34,34.14,34.16,31.67,35.66,35.4,35.18,33.22,119.33,117.4,100.49,89.5,91.54,15.32,15.31,19.14,17.22,50.92,50.92,51.4,51.87,71.44,50.18,53.19,59.61,51.79,51.87,49.09,48.38,52.14,50.53,48.34,49.99,51.62,51.77,48.83,48.41,47.22,46.43,47.67,48.88,48.13,49.95,48.25,46.24,45.73,187.98,45.96,45.56,44.53,47.66,47.24,45.8,46.39,47.72,47.99,66.51,73.0,52.71,46.68,53.91,46.87,44.42,25.6,28.97,30.08,26.9,26.76,27.29,30.96,19.29,17.24,31.12,28.69,26.9,18.96,29.94,20.03,31.72,21.7,29.21,32.57,28.62,33.0,32.42,32.42,30.74,31.82,49.7,55.96,24.48,24.58,58.82,30.62,30.68,36.07,26.69,33.94,28.7,19.98,28.22,31.02,30.48,32.24,28.68,32.26,23.5,22.13,27.17,27.27,27.26,21.95,23.8,21.07,21.31,21.39,26.48,26.57,21.95,21.33,25.02,26.06,26.32,18.36,24.03,24.17,25.04,24.61,24.08,27.09,27.42,25.78,24.95,25.71,30.55,30.48,24.47,28.51,33.77,24.71,33.78,27.05,31.79,44.15,47.76,44.79,51.9,41.13,32.81,32.38,32.56,33.7,34.89,48.51,48.82,12.0,16.71,9.33,21.37,8.23,11.01,12.36,16.06,16.76,12.8,11.04,13.67,8.12,15.61,8.32,15.15,7.4,13.38,13.98,16.23,7.8,16.85,20.28,18.46,13.98,10.89,15.81,15.97,16.2,10.67,12.78,26.65,27.2,26.7,26.49,27.64,30.65,27.1,41.78,3.94,4.13,2.76,3.0,0.0,3.03,4.25,4.0,53.62,47.75,47.75,45.51,45.46,42.21,85.15
143.29,86.52,32.11,33.52,33.08,30.97,32.24,34.83,34.41,32.31,32.92,34.72,34.75,32.25,36.25,35.98,35.76,33.8,121.87,119.95,103.03,92.04,94.09,15.59,15.57,19.63,17.8,53.47,53.47,53.94,54.41,73.98,52.72,55.73,62.16,54.33,54.41,51.63,50.92,54.68,53.08,50.88,52.54,54.16,54.31,51.37,50.96,49.76,48.98,50.21,51.42,50.68,52.49,50.8,48.78,48.27,188.56,48.5,48.1,47.07,50.21,49.79,48.34,48.93,50.27,50.53,69.05,75.55,53.29,47.26,54.49,47.45,45.0,26.18,29.55,30.66,27.48,27.34,27.87,31.54,19.53,17.82,31.7,29.27,27.48,19.2,30.53,20.28,32.31,22.28,29.79,33.15,29.2,33.58,33.0,33.0,31.32,32.4,48.28,54.54,25.06,25.16,57.4,31.2,31.26,36.65,27.28,34.52,29.29,20.22,28.8,31.6,31.06,32.82,29.26,32.84,24.08,22.71,27.75,27.85,27.84,22.53,23.11,21.65,21.89,21.98,27.07,27.16,22.53,21.47,25.6,26.65,26.9,18.94,24.61,24.75,25.63,25.19,24.67,27.67,28.0,26.36,25.53,24.29,29.14,29.06,23.06,27.1,34.35,23.3,32.36,25.64,32.37,42.69,46.3,43.33,50.44,37.16,33.39,32.96,33.15,34.29,35.47,47.09,47.41,12.25,15.15,9.2,19.96,6.81,11.26,12.62,14.65,17.01,13.06,9.62,13.92,6.7,15.86,6.9,15.73,7.67,10.8,14.24,14.66,7.67,17.43,18.87,19.04,14.24,9.47,16.39,16.23,16.78,10.92,10.15,27.23,27.78,27.28,27.07,28.22,31.23,27.68,40.37,2.96,2.63,3.03,1.31,2.94,0.0,2.9,2.76,56.17,50.29,50.3,48.05,48.0,44.76,85.73
141.06,84.29,29.87,31.28,30.84,28.73,30.0,32.59,32.17,30.07,30.68,32.48,32.51,30.01,34.01,33.74,33.53,31.56,123.22,121.29,104.38,93.39,95.43,13.71,13.69,17.66,17.2,54.81,54.81,55.29,55.76,75.33,54.07,57.08,63.5,55.68,55.76,52.98,52.27,56.03,54.42,52.23,53.88,55.51,55.66,52.72,52.3,51.11,50.32,51.56,52.77,52.02,53.84,52.14,50.13,49.62,186.32,49.85,49.45,48.42,51.55,51.13,49.69,50.28,51.61,51.88,70.4,76.89,51.05,45.02,52.25,45.22,42.77,23.94,27.31,28.42,25.24,25.1,25.64,29.31,17.65,17.22,29.46,27.03,25.25,17.32,28.29,18.4,30.07,23.22,27.55,30.91,26.96,31.34,30.76,30.76,29.08,30.16,46.9,53.16,22.83,22.93,56.02,28.97,29.03,34.42,25.04,32.28,27.05,18.34,27.66,29.37,28.82,30.59,27.07,30.66,21.9,20.52,24.75,25.67,25.66,20.35,21.23,19.46,19.71,19.79,24.88,24.97,20.35,19.59,23.41,24.46,24.72,16.71,22.43,22.57,23.44,23.01,22.48,25.44,25.82,24.18,23.35,22.91,27.75,27.68,21.67,25.71,32.17,21.91,30.98,24.25,30.13,43.52,67.8,44.16,51.27,37.99,31.15,30.72,30.91,32.05,33.24,45.71,46.02,8.09,13.27,7.06,18.57,5.17,9.38,10.74,13.26,15.13,11.18,8.65,12.04,5.06,13.98,5.52,15.13,5.12,11.63,12.36,12.79,5.53,16.83,17.48,16.81,12.36,8.09,15.79,14.35,14.56,9.04,8.65,25.05,25.59,25.09,24.89,26.04,29.0,25.5,38.98,0.73,0.89,1.11,3.44,4.29,4.14,0.0,0.5,57.51,51.64,51.64,49.4,49.35,46.1,83.49
141.71,84.94,30.52,31.93,31.49,29.38,30.65,33.25,32.83,30.73,31.34,33.13,33.16,30.67,34.66,34.4,34.18,32.21,123.09,121.16,104.25,93.26,95.3,14.36,14.35,18.15,16.22,54.68,54.68,55.15,55.63,75.2,53.93,56.94,63.37,55.55,55.63,52.85,52.14,55.9,54.29,52.1,53.75,55.38,55.53,52.59,52.17,50.98,50.19,51.42,52.64,51.89,53.71,52.01,50.0,49.49,186.97,49.71,49.31,48.28,51.42,51.0,49.56,50.15,51.48,51.75,70.26,76.76,51.7,45.67,52.91,45.87,43.42,24.59,27.97,29.07,25.9,25.76,26.29,29.96,18.31,16.24,30.12,27.68,25.9,17.98,28.94,19.05,30.72,22.73,28.21,31.56,27.61,32.0,31.41,31.41,29.73,30.81,46.56,52.81,23.48,23.58,55.67,29.62,29.68,35.07,25.69,32.94,27.7,19.0,28.31,30.02,29.47,31.24,27.73,31.31,22.55,21.18,25.4,26.32,26.31,21.0,21.88,20.12,20.36,20.44,25.53,25.62,21.0,20.24,24.07,25.11,25.37,17.36,23.08,23.22,24.09,23.66,23.13,26.09,26.47,24.83,24.0,22.56,27.41,27.33,21.33,25.37,32.82,21.57,30.64,23.91,30.79,43.39,67.46,44.03,51.14,37.86,31.8,31.38,31.56,32.7,33.89,45.36,45.68,11.03,13.92,7.55,18.23,5.08,10.04,11.39,12.92,15.79,11.83,7.89,12.7,4.97,14.64,5.17,14.15,5.62,11.5,13.01,13.44,6.02,15.85,17.14,17.46,13.01,7.74,14.81,15.0,15.21,9.7,9.14,25.7,26.25,25.75,25.54,26.69,29.65,26.15,38.64,0.6,0.37,1.6,3.3,4.16,4.01,0.5,0.0,57.38,51.51,51.51,49.26,49.21,45.97,84.15
158.66,151.1,83.38,84.79,84.35,82.24,83.51,86.1,85.69,83.58,84.2,85.99,86.02,83.52,87.52,87.25,87.04,85.07,100.1,98.17,81.26,70.27,72.31,63.28,63.26,63.85,72.57,29.94,29.94,32.17,29.5,52.21,26.36,35.21,32.08,34.77,32.64,25.86,20.43,32.91,29.55,21.18,24.67,29.72,32.54,21.55,20.89,21.11,22.04,20.0,21.6,21.82,21.89,21.1,19.18,24.15,214.88,23.04,21.75,26.79,19.49,23.37,24.22,22.63,22.27,19.35,16.7,21.67,104.56,98.53,105.77,98.73,96.28,77.45,80.82,81.93,78.75,78.61,80.84,82.82,72.35,73.57,82.97,80.54,78.76,72.02,78.31,72.76,83.58,69.41,81.06,84.42,80.47,84.85,84.27,84.27,82.59,83.67,99.53,108.21,77.7,77.8,111.07,83.66,83.73,89.12,78.55,85.79,80.56,72.7,81.17,82.88,82.33,84.1,84.29,87.87,79.11,77.74,80.21,80.23,80.2,77.57,78.44,76.68,76.92,77.01,79.43,79.56,77.57,76.8,80.63,79.05,79.25,76.7,79.65,79.78,78.75,80.22,79.7,80.87,80.35,78.77,80.56,77.96,82.81,82.73,76.73,80.77,89.39,76.97,86.04,79.31,83.64,91.94,88.07,85.09,92.29,82.19,84.66,84.23,84.42,85.56,86.75,100.76,101.08,63.82,68.53,61.15,73.63,59.26,62.82,64.18,68.32,68.57,64.62,63.29,65.49,59.15,67.43,60.57,66.97,59.21,65.64,65.8,68.05,59.62,74.18,72.54,70.27,65.8,63.14,67.62,67.79,68.02,62.48,64.6,79.59,80.14,79.64,79.43,80.59,83.7,80.04,71.73,56.19,55.95,54.58,55.26,53.04,55.28,56.5,55.82,0.0,5.46,5.46,12.26,12.21,13.13,137.0
148.71,141.16,77.61,79.02,78.58,76.47,77.74,80.33,79.91,77.81,78.42,80.22,80.25,77.75,81.75,81.48,81.27,79.3,90.15,88.22,71.31,60.32,62.37,57.5,57.49,58.08,66.8,23.89,23.89,26.5,23.44,42.26,20.3,29.55,30.41,29.1,26.97,19.8,14.38,27.24,23.5,15.13,18.61,23.66,26.87,15.5,14.84,15.06,15.99,13.96,15.55,16.63,15.83,15.05,11.93,18.09,204.93,16.99,15.7,21.12,13.44,17.32,18.16,16.58,16.22,13.3,18.37,23.34,98.79,92.76,99.99,92.96,90.51,71.68,75.05,76.16,72.98,72.84,75.07,77.05,66.58,67.8,77.2,74.77,72.99,66.25,72.54,66.99,77.81,63.64,75.29,78.65,74.7,79.08,78.5,78.5,76.82,77.9,93.76,102.44,71.93,72.03,105.3,77.89,77.96,83.35,72.78,80.02,74.79,66.93,75.4,77.11,76.56,78.33,78.52,82.1,73.34,71.97,74.44,74.46,74.43,71.8,72.67,70.91,71.15,71.24,73.66,73.79,71.8,71.03,74.86,73.28,73.48,70.93,73.88,74.01,72.98,74.45,73.93,75.1,74.58,72.99,74.79,72.19,77.04,76.96,70.96,75.0,83.62,71.2,80.27,73.54,77.87,86.17,82.3,79.32,86.52,76.42,78.89,78.46,78.65,79.79,80.98,94.99,95.31,58.05,62.76,55.38,67.86,53.49,57.05,58.41,62.55,62.8,58.85,57.52,59.72,53.38,61.66,54.8,61.2,53.44,59.87,60.03,62.28,53.85,68.41,66.77,64.5,60.03,57.37,61.85,62.02,62.25,56.71,58.83,73.82,74.37,73.87,73.66,74.81,77.93,74.27,65.96,50.42,50.18,48.81,49.49,47.27,49.51,50.73,50.05,5.07,0.0,0.0,6.8,6.75,7.66,131.23
148.71,141.16,77.62,79.02,78.58,76.47,77.75,80.34,79.92,77.82,78.43,80.23,80.25,77.76,81.75,81.49,81.27,79.3,90.16,88.23,71.32,60.33,62.37,57.51,57.49,58.08,66.8,23.89,23.89,26.5,23.44,42.27,20.3,29.55,30.42,29.11,26.98,19.81,14.39,27.25,23.5,15.14,18.62,23.67,26.88,15.5,14.84,15.07,15.99,13.96,15.55,16.63,15.84,15.05,11.93,18.1,204.94,16.99,15.71,21.12,13.44,17.32,18.17,16.58,16.22,13.3,18.37,23.33,98.8,92.76,100.0,92.96,90.51,71.68,75.06,76.16,72.99,72.84,75.08,77.05,66.58,67.81,77.21,74.78,72.99,66.25,72.54,66.99,77.81,63.65,75.3,78.66,74.7,79.09,78.51,78.51,76.82,77.9,93.77,102.45,71.93,72.03,105.31,77.9,77.96,83.35,72.78,80.03,74.79,66.94,75.4,77.11,76.56,78.33,78.52,82.11,73.35,71.97,74.45,74.47,74.44,71.8,72.68,70.91,71.16,71.24,73.66,73.79,71.8,71.04,74.86,73.28,73.49,70.93,73.88,74.02,72.98,74.46,73.93,75.11,74.58,73.0,74.8,72.2,77.04,76.97,70.96,75.0,83.62,71.2,80.27,73.54,77.88,86.18,82.3,79.33,86.53,76.42,78.89,78.47,78.65,79.79,80.98,95.0,95.31,58.05,62.76,55.38,67.86,53.49,57.06,58.41,62.55,62.81,58.85,57.53,59.72,53.38,61.66,54.81,61.2,53.45,59.87,60.03,62.28,53.85,68.42,66.77,64.51,60.03,57.38,61.86,62.02,62.26,56.72,58.83,73.83,74.37,73.87,73.67,74.82,77.93,74.28,65.96,50.43,50.18,48.82,49.49,47.27,49.52,50.74,50.06,5.07,0.0,0.0,6.8,6.75,7.67,131.24
142.23,134.68,74.46,75.87,75.43,73.32,74.59,77.19,76.77,74.67,75.28,77.07,77.1,74.61,78.6,78.34,78.12,76.15,83.67,81.75,64.84,53.84,55.89,54.36,54.34,54.93,63.65,17.41,17.41,20.02,16.96,35.78,13.82,23.07,23.94,22.62,20.49,13.33,7.91,20.76,17.02,8.65,12.14,17.19,20.39,9.02,8.36,8.58,9.51,7.48,9.07,10.15,9.35,8.57,5.45,11.61,198.46,10.51,9.22,14.64,6.96,10.84,11.69,10.1,9.74,6.82,24.89,30.72,95.64,89.61,96.85,89.81,87.36,68.53,71.91,73.01,69.84,69.69,71.93,73.9,63.43,64.65,74.06,71.62,69.84,63.1,69.39,63.84,74.66,60.5,72.15,75.51,71.55,75.94,75.35,75.35,73.67,74.75,90.62,99.3,68.78,68.88,102.16,74.75,74.81,80.2,69.63,76.88,71.64,63.79,72.25,73.96,73.41,75.18,75.37,78.96,70.19,68.82,71.3,71.32,71.29,68.65,69.52,67.76,68.01,68.09,70.51,70.64,68.65,67.89,71.71,70.13,70.33,67.78,70.73,70.86,69.83,71.31,70.78,71.96,71.43,69.85,71.65,69.05,73.89,73.82,67.81,71.85,80.47,68.05,77.12,70.39,74.73,83.03,79.15,76.18,83.38,73.27,75.74,75.32,75.5,76.64,77.83,91.85,92.16,54.9,59.61,52.23,64.71,50.34,53.91,55.26,59.4,59.66,55.7,54.38,56.57,50.23,58.51,51.66,58.05,50.3,56.72,56.88,59.13,50.7,65.26,63.62,61.36,56.88,54.23,58.71,58.87,59.1,53.57,55.68,70.67,71.22,70.72,70.52,71.67,74.78,71.13,62.81,47.27,47.03,45.66,46.34,44.12,46.37,47.59,46.91,11.87,6.8,6.8,0.0,0.05,1.15,136.82
142.18,134.63,74.41,75.82,75.38,73.27,74.54,77.14,76.72,74.62,75.23,77.02,77.05,74.56,78.55,78.29,78.07,76.1,83.62,81.7,64.79,53.79,55.84,54.31,54.29,54.88,63.6,17.36,17.36,19.97,16.91,35.73,13.77,23.02,23.89,22.57,20.44,13.28,7.86,20.71,16.97,8.6,12.09,17.14,20.34,8.97,8.31,8.53,9.46,7.43,9.02,10.1,9.3,8.52,5.4,11.56,198.41,10.46,9.17,14.59,6.91,10.79,11.64,10.05,9.69,6.77,24.84,30.67,95.59,89.56,96.8,89.76,87.31,68.48,71.86,72.96,69.79,69.64,71.88,73.85,63.38,64.6,74.01,71.57,69.79,63.05,69.34,63.79,74.61,60.45,72.1,75.45,71.5,75.89,75.3,75.3,73.62,74.7,90.57,99.25,68.73,68.83,102.11,74.7,74.76,80.15,69.58,76.83,71.59,63.74,72.2,73.91,73.36,75.13,75.32,78.91,70.14,68.77,71.25,71.27,71.24,68.6,69.47,67.71,67.96,68.04,70.46,70.59,68.6,67.84,71.66,70.08,70.28,67.73,70.68,70.81,69.78,71.26,70.73,71.91,71.38,69.8,71.6,69.0,73.84,73.77,67.76,71.8,80.42,68.0,77.07,70.34,74.68,82.98,79.1,76.13,83.33,73.22,75.69,75.27,75.45,76.59,77.78,91.8,92.11,54.85,59.56,52.18,64.66,50.29,53.86,55.21,59.35,59.61,55.65,54.33,56.52,50.18,58.46,51.61,58.0,50.25,56.67,56.83,59.08,50.65,65.21,63.57,61.31,56.83,54.18,58.66,58.82,59.05,53.52,55.63,70.62,71.17,70.67,70.47,71.62,74.73,71.08,62.76,47.22,46.98,45.61,46.29,44.07,46.32,47.54,46.86,11.82,6.75,6.75,0.05,0.0,1.1,136.77
142.99,135.44,72.39,73.79,73.35,71.24,72.51,75.11,74.69,72.59,73.2,75.0,75.02,72.53,76.52,76.26,76.04,74.07,84.43,82.5,65.59,54.6,56.65,52.28,52.26,52.85,61.57,18.17,18.17,20.78,17.72,36.54,14.58,23.82,24.69,23.38,21.25,14.08,8.66,21.52,17.78,9.41,12.89,17.94,21.15,9.78,9.12,9.34,10.27,8.23,9.83,10.91,10.11,9.33,6.2,12.37,199.21,11.27,9.98,15.4,7.72,11.59,12.44,10.85,10.5,7.58,25.65,31.47,93.56,87.53,94.77,87.73,85.28,66.45,69.83,70.93,67.76,67.61,69.85,71.82,61.35,62.58,71.98,69.55,67.76,61.02,67.31,61.76,72.58,58.42,70.07,73.43,69.47,73.86,73.28,73.28,71.59,72.67,88.54,97.22,66.7,66.8,100.08,72.67,72.73,78.12,67.55,74.8,69.56,61.71,70.17,71.88,71.33,73.1,73.29,76.88,68.12,66.74,69.22,69.24,69.21,66.57,67.45,65.68,65.93,66.01,68.43,68.56,66.57,65.81,69.63,68.05,68.26,65.7,68.65,68.79,67.75,69.23,68.7,69.88,69.35,67.77,69.57,66.97,71.81,71.74,65.73,69.77,78.39,65.97,75.04,68.31,72.65,80.95,77.07,74.1,81.3,71.19,73.66,73.24,73.42,74.56,75.75,89.77,90.08,52.82,57.53,50.15,62.63,48.26,51.83,53.18,57.32,57.58,53.62,52.3,54.49,48.15,56.43,49.58,55.97,48.22,54.64,54.8,57.05,48.62,63.19,61.54,59.28,54.8,52.15,56.63,56.79,57.02,51.49,53.6,68.6,69.14,68.64,68.44,69.59,72.7,69.05,60.73,45.2,44.95,43.59,44.26,42.04,44.29,45.51,44.83,12.74,7.66,7.67,1.15,1.1,0.0,126.01
62.82,2.43,55.43,56.28,56.4,56.34,55.56,58.15,56.97,55.63,55.69,57.28,57.3,54.66,52.98,58.54,58.32,57.26,58.88,59.55,73.44,83.31,85.35,78.54,78.52,80.72,73.05,125.03,125.03,126.62,121.42,106.37,127.41,129.67,114.18,124.94,127.1,126.32,132.77,127.37,125.47,131.09,127.76,121.54,127.0,131.58,131.16,131.59,130.83,132.3,131.63,130.88,129.26,131.0,132.26,131.27,108.09,131.24,129.95,128.92,131.9,130.03,131.26,130.83,129.46,131.76,136.26,142.76,49.09,49.01,50.29,46.76,47.29,62.42,58.99,60.1,60.28,60.91,63.56,56.15,69.64,71.19,56.3,58.71,60.28,69.31,61.61,70.38,56.55,69.63,58.28,57.29,59.23,58.25,57.67,57.67,60.76,57.25,69.08,75.11,62.94,63.04,74.92,65.74,65.81,59.55,62.03,57.84,58.72,70.33,60.67,58.97,56.25,57.34,71.44,78.2,69.44,66.56,66.92,69.32,68.41,67.9,67.42,66.55,67.25,67.34,67.35,68.65,67.9,66.32,68.31,68.14,68.11,69.84,68.65,70.11,67.84,68.01,70.03,65.14,69.31,67.65,70.89,93.85,82.14,82.06,92.62,85.21,79.72,92.86,82.22,87.92,57.22,132.76,130.73,123.25,136.24,117.8,55.94,57.44,55.91,57.6,57.55,98.83,99.14,75.49,73.01,76.35,86.32,79.72,76.61,74.53,79.74,76.43,74.28,77.72,73.85,79.61,75.29,80.59,70.98,78.91,80.28,74.17,72.52,79.33,72.68,85.23,69.75,74.96,80.62,71.63,75.65,69.88,76.69,76.88,67.8,68.34,67.84,67.64,68.79,65.78,68.25,101.9,86.7,84.81,84.31,85.76,84.62,85.79,85.19,84.69,136.8,130.92,130.93,136.77,136.72,125.39,0.0
