0.0,2.85,81.07,27.4,19.73,22.16,14.99,26.96,21.63,24.88,77.03,9.62,9.72,125.36,1.83,79.9,80.16,20.85,11.87,10.36,24.48,15.99,2.16,19.2,8.71,4.37,82.69,14.03,2.08,1.61,27.29,33.38,19.68,9.1,25.21,40.53,23.03,31.49,33.0,26.4,24.4,33.72,30.98,20.53,26.29,32.44,21.96,27.27,23.29,21.21,33.65,5.67,5.94,23.11,31.3,20.96,39.29,83.21,26.01,18.31,76.63,4.96,81.02,79.33,76.09,5.4,75.6,77.0,4.13,79.49,77.95,16.79,16.12,15.33,81.61,2.99,15.33,14.33,17.57,97.58,78.32,55.72,110.81,6.96,13.6,78.29,77.51,18.12,7.58,6.82,6.95,81.25,1.96,2.28,5.4,11.81,82.0,82.0,77.52,17.44,82.47,87.46,80.28,56.52,76.6,85.43,10.65,2.82,40.87,23.28,79.95,32.47,56.6,113.28,2.09,3.02,77.6,77.61,82.95,102.51,2.92,72.07,16.32,17.87,16.0,26.42,111.48,80.31,83.48,31.86,24.63,100.75,90.69,84.26,2.27,2.98,15.09,82.86,82.94,17.25,51.44,76.87,77.46,3.87,5.39,51.75,76.8,78.8,15.02,14.48,17.01,17.06,14.57,3.07,6.52,16.31,13.23,2.11,3.82,14.57,79.21,82.84,5.9,31.37,3.65,3.07,3.07,3.75,1.34,2.36,3.61,3.34,3.13,1.78,3.79,17.66,22.33,19.36,31.91,16.43,79.46,79.41,14.52,14.32,15.47,14.93,14.52,14.69,16.71,14.99,14.82,14.79,13.0,16.52,3.78,76.86,23.56,16.55,23.37,11.84,11.82,15.99,6.61,38.2,90.94,14.1,13.23,26.39,13.93,31.78,75.31,75.36,25.2,25.59,14.01,41.87,41.06,39.53,72.5
3.76,0.0,82.06,28.39,20.72,23.16,16.83,27.95,22.63,25.88,78.03,10.61,10.71,127.19,2.18,80.9,81.16,21.84,13.48,12.2,26.32,16.98,3.99,20.2,9.71,6.2,83.69,15.03,5.09,2.41,28.29,34.37,20.68,10.09,26.21,41.52,24.02,32.49,33.99,27.39,25.39,34.71,31.98,21.53,27.28,33.43,22.96,28.27,24.28,22.2,34.64,6.66,7.19,24.11,32.29,21.96,40.29,84.21,27.0,19.3,77.63,4.63,82.02,80.32,77.09,6.64,76.6,78.0,5.97,80.48,78.94,17.78,17.11,16.32,82.6,6.0,16.32,15.32,18.57,98.58,79.31,57.55,112.64,7.95,14.6,79.29,78.5,19.11,8.58,5.79,7.95,82.25,3.79,2.18,6.4,13.42,82.99,82.99,78.51,19.28,83.47,88.46,79.25,58.35,77.59,86.42,11.24,3.82,42.7,25.11,80.95,33.46,57.6,115.12,3.92,4.01,78.6,78.6,83.94,103.51,3.92,73.06,17.31,18.87,17.0,27.41,113.31,79.29,84.47,32.86,26.47,101.75,91.68,85.25,4.76,3.98,16.08,83.86,83.94,19.08,52.43,77.87,78.46,5.7,6.38,52.75,77.8,79.79,16.02,15.47,18.0,18.05,15.57,4.91,7.76,17.3,14.23,5.12,5.65,15.57,80.2,83.84,6.9,32.36,2.63,2.05,2.05,5.53,3.17,5.37,6.62,6.35,6.14,4.79,5.62,18.65,23.32,20.35,32.9,17.42,80.45,80.41,15.52,15.31,16.47,15.92,15.51,15.69,17.7,15.99,15.81,15.78,13.99,17.51,5.56,77.85,24.55,17.55,24.37,13.45,12.82,16.99,7.85,39.2,91.93,15.1,14.22,27.39,14.93,32.78,76.3,76.35,26.19,26.58,15.01,42.87,42.89,40.53,73.5
81.32,80.9,0.0,60.51,65.61,60.39,92.94,61.76,62.38,84.53,4.58,74.36,74.46,55.11,81.08,6.48,1.23,62.38,80.39,85.78,102.43,68.68,80.24,64.62,75.21,82.45,6.27,76.09,82.65,80.86,59.72,52.77,65.11,74.11,59.94,74.54,57.72,52.52,70.28,55.83,59.32,79.38,51.16,62.06,55.72,51.83,64.0,57.15,59.4,60.76,79.31,77.49,78.59,65.15,49.61,61.2,73.3,14.77,56.19,64.2,6.8,77.72,4.17,5.91,7.16,79.54,5.77,6.81,82.22,6.07,85.63,76.44,75.77,76.31,7.88,82.77,76.22,75.43,77.22,17.12,4.93,127.1,73.95,75.42,76.87,6.5,7.68,80.95,75.27,74.97,75.41,1.73,80.04,81.45,77.22,80.33,5.94,5.94,7.2,95.39,14.03,85.0,44.12,124.95,6.77,88.61,77.5,79.48,107.65,101.22,6.53,51.86,70.07,132.51,80.17,78.9,18.15,18.15,6.52,26.06,78.99,12.43,69.01,70.23,76.9,64.55,72.02,46.16,23.22,53.08,96.2,23.61,14.21,14.31,81.01,79.63,76.86,12.91,14.5,95.19,97.34,3.48,5.73,80.76,77.2,97.65,3.49,4.36,76.8,76.25,69.37,69.42,74.23,80.24,77.83,66.08,74.4,82.68,81.08,74.23,5.79,14.4,77.13,52.4,81.52,80.93,80.93,80.3,80.18,83.41,84.18,83.91,83.7,82.35,81.73,63.54,64.37,65.24,69.19,66.85,7.68,5.99,76.3,76.09,77.25,76.7,75.41,76.88,76.36,77.29,75.71,75.91,73.46,66.75,80.33,6.66,61.17,64.6,59.06,80.36,77.54,77.01,79.25,77.34,92.75,75.1,73.34,86.05,73.58,82.61,11.62,11.67,59.92,55.79,73.67,75.88,104.79,73.54,79.05
29.81,29.39,60.43,0.0,17.72,13.37,41.43,18.36,24.33,33.02,56.4,22.85,22.95,110.93,29.57,59.27,59.53,23.54,28.88,34.27,50.92,17.17,28.73,21.9,23.7,30.94,62.06,24.58,31.14,29.35,18.18,17.79,22.38,22.6,7.56,32.75,13.54,17.31,23.55,14.48,15.28,37.59,16.67,23.23,14.37,18.77,24.66,15.36,12.68,14.62,37.52,25.98,27.08,25.81,19.22,23.66,31.51,62.58,14.09,21.0,55.99,26.21,60.39,58.69,55.46,28.03,54.96,56.37,30.71,58.85,60.77,24.93,24.26,24.8,60.97,31.26,24.71,23.92,25.72,76.95,57.68,82.15,129.77,23.91,25.37,57.66,56.87,29.44,23.76,23.46,23.9,60.61,28.53,29.94,25.71,28.82,61.36,61.36,56.88,43.88,61.84,79.68,99.94,82.95,55.96,77.64,25.99,27.97,56.25,49.71,59.32,18.8,48.82,139.72,28.66,27.39,56.97,56.97,62.31,81.88,27.48,51.43,17.5,18.72,25.39,17.82,127.84,101.98,62.84,17.68,44.69,80.12,70.05,63.62,29.5,28.12,25.35,62.23,62.31,43.68,59.58,56.24,56.83,29.25,25.69,59.9,56.17,58.16,25.29,24.74,17.86,17.91,22.72,28.73,26.32,14.57,22.89,31.17,29.57,22.72,58.57,62.21,25.62,17.18,30.01,29.42,29.42,28.79,28.68,31.9,32.67,32.4,32.19,30.84,30.22,20.36,25.02,19.33,22.46,23.19,58.82,58.78,24.79,24.58,25.74,25.2,23.9,25.37,24.85,25.78,24.2,24.4,21.95,21.85,28.82,56.22,14.45,21.87,13.58,28.85,26.03,25.5,27.74,35.55,83.15,23.59,21.83,34.54,22.07,39.92,54.67,54.72,7.55,13.67,22.16,34.09,53.39,31.75,54.18
21.07,20.65,67.04,12.0,0.0,7.45,32.69,12.24,6.92,20.56,63.0,12.75,12.85,117.54,20.83,65.88,66.14,5.11,18.95,24.34,42.18,7.24,19.99,4.5,14.96,22.2,68.67,14.78,22.4,20.61,12.58,18.7,4.98,13.86,5.89,25.81,8.31,16.82,18.28,11.72,9.68,30.66,16.31,5.81,11.61,17.77,7.25,12.6,7.79,6.49,30.58,17.24,18.34,8.4,17.45,6.24,24.58,69.19,11.33,3.6,62.6,17.47,67.0,65.3,65.76,19.29,61.57,64.71,21.97,65.46,63.23,12.46,11.79,12.33,67.58,22.52,14.87,14.08,13.25,83.55,64.29,73.41,128.5,15.17,14.64,64.26,63.48,16.97,15.02,13.96,15.16,67.22,19.79,21.2,16.97,18.89,67.97,67.97,67.19,35.14,68.44,72.75,106.55,74.21,62.57,70.71,15.56,19.23,49.59,40.97,65.93,17.79,41.89,130.98,19.92,18.65,67.28,67.28,68.92,88.48,18.74,61.74,7.58,5.07,15.56,11.7,129.17,108.59,73.15,17.19,28.89,90.42,76.66,70.23,20.76,19.38,15.56,68.84,68.92,34.94,48.61,62.85,63.44,20.51,16.95,48.93,62.77,64.77,15.49,14.94,9.19,9.24,10.25,19.99,17.58,5.06,10.42,22.43,20.83,10.25,65.18,68.82,16.88,16.69,21.27,20.68,20.68,20.05,19.93,23.16,23.93,23.66,23.45,22.1,21.48,2.98,7.61,4.68,17.19,6.73,65.43,65.39,14.99,14.79,15.94,15.4,13.34,12.91,12.38,13.31,14.36,14.62,9.51,6.63,20.08,66.53,8.84,4.47,8.66,18.92,15.36,15.71,19.0,28.62,76.22,11.15,9.36,22.07,9.61,27.45,64.98,65.03,5.87,10.91,9.69,27.16,46.73,24.82,57.79
22.75,22.32,64.56,13.39,7.58,0.0,34.36,5.66,3.03,22.26,60.52,14.43,14.53,115.05,22.51,63.39,63.65,3.74,20.63,26.02,43.85,8.92,21.67,4.16,16.64,23.88,66.18,16.48,24.08,22.28,5.48,9.08,4.65,15.54,8.68,19.24,1.04,8.6,10.85,4.57,2.58,24.08,7.99,3.42,4.46,12.12,5.36,5.45,1.17,1.21,24.01,18.91,20.02,6.51,10.97,1.79,14.28,66.7,4.06,6.17,60.12,19.15,64.51,62.81,60.8,20.96,59.09,62.22,23.65,62.97,56.65,14.16,13.49,14.03,65.09,24.19,16.57,15.78,14.95,81.07,61.8,75.09,130.18,16.84,16.34,61.78,61.0,18.67,16.7,19.89,16.84,64.74,21.47,22.88,18.65,20.56,65.48,65.48,62.23,36.81,65.96,66.17,104.06,75.89,60.08,64.14,17.24,20.9,52.35,42.65,63.44,12.14,35.31,132.65,21.6,20.33,62.31,62.32,66.43,86.0,20.42,56.78,9.25,7.6,17.26,5.13,130.85,106.1,68.18,8.97,30.59,87.56,74.17,67.75,22.44,21.06,17.26,66.35,66.43,36.62,42.04,60.36,60.95,22.18,18.63,42.35,60.29,62.28,17.19,16.64,9.94,9.99,11.95,21.67,19.26,13.67,12.12,24.11,22.51,11.95,62.69,66.33,18.56,8.48,22.94,22.36,22.36,21.73,21.61,24.84,25.61,25.34,25.12,23.77,23.16,5.51,4.65,7.21,9.76,8.17,62.94,62.9,16.69,16.49,17.64,17.1,15.04,14.61,14.08,15.01,16.06,16.32,11.18,8.07,21.76,62.55,1.75,5.97,2.03,20.6,17.04,17.41,20.68,22.04,69.64,12.82,11.06,23.77,11.31,27.31,60.02,60.07,8.67,3.64,11.39,20.58,49.49,14.52,51.21
15.13,16.63,93.57,39.9,32.23,34.67,0.0,39.46,34.14,37.38,89.53,22.12,22.22,116.61,15.1,92.41,92.67,33.35,21.61,16.63,13.47,28.49,12.3,31.7,21.21,9.92,95.2,26.54,16.46,14.87,39.8,45.88,32.19,21.6,37.72,53.03,35.53,44.0,45.5,38.9,36.9,39.95,43.49,33.03,38.79,44.94,34.47,39.77,35.79,33.71,39.88,18.17,15.53,35.62,43.8,33.46,51.8,95.72,38.51,30.81,89.13,17.46,93.53,91.83,88.6,14.98,88.1,89.51,10.29,91.99,81.06,29.29,28.62,27.83,94.11,10.24,27.83,26.83,30.08,110.08,90.82,46.97,102.06,19.46,26.11,90.8,90.01,30.62,20.09,20.79,19.46,93.75,12.03,15.47,17.91,21.39,94.5,94.5,90.02,2.45,94.97,90.58,126.49,47.77,89.1,88.54,20.24,15.33,30.62,12.27,92.46,44.97,59.72,104.54,12.75,15.52,90.11,90.11,95.45,115.02,15.43,84.57,28.82,30.38,28.51,38.92,102.73,128.53,95.98,44.37,26.16,113.25,103.19,96.76,11.88,15.49,27.59,95.37,95.45,2.25,56.64,89.38,89.97,13.46,17.89,56.96,89.31,91.3,27.53,26.98,29.51,29.56,27.08,12.66,16.11,28.81,25.74,12.2,13.41,27.08,91.71,95.35,18.41,43.87,17.43,16.85,16.85,13.34,13.84,10.75,12.07,12.43,12.95,16.15,16.44,30.16,34.83,31.86,44.41,28.93,91.96,91.92,27.03,26.82,27.97,27.43,27.02,27.19,29.21,27.49,27.32,27.29,25.5,29.02,13.37,89.36,36.06,29.06,35.88,21.43,24.33,28.49,16.19,43.03,94.05,26.6,25.73,38.9,26.43,40.03,87.81,87.86,37.7,38.09,26.52,45.73,30.81,52.04,75.62
27.84,27.42,61.31,29.82,12.24,7.33,39.46,0.0,8.06,27.3,57.27,19.51,19.62,111.8,27.6,60.14,60.4,8.75,25.72,31.1,48.95,13.99,26.77,9.18,21.73,28.97,62.93,21.52,29.17,27.38,4.65,10.11,9.66,20.63,17.54,14.54,7.29,9.95,9.04,9.84,6.85,19.38,10.76,8.44,9.73,10.08,5.28,8.29,7.59,9.21,19.31,24.01,25.11,5.07,11.71,8.97,13.3,63.45,9.21,10.83,56.87,24.24,61.26,59.57,57.55,26.06,55.84,58.98,28.74,59.73,41.83,19.2,18.53,19.07,61.85,29.29,21.61,20.82,19.99,77.82,58.56,80.18,135.27,21.94,22.2,58.53,57.75,23.71,21.8,24.98,21.93,61.49,26.56,27.97,23.74,25.65,62.24,62.24,58.98,41.91,62.71,61.47,100.81,80.98,56.83,59.44,22.32,26.0,47.65,47.74,60.19,9.43,30.61,137.75,26.69,25.42,59.06,59.07,63.19,82.75,25.51,53.53,14.33,12.26,22.3,3.49,135.94,102.86,64.94,10.22,38.53,84.31,70.93,64.5,27.53,26.16,22.3,63.1,63.18,41.71,37.34,57.11,57.7,27.28,23.72,37.65,57.04,59.04,22.23,21.68,15.02,15.07,16.99,26.76,23.26,16.72,17.16,29.2,27.6,16.99,59.45,63.08,23.65,10.09,28.04,27.45,27.45,26.82,26.71,29.93,30.7,30.44,30.22,28.87,28.25,10.17,5.87,11.87,7.95,12.87,59.7,59.65,21.73,21.53,22.68,22.14,20.08,19.65,19.12,20.05,21.1,21.36,16.36,12.77,26.85,59.31,6.12,10.81,8.3,25.69,22.12,22.45,25.77,17.34,64.95,18.0,16.1,28.43,16.35,22.61,56.77,56.82,17.53,9.21,16.43,15.88,44.79,13.54,46.51
20.71,20.29,65.68,23.97,6.48,3.0,32.33,6.79,0.0,19.5,61.64,11.58,11.68,116.18,20.47,64.52,64.77,2.63,17.78,23.17,41.82,8.15,19.64,3.06,13.24,21.85,67.3,13.72,22.05,20.25,7.3,11.84,3.54,13.5,9.81,20.36,4.04,11.36,11.82,6.93,4.4,25.21,13.47,2.32,6.82,14.93,1.79,7.81,4.11,1.78,25.13,16.88,17.98,2.94,16.09,1.54,19.12,67.82,6.59,5.07,61.24,17.12,65.64,63.94,61.93,18.93,60.21,63.35,21.61,64.1,57.78,11.41,10.74,11.27,66.22,22.16,13.81,13.02,12.19,82.19,62.93,73.06,128.14,14.81,14.27,62.9,62.12,15.91,14.67,17.85,14.81,65.86,19.44,20.84,16.61,17.72,66.61,66.61,63.35,34.78,67.08,67.29,105.18,73.85,61.21,65.26,14.39,18.87,53.47,40.61,64.57,14.96,36.43,130.62,19.56,18.29,63.44,63.44,67.56,87.12,18.38,57.9,8.48,6.5,14.51,6.25,128.81,107.23,69.31,11.73,27.83,88.68,75.3,68.87,20.4,19.03,14.5,67.48,67.56,34.58,43.16,61.49,62.08,20.15,16.6,43.48,61.41,63.41,14.43,13.89,9.17,9.22,9.19,19.63,15.32,10.96,9.36,22.07,20.48,9.19,63.82,67.46,16.52,11.23,20.91,20.33,20.33,19.7,19.58,22.8,23.57,23.31,23.09,21.74,21.12,4.41,2.16,6.11,10.73,5.68,64.07,64.02,13.93,13.73,14.88,14.34,12.28,11.85,11.32,12.25,13.3,13.56,8.36,5.58,19.72,63.68,3.72,3.48,4.97,17.75,14.19,14.66,18.64,23.16,70.77,10.0,8.3,21.01,8.55,28.43,61.14,61.19,9.79,6.4,8.63,21.7,50.61,19.36,52.33
24.07,23.65,85.4,31.73,20.26,22.7,35.69,27.65,22.17,0.0,81.37,13.99,14.09,135.9,23.83,84.24,84.5,21.38,12.85,17.49,45.18,16.52,23.0,18.69,14.81,21.91,87.03,10.21,25.41,23.61,27.83,33.91,19.17,16.87,29.55,18.88,23.56,32.03,21.73,26.93,24.93,9.44,31.52,21.07,26.82,32.97,22.5,27.8,23.82,21.74,9.36,17.28,16.71,23.65,31.83,21.49,18.76,87.55,26.54,18.84,80.96,20.48,85.36,83.66,80.43,18.2,79.93,81.34,21.67,83.82,51.95,9.62,12.76,9.48,85.94,25.52,8.38,9.06,9.01,101.91,82.65,76.42,131.5,15.41,10.62,82.63,81.84,5.44,18.03,21.21,15.4,85.58,22.8,24.2,17.24,12.79,86.33,86.33,81.85,38.14,86.81,61.47,124.91,77.21,80.93,59.44,12.97,22.23,29.63,43.98,84.29,33.0,30.61,133.98,22.93,21.65,81.94,81.94,87.28,106.85,21.75,76.4,16.85,18.41,8.03,26.48,132.17,126.95,87.81,32.4,18.45,105.09,95.02,88.59,23.76,22.39,10.44,87.2,87.28,37.95,27.16,81.21,81.8,19.55,19.96,27.47,81.14,83.13,9.6,9.27,17.54,17.59,11.21,19.34,16.2,20.64,13.04,25.43,20.19,11.21,83.54,87.18,16.57,31.9,24.27,23.69,23.69,18.98,22.94,22.86,26.93,26.67,26.45,25.1,24.49,18.19,22.86,19.89,21.53,16.46,83.79,83.75,9.87,9.67,10.04,9.91,10.49,10.06,13.35,10.46,9.07,8.97,13.27,15.71,19.01,81.19,24.09,16.58,23.91,12.77,11.28,8.08,16.82,13.92,64.94,14.91,12.76,2.11,12.27,7.5,79.64,79.69,29.53,26.12,12.3,16.63,26.77,20.18,46.51
78.07,77.65,5.91,57.26,62.36,57.14,89.69,58.51,59.13,81.28,0.0,71.11,71.21,58.72,77.83,2.89,7.1,59.13,77.14,82.53,99.18,65.43,76.99,61.37,71.96,79.2,7.89,72.84,79.4,77.61,56.47,49.52,61.86,70.86,56.69,71.29,54.47,49.27,67.03,52.58,56.07,76.13,47.91,58.81,52.47,48.58,60.75,53.9,56.15,57.51,76.06,74.24,75.34,61.9,46.36,57.95,70.05,11.81,52.94,60.95,2.01,74.47,3.23,2.31,5.7,76.29,2.45,3.97,78.97,2.47,85.5,73.19,72.52,73.06,6.84,79.52,72.97,72.18,73.98,20.26,1.3,130.71,77.56,72.17,73.62,2.91,3.05,77.7,72.02,71.72,72.16,7.6,76.79,78.2,73.97,77.08,7.23,7.23,5.57,92.14,11.07,84.87,47.73,128.57,1.98,88.48,74.25,76.23,104.4,97.97,2.94,48.61,87.36,136.12,76.92,75.65,18.02,18.02,8.14,29.67,75.74,12.3,65.76,66.98,73.65,61.3,75.63,49.78,23.09,49.83,92.95,26.75,17.82,11.09,77.76,76.38,73.61,9.69,11.54,91.94,94.09,1.2,0.45,77.51,73.95,94.4,1.12,1.79,73.55,73.0,66.12,66.17,70.98,76.99,74.58,62.83,71.15,79.43,77.83,70.98,2.19,11.44,73.88,49.15,78.27,77.68,77.68,77.05,76.93,80.16,80.93,80.66,80.45,79.1,78.48,60.29,61.12,61.99,65.94,63.6,3.59,2.4,73.05,72.84,74.0,73.45,72.16,73.63,73.11,74.04,72.46,72.66,70.21,63.5,77.08,4.3,57.93,61.35,55.81,77.11,74.29,73.76,76.0,74.09,92.62,71.85,70.09,82.8,70.33,79.36,11.49,11.54,56.67,52.54,70.42,72.63,101.54,70.29,78.92
10.98,10.56,77.03,23.36,13.13,14.46,22.6,20.36,13.68,14.41,72.99,0.0,0.1,132.97,10.74,75.86,76.12,13.4,6.2,11.59,32.09,9.38,9.91,11.17,2.15,9.45,78.65,5.46,12.32,10.52,19.34,26.77,11.66,3.77,21.17,33.93,15.5,24.89,24.29,19.79,16.44,23.25,24.38,13.08,19.69,25.84,15.36,20.67,16.69,13.25,23.17,4.81,4.26,16.51,24.69,13.0,32.69,79.17,19.41,11.7,72.59,7.39,76.98,75.29,72.05,5.74,71.56,72.96,9.22,75.45,65.77,7.57,7.13,6.75,77.57,12.43,6.75,5.76,8.42,93.54,74.28,63.33,118.41,3.27,5.03,74.25,73.47,9.55,4.85,8.12,3.27,77.21,9.71,11.11,4.77,6.14,77.96,77.96,73.48,25.05,78.43,75.28,116.53,64.12,72.56,73.25,3.32,9.14,40.72,30.89,75.92,25.86,44.42,120.89,9.84,8.56,73.56,73.57,78.91,98.47,8.65,68.03,9.71,11.27,7.43,19.82,119.08,118.58,79.44,25.26,20.5,96.71,86.65,80.22,10.67,9.3,6.52,78.83,78.9,24.86,40.97,72.84,73.43,7.1,5.87,41.28,72.76,74.76,6.45,5.9,10.4,10.46,6.77,6.89,3.74,10.12,4.66,12.34,7.73,6.77,75.17,78.8,4.1,24.76,11.18,10.6,10.6,6.53,9.85,10.41,13.84,13.58,13.36,12.01,11.4,11.06,15.73,12.76,23.2,8.95,75.42,75.37,5.95,5.74,6.9,6.36,5.95,6.12,7.72,6.42,6.24,6.21,5.01,8.9,6.56,72.82,15.6,9.07,16.77,6.17,4.13,7.42,5.46,27.73,78.76,5.99,5.42,15.92,6.13,21.31,71.27,71.32,21.16,18.98,4.85,30.44,40.58,32.93,60.32
10.9,10.48,76.95,23.28,13.04,14.38,22.52,20.28,13.59,14.33,72.91,0.96,0.0,132.89,10.66,75.78,76.04,13.32,6.12,11.51,32.01,9.3,9.83,11.09,2.07,9.37,78.57,5.38,12.24,10.44,19.25,26.69,11.58,3.69,21.09,33.85,15.42,24.81,24.21,19.71,16.35,23.17,24.3,13.0,19.6,25.76,15.28,20.59,16.61,13.17,23.09,4.73,4.18,16.43,24.61,12.92,32.61,79.09,19.33,11.62,72.51,7.31,76.9,75.21,71.97,5.66,71.48,72.88,9.14,75.37,65.69,7.49,7.05,6.67,77.49,12.35,6.67,5.67,8.34,93.46,74.2,63.25,118.33,3.19,4.95,74.17,73.39,9.47,4.76,8.04,3.18,77.13,9.63,11.03,4.69,6.06,77.88,77.88,73.4,24.97,78.35,75.2,116.45,64.04,72.47,73.17,3.24,9.06,40.64,30.81,75.83,25.78,44.34,120.81,9.76,8.48,73.48,73.49,78.83,98.39,8.57,67.95,9.63,11.19,7.35,19.74,119.0,118.5,79.36,25.18,20.42,96.63,86.57,80.14,10.59,9.22,6.43,78.74,78.82,24.77,40.89,72.75,73.34,7.02,5.79,41.2,72.68,74.68,6.37,5.82,10.32,10.38,6.69,6.81,3.66,10.04,4.58,12.26,7.65,6.69,75.09,78.72,4.02,24.68,11.1,10.52,10.52,6.45,9.77,10.33,13.76,13.5,13.28,11.93,11.31,10.98,15.64,12.67,23.12,8.87,75.34,75.29,5.87,5.66,6.82,6.28,5.86,6.04,7.64,6.34,6.16,6.13,4.93,8.82,6.47,72.74,15.52,8.99,16.69,6.09,4.05,7.34,5.38,27.65,78.68,5.91,5.34,15.84,6.05,21.23,71.19,71.24,21.08,18.9,4.77,30.36,40.5,32.85,60.24
126.7,128.2,54.64,84.89,88.63,112.72,118.05,114.08,114.7,108.55,58.12,133.7,133.8,0.0,126.67,58.46,53.21,114.7,136.57,130.31,121.05,92.69,126.39,116.95,132.79,128.6,48.42,138.11,128.04,126.45,112.05,105.09,117.43,133.18,86.24,126.86,110.05,104.85,122.6,108.16,111.64,131.71,103.48,114.39,108.05,104.16,116.33,109.47,111.73,113.08,131.64,129.75,130.86,117.48,101.94,113.52,125.63,54.25,108.52,116.53,61.38,129.04,56.15,57.88,59.14,129.73,61.05,58.79,128.36,58.04,137.61,100.46,99.79,100.32,52.28,128.91,139.41,138.41,101.24,63.15,56.91,75.29,22.14,131.04,137.68,58.48,61.67,142.2,131.67,86.06,131.04,54.29,126.19,127.04,129.48,136.5,51.91,51.91,59.18,117.52,53.51,136.98,10.2,73.15,61.34,140.59,134.32,126.91,145.68,119.85,58.51,104.18,122.05,80.7,126.32,127.1,70.13,70.13,48.3,33.25,127.0,64.41,93.02,94.24,140.08,116.88,20.22,12.24,75.2,105.4,139.84,69.64,41.06,56.55,127.16,127.06,139.17,51.83,53.98,119.77,149.67,58.15,57.71,128.1,129.47,149.98,58.15,56.34,139.1,138.56,93.38,93.43,98.24,127.3,131.43,90.09,137.32,128.06,128.05,98.24,57.76,53.88,129.98,104.72,129.01,128.43,128.43,127.98,125.42,128.31,123.74,129.3,129.08,127.73,128.02,115.87,116.69,117.57,121.51,119.18,59.66,57.97,138.6,138.4,139.55,139.01,138.6,138.77,100.37,139.07,138.9,138.87,91.36,119.08,128.01,58.64,113.5,116.92,111.39,136.54,135.9,140.07,131.52,129.67,144.73,93.0,91.59,110.06,97.6,134.94,63.6,63.65,86.23,108.12,97.68,128.21,145.87,125.87,131.03
2.54,1.53,80.26,26.59,18.91,21.35,15.33,26.14,20.82,24.07,76.22,8.8,8.9,125.7,0.0,79.09,79.35,20.03,11.67,10.7,24.82,15.17,2.49,18.39,7.9,4.7,81.88,13.22,3.87,0.6,26.48,32.56,18.87,8.29,24.4,39.72,22.22,30.68,32.19,25.58,23.58,32.91,30.17,19.72,25.47,31.63,21.15,26.46,22.48,20.39,32.83,4.85,5.38,22.3,30.48,20.15,38.48,82.4,25.2,17.49,75.82,4.14,80.21,78.51,75.28,4.83,74.79,76.19,4.47,78.67,77.13,15.98,15.31,14.51,80.79,4.77,14.51,13.51,16.76,96.77,77.5,56.05,111.14,6.14,12.79,77.48,76.7,17.31,6.77,5.5,6.14,80.44,2.29,0.37,4.59,11.61,81.18,81.18,76.71,17.78,81.66,86.65,78.96,56.85,75.78,84.62,9.43,2.01,41.21,23.61,79.14,31.65,55.79,113.62,2.42,2.21,76.79,76.79,82.13,101.7,2.11,71.25,15.5,17.06,15.19,25.6,111.81,79.0,82.66,31.05,24.97,99.94,89.87,83.45,3.26,2.17,14.28,82.05,82.13,17.58,50.63,76.06,76.65,4.2,4.57,50.94,75.99,77.98,14.21,13.66,16.19,16.24,13.76,3.41,5.96,15.49,12.42,3.89,4.15,13.76,78.39,82.03,5.09,30.55,2.34,1.75,1.75,3.72,1.67,4.15,5.4,5.13,4.91,3.56,4.12,16.85,21.51,18.54,31.09,15.62,78.64,78.6,13.71,13.5,14.66,14.12,13.7,13.88,15.89,14.18,14.0,13.97,12.18,15.71,3.75,76.05,22.75,15.74,22.56,11.65,11.01,15.18,6.04,37.39,90.12,13.29,12.41,25.58,13.12,30.97,74.5,74.55,24.39,24.77,13.2,41.06,41.39,38.72,71.69
81.98,81.55,4.15,61.16,66.27,61.05,93.59,62.42,63.03,85.19,4.11,75.01,75.11,56.96,81.73,0.0,5.34,63.03,81.05,86.43,103.08,69.33,80.9,65.28,75.86,83.11,9.31,76.74,83.31,81.51,60.38,53.42,65.76,74.77,60.59,75.2,58.38,53.18,70.93,56.49,59.97,80.04,51.81,62.72,56.38,52.49,64.66,57.81,60.06,61.41,79.97,78.14,79.25,65.81,50.27,61.85,73.96,16.0,56.85,64.86,6.53,78.38,1.46,3.87,5.26,80.19,6.43,4.91,82.87,4.03,83.74,77.1,76.43,76.96,9.1,83.42,76.88,76.08,77.88,18.5,2.9,128.94,75.8,76.07,77.53,4.47,6.82,81.61,75.93,75.62,76.07,5.83,80.7,82.1,77.87,80.98,9.49,9.49,5.31,96.04,15.26,83.1,45.97,126.8,6.5,86.71,78.16,80.13,108.31,101.88,0.23,52.52,68.18,134.35,80.83,79.56,16.25,16.26,9.08,27.91,79.65,10.53,69.66,70.89,77.55,65.21,73.87,48.01,21.32,53.74,96.85,24.98,16.06,15.23,81.67,80.29,77.52,13.84,15.73,95.85,98.0,4.14,3.7,81.41,77.86,98.31,4.14,2.33,77.45,76.91,70.02,70.07,74.88,80.89,78.49,66.73,75.06,83.33,81.74,74.88,3.75,15.63,77.79,53.06,82.17,81.59,81.59,80.96,80.84,84.06,84.84,84.57,84.35,83.0,82.39,64.2,65.02,65.9,69.84,67.51,5.15,3.96,76.95,76.75,77.9,77.36,76.07,77.54,77.01,77.95,76.37,76.57,74.12,67.41,80.99,4.77,61.83,65.25,59.72,81.02,78.19,77.67,79.91,78.0,90.85,75.76,74.0,86.7,74.24,83.27,9.72,9.77,60.58,56.45,74.32,76.54,105.45,74.2,77.15
82.51,82.08,1.23,61.7,66.8,61.58,94.13,62.95,63.56,85.72,5.77,75.55,75.65,54.27,82.27,7.67,0.0,63.57,81.58,86.97,103.61,69.87,81.43,65.81,76.4,83.64,5.04,77.28,83.84,82.04,60.91,53.96,66.3,75.3,61.12,75.73,58.91,53.71,71.47,57.02,60.51,80.57,52.35,63.25,56.91,53.02,65.19,58.34,60.59,61.95,80.5,78.67,79.78,66.34,50.8,62.39,74.49,13.54,57.38,65.39,7.99,78.91,5.36,7.09,8.35,80.73,6.96,8.0,83.41,7.25,86.82,77.63,76.96,77.5,6.65,83.95,77.41,76.61,78.41,18.31,6.12,126.26,73.11,76.61,78.06,7.69,8.87,82.14,76.46,76.16,76.6,1.09,81.23,82.64,78.41,81.51,4.71,4.71,8.39,96.58,12.8,86.18,43.28,124.11,7.96,89.8,78.69,80.67,108.84,102.41,7.72,53.05,71.26,131.67,81.36,80.09,19.34,19.34,5.29,25.22,80.18,13.62,70.2,71.42,78.08,65.74,71.18,45.32,24.41,54.27,97.38,24.8,13.37,13.08,82.2,80.82,78.05,11.68,13.27,96.38,98.53,4.67,6.92,81.95,78.39,98.84,4.67,5.55,77.99,77.44,70.55,70.61,75.42,81.43,79.02,67.26,75.59,83.87,82.27,75.42,6.97,13.17,78.32,53.59,82.7,82.12,82.12,81.49,81.37,84.6,85.37,85.1,84.89,83.53,82.92,64.73,65.55,66.43,70.37,68.04,8.86,7.18,77.49,77.28,78.43,77.89,76.6,78.07,77.55,78.48,76.9,77.1,74.65,67.94,81.52,7.85,62.36,65.79,60.25,81.55,78.72,78.2,80.44,78.53,93.94,76.29,74.53,87.24,74.77,83.8,12.81,12.86,61.11,56.98,74.86,77.07,105.98,74.73,80.24
20.08,19.66,65.71,22.08,4.58,3.8,31.7,9.1,3.53,19.57,61.68,11.76,11.86,116.21,19.84,64.55,64.81,0.0,17.96,23.35,41.19,6.25,19.01,1.17,13.97,21.21,67.34,13.79,21.41,19.62,9.36,15.9,1.65,12.87,9.89,22.67,4.66,11.58,15.14,7.55,6.46,27.52,13.51,2.17,7.44,14.96,4.11,8.42,4.15,2.44,27.44,16.25,17.35,5.25,16.12,2.86,21.44,67.86,7.04,3.18,61.27,16.48,65.67,63.97,61.96,18.3,60.24,63.38,20.98,64.13,60.09,11.47,10.81,11.34,66.25,21.53,13.88,13.09,12.26,82.23,62.96,72.42,127.51,14.18,13.66,62.94,62.15,15.98,14.04,17.22,14.17,65.89,18.8,20.21,15.98,17.9,66.64,66.64,63.39,34.15,67.12,69.61,105.22,73.22,61.24,67.57,14.57,18.24,48.6,39.98,64.6,14.99,38.75,129.99,18.93,17.66,63.47,63.47,67.59,87.16,17.75,57.93,6.59,4.61,14.58,8.56,128.18,107.26,69.34,11.95,27.9,88.71,75.33,68.9,19.77,18.4,14.57,67.51,67.59,33.95,45.47,61.52,62.11,19.52,15.96,45.79,61.45,63.44,14.5,13.96,7.28,7.33,9.26,19.0,16.59,9.07,9.43,21.44,19.84,9.26,63.85,67.49,15.89,11.45,20.28,19.69,19.69,19.06,18.95,22.17,22.94,22.68,22.46,21.11,20.49,2.52,4.47,4.22,14.05,5.06,64.1,64.06,14.0,13.8,14.95,14.41,12.35,11.92,11.39,12.32,13.37,13.63,8.52,4.96,19.09,63.71,5.63,2.8,5.01,17.93,14.37,14.73,18.01,25.48,73.08,10.16,8.37,21.08,8.62,30.74,61.18,61.23,9.88,6.62,8.7,24.02,45.74,21.68,54.65
13.05,12.48,84.95,31.28,18.75,20.09,22.0,25.98,19.3,13.69,80.91,6.67,6.77,135.13,12.89,83.78,84.04,19.02,0.0,6.1,34.25,15.01,11.53,16.8,6.17,12.09,86.57,7.5,14.39,12.67,24.96,32.4,17.28,7.85,29.09,31.97,21.13,30.52,29.92,25.42,22.06,22.53,30.01,18.71,25.31,31.46,20.99,26.3,22.31,18.87,22.45,7.46,6.9,22.14,30.32,18.63,31.85,87.09,25.03,17.33,80.51,9.31,84.9,83.21,79.97,8.38,79.48,80.88,11.86,83.37,65.05,10.82,10.29,10.0,85.49,13.63,10.0,9.0,11.66,101.46,82.2,65.49,120.57,7.55,7.07,82.17,81.39,8.83,9.88,11.9,7.54,85.13,11.32,13.26,7.43,1.91,85.88,85.88,81.4,23.92,86.35,74.56,124.45,66.28,80.47,72.53,5.28,11.18,35.22,33.05,83.83,31.49,43.7,123.05,11.12,10.61,81.48,81.49,86.83,106.39,10.7,75.95,15.34,16.9,10.3,25.44,121.24,126.5,87.36,30.89,14.94,104.63,94.57,88.14,12.29,11.34,6.14,86.74,86.82,20.17,40.25,80.75,81.34,9.74,8.52,40.56,80.68,82.68,8.49,7.94,16.03,16.08,10.22,9.53,6.38,20.18,10.29,14.41,10.37,10.22,83.09,86.72,6.76,30.39,13.1,12.51,12.51,9.17,11.92,13.05,15.91,15.65,15.43,14.08,13.55,16.68,21.35,18.38,28.83,14.57,83.34,83.29,7.99,7.78,8.11,8.39,9.19,9.36,10.88,9.66,9.49,9.53,10.64,14.53,9.19,80.74,21.23,14.7,22.4,2.32,4.62,9.45,7.01,27.01,78.04,11.62,11.05,15.2,11.27,20.59,79.19,79.24,29.08,24.61,10.48,29.72,28.57,33.27,59.6
10.77,11.73,88.84,35.17,27.74,25.07,16.63,34.97,24.29,17.19,84.8,11.66,11.76,129.1,10.6,87.68,87.94,24.01,5.7,0.0,27.92,23.99,9.24,21.79,11.16,9.8,90.47,12.48,12.1,10.38,29.95,41.38,22.27,12.83,32.99,36.1,26.12,39.5,38.95,34.4,27.05,28.06,38.99,23.7,34.3,40.45,29.97,35.28,31.3,23.86,27.99,11.86,9.69,31.12,39.3,23.61,35.98,90.99,34.02,26.31,84.4,12.97,88.8,87.1,83.86,8.98,83.37,84.78,9.57,87.26,69.17,15.31,15.28,14.49,89.38,11.34,14.38,13.47,16.16,105.35,86.09,59.46,114.55,12.41,12.05,86.07,85.28,12.33,15.59,16.3,12.4,89.02,9.04,10.97,12.13,6.9,89.77,89.77,85.29,18.54,90.24,78.69,128.35,60.25,84.37,76.65,10.27,10.83,29.13,26.72,87.73,40.47,47.83,117.02,8.83,11.11,85.38,85.38,90.72,110.29,10.71,79.84,24.32,25.88,14.03,34.43,115.22,89.2,91.25,39.87,14.27,108.52,98.46,92.03,10.0,10.99,11.12,90.64,90.72,14.8,44.75,84.65,85.24,9.21,11.53,45.07,84.58,86.57,13.47,12.93,25.01,25.07,15.2,8.59,10.27,24.08,15.27,12.12,9.43,15.2,86.98,90.62,12.09,39.37,12.54,11.96,11.96,9.1,9.63,10.76,13.63,13.36,13.14,11.79,11.33,25.67,30.34,27.37,38.75,19.56,87.23,87.19,12.97,12.77,11.61,13.38,13.68,13.86,15.86,14.16,13.97,13.27,15.62,19.51,9.12,84.63,26.21,19.68,31.38,7.31,9.61,13.19,8.74,31.14,82.16,16.61,16.04,18.71,16.26,28.14,83.08,83.13,32.97,33.59,15.46,33.84,29.32,37.4,63.73
23.2,24.7,101.65,47.98,40.31,42.75,12.12,47.54,42.22,45.46,97.61,30.2,30.3,113.77,23.17,100.49,100.75,41.43,33.07,26.33,0.0,36.57,22.89,39.78,29.29,25.1,103.28,34.61,24.54,22.95,47.88,53.96,40.27,29.68,45.8,61.11,43.61,52.07,53.58,46.98,44.98,48.92,51.57,41.11,46.87,53.02,42.55,47.85,43.87,41.79,48.84,26.25,27.36,43.7,51.88,41.54,59.88,103.8,46.59,38.89,97.21,25.54,101.61,99.91,96.67,26.23,96.18,97.59,24.87,100.07,90.03,37.37,36.7,35.91,102.19,25.41,35.91,34.91,38.15,118.16,98.9,44.13,99.22,27.54,34.19,98.88,98.09,38.7,28.17,28.87,27.54,101.83,22.69,23.54,25.98,33.01,102.58,102.58,98.1,11.59,103.05,99.54,123.65,44.92,97.18,97.51,30.82,23.41,39.76,5.04,100.54,53.05,68.68,101.69,22.82,23.6,98.19,98.19,103.53,123.1,23.51,92.65,36.9,38.46,36.59,47.0,99.89,125.69,104.06,52.45,35.86,121.33,111.27,104.84,23.66,23.56,35.67,103.45,103.53,13.84,65.61,97.46,98.05,24.6,25.97,65.92,97.39,99.38,35.61,35.06,37.59,37.64,35.16,23.81,27.93,36.89,33.82,24.56,24.55,35.16,99.79,103.43,26.49,51.95,25.51,24.93,24.93,24.49,21.92,24.81,20.24,25.8,25.58,24.23,24.52,38.24,42.91,39.94,52.49,37.01,100.04,100.0,35.11,34.9,36.05,35.51,35.1,35.27,37.29,35.57,35.4,35.37,33.58,37.1,24.51,97.44,44.14,37.14,43.95,33.04,32.4,36.57,28.02,51.99,103.02,34.68,33.81,46.98,34.51,49.0,95.89,95.94,45.78,46.17,34.6,54.7,39.95,60.12,84.58
17.11,16.69,69.99,16.32,6.02,8.46,28.73,13.25,7.93,16.62,65.95,8.79,8.89,120.49,16.87,68.83,69.09,7.14,14.99,20.38,38.22,0.0,16.04,5.49,11.0,18.25,71.62,10.84,18.44,16.65,13.59,19.67,5.98,9.9,14.14,26.82,9.32,17.78,19.29,12.69,10.69,25.46,17.28,6.82,12.58,18.73,8.26,13.56,9.58,7.5,25.39,13.28,14.38,9.41,17.59,7.25,25.59,72.14,12.3,4.6,65.55,13.52,69.95,68.25,65.01,15.33,64.52,65.93,18.01,68.41,64.24,8.53,7.86,8.39,70.53,18.56,10.94,10.14,9.31,86.5,67.24,69.46,124.54,11.21,10.71,67.21,66.43,13.04,11.07,14.25,11.21,70.17,15.83,17.24,13.01,14.93,70.92,70.92,66.44,31.18,71.39,73.76,109.5,70.25,65.52,71.72,11.6,15.27,45.65,37.01,68.88,18.76,42.9,127.02,15.96,14.69,66.53,66.53,71.87,91.43,14.78,60.99,0.33,2.09,11.63,12.71,125.21,111.54,72.4,18.16,24.95,89.67,79.61,73.18,16.8,15.43,11.62,71.79,71.87,30.98,43.18,65.8,66.39,16.55,13.0,43.49,65.72,67.72,11.56,11.01,1.22,1.27,6.31,16.03,13.62,5.25,6.49,18.47,16.88,6.31,68.13,71.77,12.92,17.66,17.31,16.72,16.72,16.1,15.98,19.2,19.97,19.71,19.49,18.14,17.52,3.95,8.62,2.7,18.2,6.78,68.38,68.34,11.06,10.85,12.0,11.46,9.4,8.97,8.44,9.38,10.42,10.68,5.55,5.44,16.12,65.78,9.85,5.47,9.66,14.97,11.4,11.78,15.04,29.63,77.23,7.19,5.43,18.13,5.67,23.52,64.23,64.28,14.12,11.88,5.75,28.17,42.79,25.83,58.8
2.54,3.51,80.85,27.18,19.51,21.95,12.31,26.74,21.42,20.41,76.81,9.4,9.5,124.68,2.38,79.69,79.95,20.63,10.83,9.32,23.8,15.77,0.0,18.98,8.49,2.39,82.48,11.03,3.87,2.15,27.08,33.16,19.47,8.88,25.0,40.31,22.81,31.28,32.78,26.18,24.18,29.25,30.77,20.31,26.07,32.22,21.75,27.05,23.07,20.99,29.18,5.47,4.9,22.9,31.08,20.74,39.08,83.0,25.79,18.09,76.41,4.74,80.81,79.11,75.88,4.35,75.38,76.79,2.77,79.27,77.73,16.57,15.9,15.11,81.39,2.67,15.11,14.11,17.36,97.36,78.1,55.04,110.13,6.74,10.6,78.08,77.29,15.55,7.37,8.07,6.74,81.03,0.56,2.75,5.19,10.77,81.78,81.78,77.3,14.76,82.25,87.25,120.36,55.83,76.38,85.21,9.61,2.61,37.75,22.6,79.74,32.25,56.39,112.6,1.05,2.8,77.39,77.39,82.73,102.3,2.71,71.85,16.1,17.66,15.79,26.2,110.8,80.98,83.26,31.65,23.59,100.53,90.47,84.04,1.34,2.77,12.09,82.65,82.73,13.66,46.97,76.66,77.25,2.83,5.17,47.28,76.59,78.58,12.02,11.48,16.79,16.84,14.36,2.03,5.48,16.09,13.02,3.9,2.78,14.36,78.99,82.63,5.71,31.15,4.32,3.73,3.73,2.71,1.41,3.35,5.4,5.14,4.92,3.57,3.11,17.44,22.11,19.14,31.69,16.21,79.24,79.2,11.52,11.32,12.47,11.93,14.3,14.47,16.49,14.77,14.6,14.57,12.78,16.3,2.74,76.64,23.34,16.34,23.16,10.8,10.29,12.99,5.56,33.74,90.72,13.88,13.01,21.93,13.71,27.31,75.09,75.14,24.98,25.37,13.8,41.66,37.94,39.32,72.29
18.91,18.49,66.71,20.91,3.42,4.8,30.53,10.1,4.53,18.4,62.67,10.59,10.69,117.21,18.67,65.55,65.81,1.76,16.79,22.18,40.02,5.09,17.84,0.0,12.8,20.05,68.34,12.62,20.24,18.45,10.36,17.11,1.64,11.7,8.72,23.67,5.66,15.23,16.14,8.54,7.46,28.51,14.72,3.16,8.44,16.17,5.1,9.42,5.14,3.44,28.44,15.08,16.18,6.25,15.03,3.85,22.43,68.86,8.04,2.01,62.27,15.32,66.67,64.97,69.6,17.13,61.24,64.38,19.81,65.13,61.09,10.31,9.64,10.17,67.25,20.36,12.71,11.92,11.09,83.22,63.96,71.26,126.34,13.01,12.49,63.93,63.15,14.81,12.87,16.05,13.01,66.89,17.63,19.04,14.81,16.73,67.64,67.64,71.03,32.98,68.11,70.6,106.22,72.05,62.24,68.57,13.4,17.07,47.43,38.81,65.6,16.2,39.74,128.82,17.76,16.49,71.11,71.12,68.59,88.16,16.58,65.58,5.42,3.44,13.41,9.56,127.01,108.26,76.99,15.6,26.73,89.71,76.33,69.9,18.6,17.23,13.4,68.51,68.59,32.78,46.47,62.52,63.11,18.35,14.8,46.78,62.44,64.44,13.33,12.79,6.11,6.16,8.09,17.83,15.42,7.9,8.26,20.27,18.68,8.09,64.85,68.49,14.72,15.1,19.11,18.52,18.52,17.9,17.78,21.0,21.77,21.51,21.29,19.94,19.32,1.35,5.47,3.05,15.05,3.89,65.1,65.06,12.83,12.63,13.78,13.24,11.18,10.75,10.22,11.15,12.2,12.46,7.35,3.79,17.92,64.71,6.62,1.64,6.0,16.77,13.2,13.56,16.84,26.47,74.08,8.99,7.2,19.91,7.45,25.3,68.82,68.87,8.71,7.61,7.53,25.01,44.57,22.67,55.64
9.52,9.1,76.53,22.86,13.74,15.08,21.14,20.97,14.29,14.53,72.49,1.66,1.76,131.51,9.28,75.37,75.62,14.01,5.82,11.21,30.63,10.0,8.45,11.79,0.0,10.66,78.15,5.15,10.86,9.06,19.95,27.39,12.27,2.31,20.68,34.55,16.12,25.51,24.91,20.41,17.05,23.37,25.0,13.7,20.3,26.46,15.98,21.29,17.3,13.86,23.29,3.66,3.95,17.13,25.31,13.62,33.31,78.67,20.02,12.32,72.09,5.93,76.49,74.79,71.55,5.43,71.06,72.46,10.42,74.95,65.88,8.19,7.75,7.37,77.07,10.97,7.37,6.37,9.03,93.04,73.78,61.87,116.95,1.76,4.72,73.75,72.97,9.66,4.35,6.36,1.75,76.71,8.25,9.65,3.63,5.76,77.46,77.46,72.98,23.59,77.93,75.4,116.03,62.66,72.06,73.37,2.94,7.68,40.34,29.43,75.42,26.48,44.54,119.43,8.38,7.1,73.06,73.07,78.41,97.97,7.19,67.53,10.33,11.89,7.95,20.43,117.62,118.08,78.94,25.88,21.11,96.21,86.15,79.72,9.21,7.84,6.2,78.33,78.41,23.39,41.08,72.34,72.93,7.15,4.73,41.4,72.26,74.26,6.14,5.59,11.02,11.07,7.39,6.63,3.66,11.77,5.28,10.88,7.48,7.39,74.67,78.31,2.96,25.38,9.72,9.14,9.14,6.7,8.39,11.61,12.38,12.12,11.9,10.55,9.93,11.68,16.34,13.37,23.82,9.56,74.92,74.87,5.64,5.43,6.59,6.04,6.56,6.74,8.34,7.04,6.86,6.83,5.63,9.52,6.72,72.32,16.22,9.69,17.39,5.79,3.75,7.11,5.15,27.85,78.87,6.61,6.04,16.04,6.74,21.43,70.77,70.82,20.66,19.6,5.47,30.56,34.08,33.55,60.44
4.78,5.74,83.09,29.42,21.75,24.18,9.92,28.98,23.65,21.13,79.05,9.74,9.84,126.92,4.61,81.92,82.18,22.87,11.55,10.04,26.04,18.0,2.39,21.22,9.38,0.0,84.71,11.75,3.23,4.39,29.31,35.39,21.7,11.12,27.23,42.55,25.05,33.51,35.02,28.42,26.41,29.97,33.0,22.55,28.31,34.46,23.98,29.29,25.31,23.22,29.9,6.19,5.62,25.13,33.32,22.98,41.31,85.23,28.03,20.33,78.65,6.98,83.04,81.35,78.11,5.08,77.62,79.02,0.38,81.51,72.49,15.08,18.14,14.26,83.63,1.55,14.26,13.26,15.92,99.6,80.34,57.28,112.36,8.98,11.32,80.31,79.53,16.27,9.6,10.31,8.97,83.27,2.11,4.98,6.47,11.49,84.02,84.02,79.54,12.37,84.49,82.01,122.59,58.07,78.61,79.97,10.33,4.84,35.37,24.84,81.97,34.49,51.15,114.84,2.85,5.04,79.62,79.63,84.96,104.53,5.04,74.09,18.34,19.89,14.56,28.44,113.03,83.21,85.5,33.88,20.73,102.77,92.71,86.28,1.96,5.0,12.81,84.88,84.96,11.27,47.69,78.89,79.48,3.55,5.87,48.01,78.82,80.82,12.74,12.2,19.03,19.08,16.59,2.75,6.2,18.32,13.36,3.25,3.5,16.59,81.23,84.86,6.43,33.39,6.55,5.97,5.97,3.43,3.64,0.97,4.75,4.49,4.27,2.92,5.34,19.68,24.35,21.38,33.93,18.45,81.48,81.43,12.24,12.04,13.19,12.65,13.45,13.62,18.73,13.92,13.75,13.79,15.01,18.54,3.46,78.88,25.58,18.57,25.39,11.52,11.01,13.71,6.28,34.46,85.48,16.12,15.25,22.65,15.95,28.03,77.33,77.38,27.22,27.61,16.03,43.89,35.56,41.55,67.05
84.82,84.39,6.27,64.0,69.11,63.89,96.43,65.26,65.87,88.03,8.16,77.85,77.95,49.01,84.57,11.56,5.04,65.87,83.89,89.27,105.92,72.17,83.74,68.12,78.7,85.95,0.0,79.58,86.15,84.35,63.22,56.26,68.6,77.61,63.43,78.04,61.22,56.02,73.77,59.33,62.81,82.88,54.65,65.56,59.22,55.33,67.5,60.65,62.9,64.25,82.81,80.98,82.09,68.65,53.11,64.69,76.8,13.38,59.69,67.7,9.58,81.22,9.24,10.98,12.24,83.03,8.55,11.88,85.71,11.14,90.71,79.94,79.27,79.8,8.15,86.26,79.72,78.92,80.72,21.21,10.01,121.0,67.85,78.91,80.37,11.57,10.46,84.45,78.77,78.46,78.91,6.12,83.54,84.94,80.71,83.82,7.02,7.02,12.28,98.88,12.63,90.07,38.02,118.86,9.54,93.69,81.0,82.97,111.15,104.72,11.61,55.36,75.15,126.41,83.67,82.4,23.23,23.23,0.37,19.96,82.49,17.5,72.5,73.73,80.39,68.05,65.93,40.07,28.3,56.57,99.69,27.7,8.11,12.91,84.51,83.13,80.36,11.52,13.11,98.69,100.84,7.07,10.81,84.25,80.7,101.15,7.07,9.44,80.29,79.75,72.86,72.91,77.72,83.73,81.33,69.57,77.9,86.17,84.58,77.72,10.86,13.01,80.63,55.9,85.01,84.43,84.43,83.8,83.68,86.9,87.68,87.41,87.19,85.84,85.23,67.04,67.86,68.74,72.68,70.35,12.75,11.07,79.79,79.59,80.74,80.2,78.91,80.38,79.85,80.79,79.21,79.41,76.96,70.25,83.83,11.74,64.67,68.09,62.56,83.86,81.03,80.5,82.75,80.84,97.83,78.6,76.84,89.54,77.08,86.11,16.7,16.75,63.42,59.29,77.16,79.38,108.29,77.04,84.13
13.98,13.55,77.52,23.85,14.08,16.52,25.59,21.31,15.99,9.88,73.48,4.27,4.37,128.01,13.74,76.35,76.61,15.2,7.09,12.48,35.08,10.34,12.9,12.51,5.09,12.19,79.14,0.0,15.31,13.51,21.65,27.73,12.99,6.77,21.66,28.16,17.38,25.85,27.35,20.75,18.75,18.72,25.34,14.89,20.64,26.79,16.32,21.63,17.64,15.56,18.65,7.56,7.0,17.47,25.65,15.32,28.04,79.66,20.36,12.66,73.08,10.38,77.47,75.78,72.54,8.48,72.05,73.45,11.96,75.94,61.24,3.44,4.77,2.62,78.06,13.73,2.62,1.62,4.28,94.03,74.76,66.32,121.41,5.69,0.9,74.74,73.96,5.02,8.11,10.82,5.69,77.7,12.7,14.11,7.53,7.02,78.45,78.45,73.97,28.04,78.92,70.75,117.02,67.12,73.04,68.72,3.26,12.14,38.91,33.88,76.4,26.82,39.89,123.89,12.83,11.56,74.05,74.06,79.39,98.96,11.65,68.52,10.67,12.23,3.3,20.77,122.08,119.07,79.92,26.22,16.36,97.2,87.13,80.71,13.67,12.29,1.56,79.31,79.39,22.42,36.44,73.32,73.91,9.84,8.62,36.75,73.25,75.25,1.49,0.94,11.36,11.41,5.03,9.63,6.48,12.75,5.55,15.34,10.47,5.03,75.66,79.29,6.86,25.72,14.17,13.59,13.59,9.27,12.84,13.15,16.84,16.57,16.36,15.0,14.39,12.01,16.68,13.71,26.26,10.28,75.9,75.86,0.99,0.79,1.94,1.4,1.81,1.98,5.36,2.28,2.11,2.08,6.96,8.71,9.29,73.31,17.91,10.4,17.73,7.06,1.56,2.46,7.11,23.2,74.23,7.95,6.58,11.39,6.09,16.78,71.76,71.81,21.65,19.94,5.53,25.91,36.05,29.46,55.79
2.33,4.97,83.19,29.52,21.85,24.29,12.87,29.08,23.76,27.0,79.15,11.74,11.84,127.48,3.95,82.03,82.29,22.97,13.99,12.49,26.61,18.11,4.28,21.32,10.83,3.59,84.81,16.15,0.0,3.73,29.42,35.5,21.8,11.22,27.34,42.65,25.15,33.61,35.12,28.52,26.52,35.84,33.11,22.65,28.41,34.56,24.09,29.39,25.41,23.33,35.77,7.79,8.07,25.23,33.42,23.08,41.42,85.33,28.13,20.43,78.75,7.08,83.15,81.45,78.21,7.52,77.72,79.12,3.96,81.61,80.07,18.91,18.24,17.45,83.73,3.45,17.45,16.45,19.69,99.7,80.44,57.84,112.93,9.08,15.72,80.41,79.63,20.24,9.71,8.94,9.08,83.37,4.08,4.4,7.52,13.93,84.12,84.12,79.64,15.32,84.59,89.59,82.4,58.64,78.72,87.55,12.77,4.94,38.32,25.4,82.08,34.59,58.73,115.41,4.21,5.14,79.72,79.73,85.07,104.63,5.04,74.19,18.44,19.99,18.12,28.54,113.6,82.43,85.6,33.99,26.76,102.87,92.81,86.38,2.73,5.1,17.21,84.99,85.07,14.22,53.56,79.0,79.59,5.99,7.51,53.88,78.92,80.92,17.14,16.6,19.13,19.18,16.7,5.2,8.64,18.43,15.36,0.93,5.94,16.7,81.33,84.97,8.02,33.49,5.77,5.19,5.19,5.88,3.46,2.82,2.43,2.17,1.95,0.6,5.91,19.78,24.45,21.48,34.03,18.55,81.58,81.53,16.64,16.44,17.59,17.05,16.64,16.81,18.83,17.11,16.94,16.91,15.12,18.64,5.9,78.98,25.68,18.68,25.49,13.96,13.94,18.11,8.73,40.33,93.06,16.22,15.35,28.52,16.05,33.9,77.43,77.48,27.32,27.71,16.14,44.0,38.5,41.66,74.63
2.39,1.81,80.19,26.52,18.85,21.29,15.26,26.08,20.76,24.01,76.16,8.74,8.84,125.63,0.28,79.03,79.29,19.97,11.61,10.63,24.75,15.11,2.43,18.33,7.84,4.64,81.82,13.16,3.72,0.0,26.42,32.5,18.81,8.22,24.34,39.65,22.15,30.62,32.12,25.52,23.52,32.84,30.11,19.66,25.41,31.56,21.09,26.39,22.41,20.33,32.77,4.79,5.32,22.24,30.42,20.08,38.42,82.34,25.13,17.43,75.75,4.08,80.15,78.45,75.22,4.77,74.72,76.13,4.4,78.61,77.07,15.91,15.24,14.45,80.73,4.95,14.45,13.45,16.7,96.7,77.44,55.99,111.08,6.08,12.73,77.42,76.63,17.24,6.71,5.78,6.08,80.37,2.23,0.65,4.52,11.55,81.12,81.12,76.64,17.71,81.6,86.59,79.24,56.79,75.72,84.55,9.36,1.95,41.14,23.55,79.08,31.59,55.73,113.55,2.36,2.14,76.73,76.73,82.07,101.64,2.05,71.19,15.44,17.0,15.13,25.54,111.75,79.28,82.6,30.99,24.9,99.88,89.81,83.38,3.2,2.1,14.21,81.99,82.07,17.52,50.56,76.0,76.59,4.14,4.51,50.88,75.93,77.92,14.15,13.6,16.13,16.18,13.7,3.34,5.89,15.43,12.36,3.75,4.09,13.7,78.33,81.97,5.03,30.49,2.62,2.03,2.03,3.66,1.61,4.0,5.25,4.98,4.76,3.41,4.06,16.78,21.45,18.48,31.03,15.55,78.58,78.54,13.65,13.44,14.59,14.05,13.64,13.82,15.83,14.12,13.94,13.91,12.12,15.64,3.69,75.98,22.68,15.68,22.5,11.58,10.95,15.12,5.98,37.33,90.06,13.23,12.35,25.52,13.06,30.9,74.43,74.48,24.32,24.71,13.14,41.0,41.33,38.66,71.63
29.16,28.73,60.51,19.05,13.18,5.84,40.77,6.37,7.24,26.2,56.47,18.28,18.39,111.01,28.91,59.34,59.6,9.34,24.49,29.87,50.26,15.33,28.08,9.76,23.04,30.29,62.13,20.42,30.49,28.69,0.0,9.43,10.24,21.95,14.39,22.42,5.36,9.27,13.19,4.94,3.13,27.26,9.23,9.02,4.83,9.41,8.5,5.03,6.1,7.05,27.19,25.32,26.43,8.35,10.92,7.7,21.18,62.65,5.95,11.77,56.07,25.56,60.46,58.77,56.75,27.37,55.04,58.18,30.05,58.93,42.92,18.11,17.44,17.97,61.05,30.6,20.52,19.72,18.89,77.02,57.76,81.5,136.58,23.25,20.97,57.73,56.95,22.62,23.11,26.29,23.25,60.69,27.88,29.28,25.05,24.42,61.44,61.44,58.18,43.22,61.91,42.28,100.01,82.29,56.04,67.32,21.09,27.31,55.53,49.06,59.39,8.75,38.49,139.06,28.01,26.73,58.27,58.27,62.39,81.95,26.83,52.73,15.66,13.2,21.21,7.46,127.92,102.06,64.14,9.54,46.41,83.51,70.13,63.7,28.84,27.47,21.2,62.3,62.38,43.03,45.22,56.31,56.9,28.59,25.04,45.53,56.24,58.24,21.14,20.59,16.35,16.4,15.89,28.07,22.03,20.08,16.07,30.51,28.92,15.89,58.65,62.28,24.97,8.34,29.35,28.77,28.77,28.14,28.02,31.24,32.01,31.75,31.53,30.18,29.57,11.11,8.87,12.81,12.1,12.38,58.9,58.85,20.64,20.43,21.58,21.04,18.98,18.55,18.03,18.96,20.01,20.26,15.06,12.28,28.17,58.51,4.64,10.18,6.81,24.46,20.89,21.36,27.09,25.22,50.03,16.7,15.01,27.71,15.25,30.49,55.97,56.02,14.37,5.96,15.33,23.76,52.67,21.42,36.33
31.3,30.87,53.77,18.04,15.71,10.52,42.91,11.06,12.5,30.8,49.73,22.97,23.08,104.27,31.05,52.61,52.87,12.51,29.18,34.57,52.4,17.47,30.22,12.93,25.18,32.43,55.4,25.03,32.63,30.83,8.47,0.0,13.41,24.09,13.86,23.28,7.44,1.02,20.41,5.54,9.03,28.13,1.3,12.19,5.44,3.32,14.13,5.89,9.53,10.89,28.06,27.46,28.57,15.28,3.29,11.33,22.05,55.92,5.91,14.3,49.33,27.7,53.73,52.03,50.02,29.51,48.3,51.44,32.19,52.19,44.4,22.71,22.04,22.58,54.31,32.74,25.12,24.32,23.49,70.28,51.02,83.64,123.11,25.39,24.89,51.0,50.21,27.22,25.25,28.43,25.39,53.95,30.02,31.42,27.19,29.11,54.7,54.7,51.44,45.36,55.17,43.77,93.28,84.43,49.3,47.38,25.78,29.45,56.39,51.2,52.66,4.03,39.36,141.2,30.15,28.87,51.53,51.53,55.65,75.22,28.97,45.99,17.8,15.73,25.81,14.68,121.18,95.32,57.4,0.55,47.28,76.77,63.39,56.96,30.99,29.61,25.8,55.57,55.65,45.17,46.09,49.58,50.17,30.73,27.18,46.4,49.51,51.5,25.74,25.19,18.49,18.54,20.5,30.21,27.81,22.22,20.67,32.65,31.06,20.5,51.91,55.55,27.11,0.6,31.49,30.91,30.91,30.28,30.16,33.38,34.15,33.89,33.67,32.32,31.71,13.64,14.49,15.34,19.31,16.96,52.16,52.12,25.24,25.03,26.19,25.64,23.59,23.15,22.63,23.56,24.61,24.87,19.73,16.86,30.31,51.77,11.3,14.7,9.19,29.15,25.59,25.96,29.23,26.09,51.52,21.37,19.61,32.32,19.85,31.36,49.23,49.29,13.84,5.5,19.94,24.63,53.54,22.29,37.82
19.56,19.14,67.36,21.56,4.07,5.45,31.18,10.75,5.18,19.05,63.32,11.24,11.34,117.86,19.32,66.2,66.46,2.42,17.45,22.83,40.67,5.74,18.49,1.81,13.45,20.7,68.99,13.27,20.9,19.1,11.01,17.76,0.0,12.35,9.37,24.32,6.31,15.88,16.79,9.19,8.11,29.17,15.37,3.81,9.09,16.83,5.75,10.07,5.79,4.09,29.09,15.73,16.83,6.9,15.68,4.51,23.08,69.51,8.69,2.66,62.92,15.97,67.32,65.62,70.25,17.78,61.89,65.03,20.46,65.78,61.74,10.96,10.29,10.82,67.9,21.01,13.36,12.57,11.74,83.87,64.61,71.91,126.99,13.66,13.14,64.59,63.8,15.47,13.52,16.7,13.66,67.54,18.29,19.69,15.46,17.38,68.29,68.29,71.68,33.63,68.76,71.25,106.87,72.7,62.89,69.22,14.05,17.72,48.08,39.47,66.25,16.85,40.39,129.47,18.42,17.14,71.77,71.77,69.24,88.81,17.23,66.23,6.07,4.09,14.06,10.21,127.66,108.91,77.64,16.25,27.38,90.36,76.98,70.55,19.25,17.88,14.05,69.16,69.24,33.43,47.12,63.17,63.76,19.0,15.45,47.44,63.1,65.09,13.98,13.44,6.76,6.81,8.74,18.48,16.07,8.55,8.92,20.92,19.33,8.74,65.5,69.14,15.37,15.75,19.76,19.18,19.18,18.55,18.43,21.65,22.42,22.16,21.94,20.59,19.97,2.0,6.12,3.7,15.7,4.54,65.75,65.71,13.48,13.28,14.43,13.89,11.83,11.4,10.87,11.8,12.85,13.11,8.0,4.44,18.57,65.36,7.27,2.29,6.66,17.42,13.85,14.21,17.49,27.13,74.73,9.64,7.86,20.56,8.1,25.95,69.47,69.52,9.36,8.26,8.18,25.66,45.22,23.33,56.29
8.29,7.86,77.27,23.6,15.92,18.36,19.9,23.16,17.83,17.26,73.23,4.97,5.08,130.27,8.05,76.1,76.36,17.04,7.91,15.42,29.39,12.18,7.21,15.4,4.14,9.42,78.89,7.88,9.62,7.82,23.49,29.57,15.88,0.0,21.41,36.73,19.23,27.69,29.2,22.59,20.59,26.09,27.18,16.73,22.48,28.64,18.16,23.47,19.49,17.4,26.02,4.45,5.56,19.31,27.49,17.16,35.49,79.41,22.21,14.5,72.83,4.69,77.22,75.52,72.29,6.5,71.8,73.2,9.19,75.68,68.61,11.5,11.06,10.68,77.8,9.73,10.68,9.69,12.35,93.78,74.51,60.63,115.72,2.38,7.45,74.49,73.71,12.39,3.68,5.42,2.38,77.45,7.01,8.42,4.19,7.85,78.19,78.19,73.72,22.35,78.67,78.13,116.77,61.43,72.79,76.09,5.66,6.44,45.78,28.19,76.15,28.66,47.27,118.19,7.14,5.87,73.8,73.8,79.14,98.71,5.96,68.26,12.51,14.07,10.68,22.62,116.39,80.62,79.67,28.06,21.66,96.95,86.88,80.46,7.98,6.6,8.93,79.06,79.14,22.16,43.81,73.07,73.66,7.73,4.17,44.13,73.0,75.0,8.87,8.32,13.2,13.26,10.77,7.21,4.79,12.5,8.59,9.65,8.05,10.77,75.4,79.04,4.1,27.56,8.48,7.9,7.9,7.27,7.15,10.38,11.15,10.88,10.66,9.31,8.7,13.86,18.52,15.55,28.11,12.63,75.65,75.61,8.37,8.16,9.31,8.77,9.88,10.05,11.65,10.35,10.17,10.14,9.19,12.72,7.3,73.06,19.76,12.75,19.57,7.88,7.25,9.83,6.22,30.58,81.6,10.3,9.42,18.77,10.13,24.15,71.51,71.56,21.4,21.78,8.78,38.07,45.97,35.73,63.17
26.72,26.3,61.61,7.81,7.89,8.95,38.34,13.94,10.54,29.94,57.58,19.76,19.86,112.11,26.48,60.45,60.71,10.54,25.79,31.18,47.83,14.08,25.65,9.95,20.61,27.86,63.24,21.49,28.06,26.26,13.76,18.28,10.43,19.52,0.0,28.33,9.12,15.21,19.13,10.06,10.86,33.17,14.7,10.23,9.95,17.35,12.7,10.94,8.26,8.92,33.1,22.89,23.99,13.85,16.73,9.36,27.09,63.76,9.67,9.05,57.18,23.13,61.57,59.87,56.64,24.94,56.15,57.55,27.62,60.03,65.74,21.85,21.18,21.71,62.15,28.17,21.62,20.83,22.63,78.13,58.86,79.07,130.95,20.82,22.28,58.84,58.05,26.35,20.67,20.37,20.82,61.8,25.45,26.85,22.62,25.73,62.54,62.54,58.06,40.79,63.02,75.26,101.12,79.86,57.14,73.23,22.91,24.88,53.16,46.63,60.5,17.37,44.4,136.63,25.58,24.3,58.15,58.15,63.49,83.06,24.39,52.61,14.41,15.64,22.3,13.4,129.02,103.16,64.02,15.58,41.6,81.3,71.23,64.8,26.41,25.04,22.27,63.41,63.49,40.6,51.13,57.42,58.01,26.16,22.61,51.44,57.35,59.34,22.2,21.66,14.77,14.82,19.63,25.64,23.23,11.48,19.8,28.08,26.49,19.63,59.75,63.39,22.53,15.09,26.92,26.34,26.34,25.71,25.59,28.81,29.58,29.32,29.1,27.75,27.14,8.43,13.06,10.13,18.04,12.18,60.0,59.96,21.7,21.5,22.65,22.11,20.82,22.29,21.76,22.69,21.11,21.32,18.87,12.08,25.73,57.4,10.03,9.93,9.16,25.77,22.94,22.41,24.66,31.13,78.73,20.51,18.74,31.45,18.99,36.4,55.85,55.9,0.01,9.25,19.07,29.67,50.3,27.33,60.3
37.79,37.36,73.57,31.5,22.18,16.03,49.4,13.29,16.76,22.24,69.53,29.46,29.56,124.07,37.54,72.4,72.66,18.7,31.88,36.86,58.89,23.94,36.71,19.12,31.67,38.92,75.19,29.25,39.12,37.32,16.51,22.3,19.61,30.58,24.31,0.0,15.99,22.14,7.38,17.25,15.55,5.7,22.29,18.38,17.14,23.27,15.23,18.12,16.29,16.81,5.62,33.95,35.06,15.02,23.98,17.22,3.74,75.71,18.1,20.77,69.13,34.19,73.52,71.83,69.81,36.0,68.1,71.24,38.68,71.99,40.99,28.65,28.48,28.51,74.11,39.23,27.41,28.1,28.05,90.08,70.82,90.13,145.22,31.88,29.65,70.79,70.01,24.47,31.74,34.92,31.88,73.75,36.51,37.91,33.68,31.82,74.5,74.5,71.24,51.85,74.97,53.62,113.07,90.92,69.1,51.58,32.01,35.94,34.75,57.69,72.45,23.29,22.76,147.69,36.64,35.36,71.33,71.33,75.45,95.01,35.46,65.79,24.27,22.2,27.07,12.13,145.89,115.12,77.2,22.41,25.72,96.57,83.19,76.76,37.48,36.1,29.47,75.37,75.44,46.92,33.29,69.37,69.97,37.22,33.67,33.6,69.3,71.3,28.63,28.3,24.96,25.01,26.93,36.7,33.2,26.66,27.11,39.14,37.55,26.93,71.71,75.34,33.6,21.4,37.98,37.4,37.4,36.77,36.65,39.87,40.64,40.38,40.16,38.81,38.2,20.11,14.68,21.81,7.18,21.9,71.96,71.91,28.9,28.7,29.08,28.94,29.52,29.09,29.06,29.5,28.1,28.0,26.3,21.8,36.8,71.57,14.82,19.7,17.0,31.81,30.31,27.11,35.72,3.66,57.09,27.94,26.05,18.96,26.29,9.39,69.03,69.08,24.29,18.1,26.37,2.2,31.89,3.05,38.66
24.23,23.81,62.54,13.77,8.36,1.03,35.85,5.69,4.07,23.74,58.5,15.91,16.01,113.04,23.99,61.37,61.63,4.52,22.11,27.5,45.34,10.41,23.16,4.95,18.12,25.36,64.16,17.96,25.56,23.77,5.51,8.05,5.43,17.02,9.47,19.26,0.0,7.57,10.88,3.55,2.61,24.11,6.96,4.21,3.44,12.5,6.15,4.42,1.18,2.25,24.04,20.4,21.5,7.3,11.36,2.82,14.31,64.68,3.04,6.95,58.1,20.64,62.49,60.8,58.78,22.45,57.07,60.21,25.13,60.96,56.68,15.65,14.98,15.51,63.08,25.68,18.05,17.26,16.43,79.05,59.79,76.57,131.66,18.33,17.83,59.76,58.98,20.16,18.19,21.37,18.33,62.72,22.95,24.36,20.13,22.05,63.47,63.47,60.21,38.3,63.94,66.2,102.04,77.37,58.07,64.16,18.72,22.39,52.38,44.13,61.43,12.53,35.34,134.14,23.08,21.81,60.3,60.3,64.42,83.98,21.9,54.76,10.74,8.38,18.75,5.15,132.33,104.09,66.17,7.95,43.26,85.54,72.16,65.73,23.92,22.55,18.74,64.34,64.41,38.1,42.07,58.35,58.94,23.67,20.11,42.38,58.27,60.27,18.67,18.13,11.43,11.48,13.43,23.15,20.74,15.15,13.61,25.59,23.99,13.43,60.68,64.31,20.04,7.45,24.43,23.84,23.84,23.22,23.1,26.32,27.09,26.83,26.61,25.26,24.64,6.3,6.51,7.99,9.79,9.2,60.93,60.88,18.17,17.97,19.12,18.58,16.52,16.09,15.56,16.49,17.54,17.8,12.67,9.11,23.24,60.54,1.78,7.01,1.74,22.08,18.52,18.9,22.16,22.07,69.67,14.31,12.55,25.25,12.79,27.34,58.0,58.05,9.45,2.62,12.87,20.61,49.52,14.55,51.24
32.21,31.79,53.62,18.55,16.63,11.44,43.83,10.91,13.42,31.72,49.58,23.89,23.99,104.11,31.97,52.45,52.71,13.42,30.09,35.48,53.32,18.39,31.14,13.85,26.1,33.35,55.24,25.94,33.54,31.75,8.64,1.02,14.33,25.0,14.77,23.46,7.44,0.0,19.41,5.98,8.79,28.3,2.22,13.11,5.87,3.17,15.05,6.07,10.45,11.8,28.23,28.38,29.48,16.2,4.02,12.24,22.22,55.76,5.91,15.22,49.18,28.62,53.57,51.88,49.86,30.43,48.15,51.28,33.11,52.04,44.25,23.63,22.96,23.49,54.16,33.66,26.03,25.24,24.41,70.13,50.86,84.56,122.95,26.31,25.81,50.84,50.06,28.14,26.17,29.35,26.31,53.8,30.93,32.34,28.11,30.03,54.55,54.55,51.29,46.28,55.02,43.61,93.12,85.35,49.14,47.22,26.7,30.37,56.57,52.11,52.5,3.87,39.53,142.12,31.06,29.79,51.37,51.38,55.49,75.06,29.88,45.84,18.72,16.65,26.73,13.81,121.02,95.17,57.25,0.89,47.45,76.62,63.23,56.81,31.9,30.53,26.72,55.41,55.49,46.08,46.26,49.42,50.01,31.65,28.1,46.57,49.35,51.35,26.66,26.11,19.41,19.46,21.41,31.13,28.72,23.14,21.59,33.57,31.98,21.41,51.76,55.39,28.02,0.37,32.41,31.82,31.82,31.2,31.08,34.3,35.07,34.81,34.59,33.24,32.62,14.56,15.41,16.26,18.32,17.87,52.0,51.96,26.16,25.95,27.1,26.56,24.5,24.07,23.54,24.48,25.52,25.78,20.65,17.77,31.22,51.61,9.03,15.62,10.11,30.07,26.5,26.88,30.14,26.26,51.36,22.29,20.53,33.23,20.77,31.53,49.08,49.13,14.76,5.51,20.85,24.8,53.71,22.46,37.66
32.72,32.3,69.58,23.83,17.12,10.97,44.34,9.54,11.7,25.73,65.54,24.4,24.5,120.07,32.48,68.41,68.67,13.64,30.6,40.34,53.83,18.88,31.65,14.06,26.61,33.86,71.2,26.4,34.06,32.26,10.95,18.31,14.55,25.52,19.25,8.55,10.93,17.81,0.0,13.19,10.49,13.39,17.2,13.32,13.08,19.27,10.17,14.07,11.23,11.75,13.32,28.89,29.99,9.96,21.41,12.16,6.52,71.72,12.85,15.71,65.14,29.13,69.53,67.84,65.82,30.94,64.11,67.25,33.62,68.0,47.01,24.09,23.42,23.95,70.12,34.17,26.49,25.7,24.87,86.09,66.83,85.07,140.15,26.82,27.08,66.8,66.02,27.96,26.68,29.86,26.82,69.76,31.45,32.85,28.62,30.54,70.51,70.51,67.25,46.79,70.98,56.53,109.08,85.86,65.1,54.49,27.21,30.88,41.66,52.63,68.46,18.78,25.67,142.63,31.58,30.3,67.33,67.34,71.45,91.02,30.39,61.8,19.21,17.14,27.19,7.06,140.82,111.13,73.21,18.18,29.44,92.58,79.2,72.77,32.41,31.04,27.18,71.37,71.45,46.6,32.39,65.38,65.97,32.16,28.61,32.71,65.31,67.31,27.11,26.57,19.9,19.95,21.87,31.64,28.14,21.6,22.04,34.08,32.49,21.87,67.72,71.35,28.54,17.68,32.92,32.34,32.34,31.71,31.59,34.81,35.58,35.32,35.1,33.75,33.14,15.05,9.62,16.75,2.12,16.84,67.96,67.92,26.61,26.41,27.56,27.02,24.96,24.53,24.0,24.93,25.98,26.24,21.24,16.74,31.73,67.57,9.76,14.64,11.94,30.57,27.01,27.34,30.66,11.35,60.0,22.88,20.98,22.44,21.23,16.62,65.04,65.09,19.23,12.85,21.31,9.89,38.8,6.76,41.57
29.04,28.61,57.57,17.1,13.17,6.26,40.65,11.24,9.33,28.55,53.53,20.72,20.82,108.06,28.8,56.4,56.66,9.33,26.92,32.31,50.14,15.21,27.96,9.75,22.93,30.17,59.19,22.77,30.37,28.57,5.5,6.29,10.24,21.83,11.78,20.32,5.22,6.14,16.27,0.0,5.65,25.16,6.29,9.01,2.73,7.26,10.95,2.93,5.98,7.64,25.09,25.2,26.31,10.19,7.97,8.15,19.08,59.71,3.7,11.76,53.13,25.44,57.52,55.82,53.81,27.25,52.1,55.23,29.94,55.98,44.99,20.45,19.78,20.32,58.1,30.48,22.86,22.07,21.24,74.08,54.81,81.38,126.9,23.13,22.63,54.79,54.01,24.96,22.99,26.18,23.13,57.75,27.76,29.17,24.94,26.85,58.49,58.49,55.24,43.1,58.97,67.25,97.07,82.18,53.09,65.22,23.53,27.19,53.43,48.94,56.45,6.65,36.39,138.94,27.89,26.62,55.32,55.33,59.44,79.01,26.71,49.79,15.54,13.19,23.55,10.67,124.97,99.11,61.19,6.41,44.31,80.57,67.18,60.76,28.73,27.35,23.55,59.36,59.44,42.91,43.12,53.37,53.96,28.48,24.92,43.43,53.3,55.29,23.48,22.93,16.23,16.28,18.24,27.96,25.55,19.96,18.41,30.4,28.8,18.24,55.7,59.34,24.85,5.4,29.23,28.65,28.65,28.02,27.9,31.13,31.9,31.63,31.41,30.06,29.45,11.1,11.32,12.8,15.18,14.46,55.95,55.91,22.98,22.78,23.93,23.39,21.33,20.9,20.37,21.3,22.35,22.61,17.48,14.37,28.05,55.56,6.17,12.27,6.55,26.89,23.33,23.7,26.97,23.12,70.73,19.11,17.35,34.21,17.6,28.39,53.03,53.08,11.77,3.7,17.68,21.66,50.57,19.32,38.41
26.73,26.3,59.83,16.2,10.75,3.41,38.35,5.58,4.82,23.77,55.79,15.86,15.96,110.33,26.49,58.67,58.93,6.91,22.06,27.45,47.84,12.9,25.65,7.34,20.62,27.86,61.46,18.0,28.06,26.27,2.9,8.56,7.82,19.52,10.88,19.15,3.12,8.06,10.76,3.45,0.0,23.99,7.45,6.6,3.34,8.94,6.07,4.32,3.67,4.63,23.92,22.9,24.0,5.92,10.24,5.28,14.2,61.98,3.1,9.34,55.39,23.13,59.79,58.09,56.08,24.95,54.36,57.5,27.63,58.25,46.25,15.68,15.01,15.55,60.37,28.17,18.09,17.3,16.47,76.34,57.08,79.07,134.16,20.83,18.54,57.06,56.27,20.19,20.68,23.87,20.82,60.01,25.45,26.86,22.63,22.0,60.76,60.76,57.5,40.8,61.23,66.08,99.34,79.87,55.36,64.05,18.67,24.89,52.26,46.63,58.72,8.29,35.22,136.64,25.58,24.31,57.59,57.59,61.71,81.28,24.4,52.05,13.23,10.77,18.78,5.04,134.83,101.38,63.46,8.44,43.14,82.83,69.45,63.02,26.42,25.04,18.78,61.63,61.71,40.6,41.95,55.64,56.23,26.17,22.61,42.26,55.57,57.56,18.71,18.16,13.92,13.98,13.47,25.65,19.6,17.65,13.64,28.09,26.49,13.47,57.97,61.61,22.54,7.94,26.92,26.34,26.34,25.71,25.59,28.82,29.59,29.32,29.11,27.76,27.14,8.69,6.44,10.38,9.67,9.96,58.22,58.18,18.21,18.01,19.16,18.62,16.56,16.13,15.6,16.53,17.58,17.84,12.64,9.86,25.74,57.83,2.21,7.76,4.45,22.03,18.47,18.93,24.66,21.95,69.56,14.28,12.58,25.29,12.82,27.22,55.29,55.34,10.87,3.1,12.91,20.49,49.4,14.44,39.67
34.24,33.81,78.26,41.9,26.88,20.73,39.88,17.98,21.46,13.38,74.22,24.15,24.25,128.76,34.0,77.1,77.36,23.39,23.02,27.99,50.09,26.68,33.16,23.82,24.97,32.07,79.89,20.38,35.57,33.78,21.2,26.99,24.3,27.03,29.0,6.08,20.68,26.84,12.07,21.94,20.24,0.0,26.98,23.08,21.83,27.96,19.92,22.81,20.99,21.5,0.48,27.44,26.88,19.71,28.67,21.91,8.65,80.41,22.8,25.47,73.82,30.64,78.22,76.52,74.51,28.36,72.79,75.93,31.84,76.68,49.99,19.78,22.92,19.65,78.8,35.69,18.54,19.23,19.18,94.77,75.51,81.63,136.72,25.57,20.78,75.49,74.7,15.61,28.19,31.38,25.57,78.44,32.96,34.37,27.41,22.95,79.19,79.19,75.93,41.8,79.66,59.51,117.77,82.42,73.79,57.47,23.14,32.4,29.31,48.89,77.15,27.99,28.65,139.19,33.09,31.82,76.02,76.02,80.14,99.71,31.91,70.48,27.02,26.9,18.2,16.82,137.39,119.81,81.89,27.1,16.77,101.26,87.88,81.45,33.93,32.55,20.6,80.06,80.14,38.05,27.3,74.07,74.66,29.72,30.12,27.61,74.0,75.99,19.76,19.44,27.71,27.76,21.38,29.51,26.36,30.8,23.2,35.6,30.35,21.38,76.4,80.04,26.73,26.09,34.43,33.85,33.85,29.15,33.1,35.34,37.1,36.83,36.62,35.27,34.65,24.81,19.37,26.51,11.87,26.62,76.65,76.61,20.04,19.83,20.21,20.07,20.66,20.22,23.51,20.63,19.23,19.13,23.44,25.87,29.17,76.26,19.51,24.4,21.69,22.94,21.44,18.25,26.99,2.01,62.98,25.08,22.93,10.09,22.44,3.95,73.72,73.78,28.98,22.8,22.47,4.72,26.45,7.96,44.54
30.66,30.23,53.38,17.16,16.7,9.88,42.27,13.94,11.87,30.17,49.34,22.34,22.44,103.87,30.42,52.21,52.47,11.87,28.54,33.93,51.76,16.83,29.58,12.29,24.55,31.79,55.0,24.39,31.99,30.19,8.2,1.35,12.78,23.45,13.22,23.02,6.56,1.37,17.25,4.67,8.16,27.86,0.0,11.55,4.57,5.24,13.49,5.63,8.89,10.25,27.79,26.82,27.93,14.64,3.52,10.69,21.78,55.52,5.04,15.29,48.94,27.06,53.33,51.64,49.62,28.87,47.91,51.04,31.56,51.8,45.62,22.07,21.4,21.94,53.92,32.1,24.48,23.69,22.86,69.89,50.63,83.0,122.71,24.75,24.25,50.6,49.82,26.58,24.61,27.8,24.75,53.56,29.38,30.79,26.56,28.47,54.31,54.31,51.05,44.72,54.78,69.95,92.88,83.8,48.9,67.92,25.15,28.81,56.13,50.56,52.26,5.27,39.09,140.56,29.51,28.24,51.13,51.14,55.25,74.82,28.33,45.6,17.16,16.73,25.17,11.53,120.78,94.93,57.01,1.66,47.01,76.38,62.99,56.57,30.35,28.97,25.17,55.17,55.25,44.53,45.82,49.18,49.77,30.1,26.54,46.13,49.11,51.11,25.1,24.55,17.85,17.9,19.86,29.58,27.17,22.73,20.03,32.02,30.42,19.86,51.52,55.15,26.47,1.24,30.85,30.27,30.27,29.64,29.52,32.75,33.52,33.25,33.03,31.68,31.07,14.64,13.86,16.33,16.16,16.32,51.76,51.72,24.6,24.4,25.55,25.01,22.95,22.52,21.99,22.92,23.97,24.23,19.1,16.22,29.67,51.37,8.15,14.07,8.55,28.51,24.95,25.32,28.59,25.82,73.43,20.73,18.97,31.68,19.22,31.09,48.84,48.89,13.2,4.63,19.3,24.36,53.27,22.02,39.03
20.71,20.29,65.64,22.37,4.88,3.73,32.33,9.03,3.46,20.17,61.6,12.39,12.49,116.14,20.47,64.48,64.74,1.03,18.59,23.98,41.82,6.55,19.64,1.46,14.6,21.85,67.27,14.39,22.05,20.25,9.29,15.83,1.94,13.51,9.77,22.6,4.59,11.5,15.07,7.48,6.39,27.45,13.44,0.0,7.37,14.89,4.04,8.35,4.07,2.37,27.37,16.88,17.98,5.18,16.05,2.79,21.37,67.79,6.97,3.47,61.2,17.12,65.6,63.9,61.89,18.93,60.17,63.31,21.61,64.06,60.02,12.08,11.41,11.94,66.18,22.16,14.48,13.69,12.86,82.15,62.89,73.06,128.14,14.81,15.07,62.87,62.08,16.58,14.67,17.85,14.81,65.82,19.44,20.84,16.61,18.53,66.57,66.57,63.31,34.78,67.04,69.54,105.15,73.85,61.17,67.5,15.2,18.87,49.2,40.62,64.53,14.92,38.68,130.62,19.57,18.29,63.4,63.4,67.52,87.09,18.38,57.86,6.88,4.9,15.18,8.49,128.81,107.19,69.27,11.88,28.5,88.64,75.26,68.83,20.4,19.03,15.17,67.44,67.52,34.59,45.4,61.45,62.04,20.15,16.6,45.72,61.38,63.37,15.1,14.56,7.57,7.62,9.86,19.63,16.13,9.36,10.03,22.07,20.48,9.86,63.78,67.42,16.52,11.38,20.91,20.33,20.33,19.7,19.58,22.8,23.57,23.31,23.09,21.74,21.13,2.81,4.4,4.51,13.98,5.35,64.03,63.99,14.6,14.4,15.55,15.01,12.95,12.52,11.99,12.92,13.97,14.23,8.81,5.25,19.72,63.64,5.55,3.1,4.94,18.56,15.0,15.33,18.65,25.41,73.01,10.45,8.97,21.68,9.22,30.67,61.1,61.15,9.75,6.54,9.3,23.94,46.34,21.61,54.57
36.48,36.06,70.67,28.61,20.88,13.87,48.1,9.29,14.6,35.55,66.63,28.16,28.26,121.17,36.24,69.51,69.77,17.39,34.36,39.75,57.59,22.64,35.41,17.82,30.37,37.62,72.3,30.16,37.81,36.02,11.34,19.4,18.3,29.27,23.29,18.37,13.82,19.24,14.32,14.35,13.38,23.22,19.39,17.08,0.0,18.7,13.93,0.98,14.13,14.64,23.14,32.65,33.75,13.72,21.08,17.61,17.14,72.82,15.21,19.47,66.23,32.89,70.63,68.93,66.92,34.7,65.2,68.34,37.38,69.09,55.79,27.84,27.18,27.71,71.21,37.93,30.25,29.46,28.63,87.18,67.92,88.83,143.91,30.58,30.84,67.89,67.11,32.35,30.44,33.62,30.58,70.85,35.2,36.61,32.38,34.29,71.6,71.6,68.34,50.55,72.07,65.31,110.18,89.62,66.2,63.27,30.96,34.64,51.48,56.38,69.56,18.04,34.45,146.39,35.33,34.06,68.43,68.43,72.55,92.11,34.15,62.89,22.97,20.9,30.95,8.73,144.58,112.22,74.3,19.51,42.37,93.67,80.29,73.86,36.17,34.8,30.94,72.47,72.55,50.35,41.17,66.48,67.07,35.92,32.36,41.49,66.4,68.4,30.87,30.33,23.66,23.71,25.63,35.4,31.9,25.36,25.8,37.84,36.25,25.63,68.81,72.45,32.29,18.5,36.68,36.09,36.09,35.47,35.35,38.57,39.34,39.08,38.86,37.51,36.89,18.81,13.19,20.51,13.23,19.74,69.06,69.02,30.37,30.17,31.32,30.78,28.72,28.29,27.76,28.69,29.74,30.0,25.0,19.64,35.49,68.67,12.65,19.46,14.83,34.33,30.77,31.09,34.41,21.18,68.78,26.64,24.74,32.27,24.99,26.45,66.13,66.18,23.28,15.21,25.07,19.72,48.62,17.38,50.35
34.66,34.24,53.41,21.0,19.08,13.13,46.28,11.66,15.11,34.12,49.37,26.34,26.44,103.91,34.42,52.24,52.5,15.11,32.54,37.93,55.77,20.82,33.59,15.54,28.55,35.8,55.03,28.34,36.0,34.2,9.84,3.84,16.02,27.46,17.18,25.67,12.98,4.51,23.01,9.33,10.04,30.51,3.91,14.8,9.23,0.0,16.74,8.28,12.14,13.49,30.44,30.83,31.94,17.89,3.82,13.93,24.43,55.55,9.7,17.67,48.97,31.07,53.36,51.67,49.65,32.88,47.94,51.08,35.56,51.83,41.75,26.03,25.36,25.89,53.95,36.11,28.43,27.64,26.81,69.92,50.66,87.01,122.74,28.76,29.02,50.63,49.85,30.54,28.62,31.8,28.76,53.59,33.39,34.79,30.56,32.48,54.34,54.34,51.08,48.73,54.81,41.11,92.91,87.8,48.94,44.73,29.15,32.82,58.78,54.57,52.29,2.0,26.05,144.57,33.52,32.24,51.17,51.17,55.29,74.85,32.34,45.63,21.15,19.1,29.13,17.29,120.82,94.96,57.04,4.15,49.66,76.41,63.03,56.6,34.35,32.98,29.12,55.2,55.28,48.54,48.47,49.21,49.8,34.1,30.55,48.78,49.14,51.14,29.05,28.51,21.84,21.89,23.81,33.58,30.08,23.56,23.99,36.02,34.43,23.81,51.55,55.18,30.48,4.34,34.86,34.28,34.28,33.65,33.53,36.75,37.52,37.26,37.04,35.69,35.08,17.01,17.1,18.71,21.92,20.32,51.8,51.75,28.55,28.35,29.5,28.96,26.9,26.47,25.94,26.87,27.92,28.18,23.19,20.22,33.68,51.41,13.91,18.06,11.79,32.51,28.95,29.28,32.6,28.47,48.87,25.66,22.93,35.63,23.17,33.74,48.87,48.92,17.17,9.29,23.25,27.01,55.92,24.67,35.17
23.03,22.6,68.55,25.01,7.42,5.61,34.64,4.99,3.25,22.48,64.51,14.7,14.8,119.04,22.79,67.38,67.64,3.94,20.9,26.29,44.13,9.18,21.95,4.37,16.92,24.16,70.17,16.71,24.36,22.56,7.61,12.53,4.85,15.82,12.73,18.57,5.15,12.03,11.04,7.42,4.71,23.41,11.42,3.63,7.31,17.8,0.0,8.29,5.45,4.4,23.34,19.19,20.3,1.15,18.95,4.15,17.33,70.69,7.07,6.01,64.11,19.43,68.5,66.81,64.79,21.24,63.08,66.22,23.93,66.97,55.98,14.39,13.72,14.25,69.09,24.47,16.8,16.0,15.17,85.06,65.8,75.37,130.46,17.12,17.39,65.77,64.99,18.9,16.98,20.17,17.12,68.73,21.75,23.16,18.93,20.84,69.48,69.48,66.22,37.09,69.95,65.5,108.05,76.16,64.07,63.47,17.51,21.18,51.68,42.93,67.43,13.0,34.64,132.93,21.88,20.61,66.3,66.31,70.42,89.99,20.7,60.77,9.51,7.45,17.49,4.45,131.13,110.1,72.18,12.4,42.56,91.55,78.17,71.74,22.72,21.34,17.48,70.34,70.42,36.9,41.37,64.35,64.94,22.46,18.91,41.68,64.28,66.28,17.42,16.87,10.2,10.25,12.17,21.95,18.44,11.91,12.35,24.39,22.79,12.17,66.69,70.32,18.84,11.91,23.22,22.64,22.64,22.01,21.89,25.11,25.89,25.62,25.4,24.05,23.44,5.36,1.95,7.05,9.94,8.06,66.93,66.89,16.92,16.71,17.86,17.32,15.27,14.83,14.31,15.24,16.29,16.54,11.54,7.96,22.04,66.54,3.98,6.0,6.16,20.87,17.31,17.64,20.96,21.37,68.97,13.18,11.29,23.99,11.53,26.64,64.01,64.06,12.72,7.07,11.62,19.91,48.82,17.57,50.54
35.5,35.07,69.69,27.62,19.9,12.88,47.12,8.31,13.61,34.57,65.65,27.17,27.27,120.18,35.26,68.52,68.78,16.41,33.37,38.76,56.6,21.65,34.42,16.84,29.39,36.63,71.31,29.18,36.83,35.03,10.36,18.42,17.32,28.29,22.31,17.39,12.84,18.26,13.34,13.37,12.4,22.24,18.41,16.1,13.26,17.71,12.94,0.0,13.14,13.66,22.16,31.66,32.77,12.73,20.09,16.63,16.15,71.83,14.22,18.49,65.25,31.9,69.64,67.95,65.93,33.72,64.22,67.36,36.4,68.11,54.81,26.86,26.19,26.73,70.23,36.94,29.27,28.47,27.64,86.2,66.94,87.84,142.93,29.6,29.86,66.91,66.13,31.37,29.45,32.64,29.59,69.87,34.22,35.63,31.4,33.31,70.62,70.62,67.36,49.57,71.09,64.32,109.19,88.64,65.21,62.29,29.98,33.66,50.5,55.4,68.57,17.06,33.46,145.41,34.35,33.08,67.44,67.45,71.56,91.13,33.17,61.91,21.98,19.92,29.96,7.75,143.6,111.24,73.32,18.53,41.38,92.69,79.31,72.88,35.19,33.81,29.95,71.48,71.56,49.37,40.19,65.49,66.08,34.94,31.38,40.5,65.42,67.42,29.89,29.34,22.67,22.73,24.65,34.42,30.91,24.38,24.82,36.86,35.26,24.65,67.83,71.46,31.31,17.52,35.69,35.11,35.11,34.48,34.36,37.59,38.36,38.09,37.88,36.53,35.91,17.83,12.21,19.53,12.25,18.75,68.07,68.03,29.39,29.18,30.34,29.8,27.74,27.3,26.78,27.71,28.76,29.02,24.02,18.65,34.51,67.68,11.67,18.47,13.85,33.35,29.78,30.11,33.43,20.19,67.8,25.65,23.76,31.28,24.0,25.46,65.15,65.2,22.3,14.22,24.09,18.73,47.64,16.39,49.36
23.34,22.91,61.84,13.07,7.47,0.69,34.96,5.92,3.63,22.85,57.8,15.02,15.12,112.34,23.1,60.68,60.94,3.63,21.22,26.61,44.44,9.51,22.26,4.06,17.23,24.47,63.47,17.07,24.67,22.87,5.74,8.49,4.54,16.13,8.57,19.5,1.1,8.01,11.11,3.98,2.84,24.34,7.4,3.31,3.87,11.8,5.25,4.86,0.0,1.94,24.27,19.5,20.61,6.4,10.66,2.45,14.54,63.99,3.48,6.06,57.4,19.74,61.8,60.1,58.09,21.56,56.37,59.51,24.24,60.26,56.91,14.76,14.09,14.62,62.38,24.78,17.16,16.37,15.54,78.35,59.09,75.68,130.77,17.44,16.94,59.06,58.28,19.26,17.29,20.48,17.43,62.02,22.06,23.47,19.24,21.16,62.77,62.77,59.51,37.41,63.24,66.43,101.35,76.48,57.37,64.4,17.83,21.5,52.61,43.24,60.73,11.83,35.57,133.25,22.19,20.92,59.6,59.6,63.72,83.29,21.01,54.06,9.84,7.49,17.86,5.38,131.44,103.39,65.47,8.38,31.18,84.84,71.46,65.03,23.03,21.65,17.85,63.64,63.72,37.21,42.3,57.65,58.24,22.78,19.22,42.61,57.57,59.57,17.78,17.24,10.53,10.59,12.54,22.26,19.85,14.26,12.71,24.7,23.1,12.54,59.98,63.62,19.15,7.89,23.53,22.95,22.95,22.32,22.2,25.43,26.2,25.93,25.72,24.37,23.75,5.4,5.62,7.1,10.02,8.77,60.23,60.19,17.28,17.08,18.23,17.69,15.63,15.2,14.67,15.6,16.65,16.91,11.78,8.67,22.35,59.84,2.01,6.57,1.44,21.19,17.63,18.01,21.27,22.3,69.9,13.42,11.65,24.36,11.9,27.57,57.3,57.35,8.56,3.05,11.98,20.84,49.75,14.78,51.47
21.43,21.0,64.02,14.3,6.26,1.21,33.05,6.62,1.82,20.94,59.98,13.11,13.21,114.52,21.19,62.86,63.12,2.42,19.31,24.7,42.54,7.6,20.35,2.85,15.32,22.56,65.65,15.16,22.76,20.97,6.78,14.21,3.33,14.22,8.15,20.19,2.26,9.89,11.8,5.86,3.88,25.03,11.82,2.11,5.76,13.27,4.05,6.74,2.46,0.0,24.96,17.59,18.7,5.19,14.43,0.57,15.24,66.17,5.36,4.85,59.58,17.83,63.98,62.28,60.27,19.65,58.55,61.69,22.33,62.44,57.61,12.85,12.18,12.71,64.56,22.87,15.25,14.46,13.63,80.53,61.27,73.77,128.86,15.53,15.03,61.25,60.46,17.35,15.38,18.57,15.52,64.2,20.15,21.56,17.33,19.25,64.95,64.95,61.69,35.5,65.42,67.12,103.53,74.57,59.55,65.09,15.92,19.59,49.97,41.33,62.91,13.3,36.26,131.34,20.28,19.01,61.78,61.78,65.9,85.47,19.1,56.24,7.93,6.28,15.95,6.08,129.53,105.57,67.65,10.27,29.27,87.02,73.64,67.21,21.12,19.74,15.94,65.82,65.9,35.3,42.99,59.83,60.42,20.87,17.31,43.3,59.76,61.75,15.87,15.33,8.62,8.68,10.63,20.35,17.94,12.35,10.8,22.79,21.19,10.63,62.16,65.8,17.24,9.77,21.62,21.04,21.04,20.41,20.29,23.52,24.29,24.02,23.81,22.46,21.84,4.19,3.44,5.89,10.71,6.96,62.41,62.37,15.37,15.17,16.32,15.78,13.72,13.29,12.76,13.69,14.74,15.0,9.87,6.86,20.44,62.02,3.04,4.76,3.33,19.28,15.72,16.1,19.36,22.99,70.6,11.51,9.74,22.45,9.99,28.26,59.48,59.53,8.13,4.93,10.07,21.53,47.11,15.48,52.16
34.59,34.16,78.31,42.25,26.92,20.77,40.23,18.03,21.5,13.72,74.27,24.5,24.6,128.81,34.34,77.14,77.4,23.44,23.36,28.34,50.44,27.03,33.51,23.86,25.32,32.42,79.93,20.73,35.92,34.12,21.25,27.04,24.35,27.38,29.05,6.13,20.73,26.88,12.12,21.99,20.29,0.6,27.03,23.12,21.88,28.01,19.97,22.86,21.03,21.55,0.0,27.79,27.22,19.76,28.72,21.96,8.7,80.45,22.84,25.51,73.87,30.99,78.26,76.57,74.55,28.71,72.84,75.98,32.18,76.73,50.34,20.13,23.27,19.99,78.85,36.03,18.89,19.57,19.53,94.82,75.56,81.98,137.06,25.92,21.13,75.53,74.75,15.95,28.54,31.72,25.91,78.49,33.31,34.71,27.75,23.3,79.24,79.24,75.98,42.14,79.71,59.85,117.81,82.77,73.84,57.82,23.48,32.74,29.65,49.24,77.19,28.03,28.99,139.54,33.44,32.17,76.07,76.07,80.19,99.75,32.26,70.53,27.36,26.94,18.55,16.87,137.73,119.86,81.94,27.15,17.12,101.31,87.93,81.5,34.28,32.9,20.95,80.11,80.18,38.4,27.65,74.11,74.71,30.07,30.47,27.96,74.04,76.04,20.11,19.78,28.05,28.1,21.73,29.86,26.71,31.15,23.55,35.94,30.7,21.73,76.45,80.08,27.08,26.14,34.78,34.2,34.2,29.49,33.45,35.68,37.45,37.18,36.96,35.61,35.0,24.85,19.42,26.55,11.92,26.64,76.7,76.65,20.38,20.18,20.56,20.42,21.0,20.57,23.86,20.97,19.58,19.48,23.79,26.22,29.52,76.31,19.56,24.44,21.74,23.29,21.79,18.59,27.33,2.05,63.33,25.42,23.27,10.44,22.78,4.3,73.77,73.82,29.03,22.84,22.82,4.76,26.79,8.0,44.89
6.41,5.89,78.91,25.24,17.57,20.0,18.03,24.8,19.47,16.47,74.87,4.56,4.67,128.4,6.17,77.74,78.0,18.69,7.12,11.22,27.52,13.83,5.34,17.04,3.66,5.91,80.53,7.09,7.75,5.95,25.13,31.21,17.52,5.13,23.05,38.37,20.87,29.33,30.84,24.24,22.23,25.31,28.82,18.37,24.13,30.28,19.8,25.11,21.13,19.05,25.23,0.0,2.33,20.95,29.14,18.8,37.13,81.05,23.85,16.15,74.47,2.71,78.86,77.17,73.93,3.27,73.44,74.84,5.67,77.33,67.82,11.09,10.65,10.27,79.45,7.45,10.27,9.28,11.94,95.42,76.16,58.76,113.84,2.67,6.66,76.13,75.35,11.6,5.21,6.04,2.66,79.09,5.14,6.54,0.93,7.06,79.84,79.84,75.36,20.48,80.31,77.34,118.41,59.55,74.43,75.31,4.88,4.36,40.35,26.32,77.79,30.31,46.48,116.32,5.27,3.78,75.44,75.45,80.79,100.35,3.88,69.91,14.16,15.71,9.89,24.26,114.51,81.21,81.32,29.7,20.87,98.59,88.53,82.1,6.1,4.52,8.14,80.7,80.78,15.87,43.03,74.71,75.3,3.86,1.44,43.34,74.64,76.64,8.08,7.53,14.85,14.9,10.29,3.35,1.34,14.14,8.18,7.77,4.19,10.29,77.05,80.68,0.71,29.21,6.51,5.92,5.92,3.41,5.28,6.86,9.27,9.01,8.79,7.44,6.83,15.5,20.17,17.2,29.75,12.47,77.3,77.25,7.58,7.37,8.53,7.98,9.47,9.64,11.24,9.94,9.76,9.73,8.53,12.42,3.44,74.7,21.4,12.59,21.21,7.1,6.78,9.05,2.99,29.79,80.81,9.51,8.94,17.98,9.65,23.37,73.15,73.2,23.04,23.43,8.37,39.71,40.54,37.37,62.38
6.39,6.67,79.6,25.93,18.26,20.7,15.33,25.49,20.17,15.84,75.56,4.45,4.55,128.35,6.22,78.44,78.7,16.8,6.26,9.63,27.47,14.52,4.86,14.58,3.89,5.42,81.22,6.46,7.72,6.0,25.83,31.91,15.06,5.49,23.75,39.06,21.56,30.02,31.53,24.93,22.93,24.68,29.52,16.49,24.82,30.97,20.5,25.8,21.82,19.74,24.6,1.24,0.0,21.64,29.83,19.49,37.83,81.75,24.54,16.84,75.16,3.41,79.56,77.86,74.62,1.72,74.13,75.54,5.19,78.02,67.2,9.78,9.25,8.96,80.14,6.96,8.96,7.96,10.63,96.11,76.85,58.7,113.79,3.03,6.03,76.82,76.04,10.98,6.11,6.74,3.03,79.78,4.66,6.59,2.73,6.19,80.53,80.53,76.05,17.78,81.0,76.71,119.1,59.5,75.13,74.68,4.25,4.51,38.76,26.26,78.49,31.0,45.85,116.27,4.45,3.94,76.13,76.14,81.48,101.04,4.03,70.6,14.85,16.4,9.26,24.95,114.46,81.9,82.01,30.4,20.0,99.28,89.22,82.79,5.62,4.67,7.52,81.4,81.48,15.38,42.4,75.41,76.0,3.07,2.13,42.71,75.33,77.33,7.45,6.9,15.54,15.59,10.17,2.86,0.9,14.84,8.06,7.74,3.71,10.17,77.74,81.38,2.69,29.9,7.29,6.71,6.71,2.5,5.25,6.38,9.25,8.98,8.76,7.41,6.77,16.19,20.86,17.89,30.44,12.35,77.99,77.94,6.95,6.74,7.9,7.36,8.15,8.33,9.84,8.63,8.45,8.5,8.41,12.3,2.53,75.39,22.09,12.47,21.9,6.23,5.71,8.42,1.43,29.16,80.19,9.4,8.83,17.35,9.53,22.74,73.84,73.89,23.73,24.12,8.25,31.87,38.95,38.07,61.75
23.76,23.34,69.28,25.74,8.16,6.35,35.38,5.41,3.98,23.22,65.24,15.44,15.54,119.78,23.52,68.12,68.38,4.67,21.64,27.03,44.87,9.92,22.69,5.1,17.65,24.9,70.91,17.44,25.09,23.3,8.03,12.95,5.58,16.55,13.46,18.99,5.57,12.45,9.23,7.84,5.13,23.83,11.84,4.36,7.73,18.53,1.2,8.71,5.87,5.13,23.76,19.93,21.03,0.0,19.69,4.89,17.75,71.43,7.49,6.75,64.84,20.17,69.24,67.54,65.53,21.98,63.81,66.95,24.66,67.7,56.4,15.12,14.45,14.99,69.82,25.21,17.53,16.74,15.91,85.79,66.53,76.11,131.19,17.86,18.12,66.51,65.72,19.63,17.72,20.9,17.86,69.46,22.48,23.89,19.66,21.57,70.21,70.21,66.95,37.83,70.68,65.92,108.79,76.9,64.81,63.89,18.24,21.92,52.1,43.66,68.17,13.42,35.06,133.67,22.61,21.34,67.04,67.04,71.16,90.73,21.43,61.5,10.25,8.18,18.23,4.87,131.86,110.83,72.91,12.83,42.98,92.28,78.9,72.47,23.45,22.08,18.22,71.08,71.16,37.63,41.79,65.09,65.68,23.2,19.64,42.1,65.02,67.01,18.15,17.61,10.94,10.99,12.91,22.68,19.18,12.64,13.08,25.12,23.52,12.91,67.42,71.06,19.57,12.33,23.96,23.37,23.37,22.75,22.63,25.85,26.62,26.36,26.14,24.79,24.17,6.09,1.61,7.79,8.14,8.79,67.67,67.63,17.65,17.45,18.6,18.06,16.0,15.57,15.04,15.97,17.02,17.28,12.28,8.7,22.77,67.28,4.4,6.74,6.58,21.61,18.05,18.37,21.69,21.79,69.39,13.92,12.02,24.73,12.27,27.06,64.74,64.79,13.45,7.49,12.35,20.33,49.24,17.99,50.96
32.81,32.38,49.99,19.14,17.22,12.0,44.42,12.93,13.98,32.26,45.96,24.48,24.58,100.49,32.56,48.83,49.09,13.98,30.68,36.07,53.91,18.96,31.73,16.23,26.69,33.94,51.62,26.48,34.14,32.34,10.89,3.94,16.71,25.6,15.32,25.71,9.33,4.13,21.88,7.44,10.92,30.55,2.76,13.67,7.33,3.0,15.61,8.32,11.01,12.36,30.48,28.97,30.08,16.76,0.0,12.8,24.47,52.14,7.8,15.81,45.56,29.21,49.95,48.25,46.24,31.02,44.53,47.66,33.7,48.41,45.02,24.17,23.5,24.03,50.53,34.25,26.57,25.78,24.95,66.51,47.24,85.15,119.33,26.9,27.17,47.22,46.43,28.68,26.76,29.94,26.9,50.18,31.53,32.93,28.7,30.62,50.92,50.92,47.67,46.87,51.4,44.38,89.5,85.94,45.52,48.0,27.29,30.96,58.82,52.71,48.88,3.03,41.78,142.71,31.66,30.38,47.75,47.75,51.87,71.44,30.48,42.21,19.29,17.24,27.27,16.16,117.4,91.54,53.62,4.25,49.7,73.0,59.61,53.19,32.5,31.12,27.26,51.79,51.87,46.68,48.51,45.8,46.39,32.24,28.69,48.82,45.73,47.72,27.2,26.65,19.98,20.03,21.95,31.72,28.22,21.7,22.13,34.16,32.57,21.95,48.13,51.77,28.62,4.0,33.0,32.42,32.42,31.79,31.67,34.89,35.66,35.4,35.18,33.83,33.22,15.15,15.97,16.85,20.79,18.46,48.38,48.34,26.7,26.49,27.64,27.1,25.04,24.61,24.08,25.02,26.06,26.32,21.33,18.36,31.82,47.99,12.78,16.2,10.67,30.65,27.09,27.42,30.74,28.51,52.14,23.8,21.07,33.77,21.31,33.78,45.46,45.51,15.31,7.4,21.39,27.05,55.96,24.71,38.44
21.87,21.44,64.59,23.87,6.7,1.79,33.49,6.51,2.02,21.38,60.56,13.55,13.65,115.09,21.63,63.43,63.69,2.86,19.75,25.14,42.98,8.04,20.79,3.29,15.76,23.0,66.22,15.6,23.2,21.41,6.67,14.78,3.77,14.66,8.72,20.09,2.83,10.47,11.7,6.3,3.78,24.93,12.39,2.55,6.2,13.84,4.49,7.18,3.04,0.57,24.86,18.03,19.14,5.63,15.0,0.0,15.13,66.74,5.96,5.29,60.16,18.27,64.55,62.85,60.84,20.09,59.13,62.26,22.77,63.01,57.5,13.29,12.62,13.15,65.13,23.31,15.69,14.9,14.07,81.11,61.84,74.21,129.3,15.97,15.47,61.82,61.03,17.79,15.82,19.01,15.96,64.78,20.59,22.0,17.77,19.69,65.52,65.52,62.27,35.94,66.0,67.02,104.1,75.01,60.12,64.99,16.36,20.03,53.2,41.77,63.48,13.87,36.16,131.78,20.72,19.45,62.35,62.35,66.47,86.04,19.54,56.81,8.37,6.72,16.39,5.98,129.97,106.14,68.22,10.84,29.71,87.6,74.21,67.79,21.56,20.18,16.38,66.39,66.47,35.74,42.89,60.4,60.99,21.31,17.75,43.2,60.33,62.32,16.31,15.77,9.06,9.12,11.07,20.79,18.38,12.79,11.24,23.23,21.63,11.07,62.73,66.37,17.68,10.34,22.06,21.48,21.48,20.85,20.73,23.96,24.73,24.46,24.25,22.9,22.28,4.63,3.64,6.33,10.61,7.15,62.98,62.94,15.81,15.61,16.76,16.22,14.16,13.73,13.2,14.13,15.18,15.44,10.31,7.06,20.88,62.59,2.94,4.96,3.9,19.72,16.16,16.54,19.8,22.89,70.49,11.95,10.18,22.89,10.43,28.16,60.06,60.11,8.71,5.51,10.51,21.43,50.34,15.38,52.06
37.96,37.54,73.75,31.68,22.36,16.21,49.58,13.47,16.94,21.46,69.71,29.64,29.74,124.24,37.72,72.58,72.84,18.88,31.1,36.07,59.07,24.12,36.89,19.3,31.85,39.1,75.37,28.46,39.3,37.5,16.69,22.48,19.79,30.76,24.49,3.25,16.17,22.32,7.56,17.43,15.73,8.09,22.47,18.56,17.32,23.44,15.41,18.3,16.47,16.99,8.02,34.13,35.23,15.2,24.15,17.4,0.0,75.89,18.28,20.95,69.31,34.37,73.7,72.01,69.99,36.18,68.28,71.42,38.86,72.17,42.79,27.86,28.66,27.73,74.29,39.41,26.62,27.31,27.26,90.26,71.0,90.31,145.39,32.06,28.86,70.97,70.19,23.69,31.92,35.1,32.06,73.93,36.69,38.09,33.86,31.04,74.68,74.68,71.42,52.03,75.15,52.3,113.25,91.1,69.27,50.27,31.22,36.12,37.39,57.87,72.63,23.47,21.44,147.87,36.82,35.54,71.5,71.51,75.62,95.19,35.63,65.97,24.45,22.38,26.28,12.3,146.06,115.3,77.38,22.59,25.17,96.75,83.37,76.94,37.65,36.28,28.68,75.54,75.62,46.13,28.17,69.55,70.14,37.4,33.85,28.48,69.48,71.48,27.84,27.52,25.14,25.19,27.11,36.88,33.38,26.84,27.28,39.32,37.73,27.11,71.89,75.52,33.78,21.58,38.16,37.58,37.58,36.95,36.83,40.05,40.82,40.56,40.34,38.99,38.38,20.29,14.86,21.99,7.36,22.08,72.13,72.09,28.12,27.91,28.29,28.15,28.74,28.31,29.24,28.71,27.31,27.21,26.48,21.98,36.97,71.74,15.0,19.88,17.18,31.02,29.53,26.33,35.9,6.05,55.78,28.12,26.22,18.17,26.47,12.35,69.21,69.26,24.47,18.28,26.55,4.59,34.53,0.73,37.34
84.94,84.51,14.03,64.13,69.23,64.01,96.55,65.38,65.99,88.15,10.62,77.98,78.08,57.77,84.7,13.49,12.56,66.0,84.01,89.4,106.04,72.3,83.86,68.24,78.83,86.07,12.61,79.71,86.27,84.47,63.34,56.39,68.73,77.73,63.55,78.16,61.34,56.14,73.9,59.45,62.94,83.0,54.78,65.68,59.34,55.45,67.62,60.77,63.02,64.38,82.93,81.1,82.21,68.77,53.23,64.82,76.92,0.0,59.81,67.82,10.35,81.34,14.36,12.91,18.27,83.16,9.32,12.46,85.84,13.07,94.28,80.06,79.39,79.93,7.45,86.38,79.84,79.04,80.84,32.55,11.9,129.75,76.61,79.04,80.49,12.01,11.23,84.57,78.89,78.59,79.03,13.65,83.66,85.07,80.84,83.94,7.8,7.8,14.06,99.0,1.54,93.65,46.78,127.61,10.32,97.26,81.12,83.1,111.27,104.84,13.54,55.48,94.23,135.17,83.79,82.52,26.8,26.8,12.87,28.72,82.61,21.08,72.63,73.85,80.51,68.17,74.68,48.82,31.87,56.7,99.81,40.28,16.13,4.83,84.63,83.25,80.48,4.38,5.08,98.81,100.96,10.46,11.05,84.38,80.82,101.27,10.39,12.38,80.42,79.87,72.98,73.04,77.85,83.86,81.45,69.69,78.02,86.3,84.7,77.85,12.79,2.16,80.75,56.02,85.13,84.55,84.55,83.92,83.8,87.03,87.8,87.53,87.32,85.96,85.35,67.16,67.98,68.86,72.8,70.47,13.18,13.0,79.92,79.71,80.86,80.32,79.03,80.5,79.98,80.91,79.33,79.53,77.08,70.37,83.95,12.79,64.79,68.22,62.68,83.98,81.15,80.63,82.87,80.96,101.4,78.72,76.96,89.67,77.2,86.23,20.27,20.32,63.54,59.41,77.29,79.5,108.41,77.16,87.7
25.41,24.99,58.63,14.16,9.54,2.63,37.03,7.1,5.7,24.92,54.59,17.09,17.19,109.12,25.17,57.46,57.72,5.7,23.29,28.68,46.52,11.59,24.34,6.13,19.3,26.55,60.25,19.14,26.74,24.95,5.09,6.75,6.61,18.2,8.85,20.51,1.6,6.27,12.29,2.24,3.19,25.35,5.66,5.39,2.14,8.32,7.33,3.12,2.36,4.01,25.28,21.58,22.68,8.48,7.43,4.52,19.27,60.77,0.0,8.13,54.19,21.82,58.58,56.89,54.87,23.63,53.16,56.3,26.31,57.05,57.93,16.83,16.16,16.69,59.17,26.86,19.24,18.44,17.61,75.14,55.88,77.76,132.84,19.51,19.01,55.85,55.07,21.34,19.37,22.55,19.51,58.81,24.13,25.54,21.31,23.23,59.56,59.56,56.3,39.48,60.03,67.44,98.13,78.55,54.15,65.41,19.9,23.57,53.62,45.31,57.51,8.35,36.58,135.32,24.26,22.99,56.38,56.39,60.5,80.07,23.08,50.85,11.92,9.57,19.93,6.56,133.51,100.18,62.26,6.64,44.5,81.63,68.25,61.82,25.1,23.73,19.92,60.42,60.5,39.28,43.31,54.43,55.02,24.85,21.3,43.62,54.36,56.36,19.86,19.31,12.61,12.66,14.61,24.33,21.92,16.34,14.79,26.77,25.18,14.61,56.77,60.4,21.22,6.15,25.61,25.02,25.02,24.4,24.28,27.5,28.27,28.01,27.79,26.44,25.82,7.48,7.69,9.17,11.2,10.84,57.02,56.97,19.36,19.15,20.3,19.76,17.7,17.27,16.74,17.68,18.72,18.98,13.85,10.74,24.42,56.63,3.19,8.64,2.92,23.27,19.7,20.08,23.34,23.31,70.92,15.49,13.73,26.43,13.97,28.58,54.09,54.14,8.83,1.31,14.05,21.85,50.76,19.51,52.48
21.31,20.88,65.06,13.9,3.36,4.12,32.93,9.46,3.85,20.8,61.02,12.99,13.09,115.56,21.07,63.9,64.16,2.84,19.19,24.58,42.42,7.48,20.23,3.27,15.2,22.44,66.68,15.02,22.64,20.85,10.52,15.11,3.75,14.1,7.78,23.03,5.88,13.23,15.5,8.13,7.62,27.88,12.72,2.53,8.02,14.17,4.47,9.0,5.02,2.76,27.81,17.48,18.58,5.62,15.47,3.18,21.8,67.21,7.74,0.0,60.62,17.71,65.02,63.32,61.31,19.53,59.59,62.73,22.21,63.48,60.45,12.7,12.03,12.57,65.6,22.76,15.11,14.32,13.49,81.57,62.31,73.65,128.74,15.41,14.88,62.28,61.5,17.21,15.26,18.45,15.4,65.24,20.03,21.44,17.21,19.13,65.99,65.99,62.73,35.38,66.46,69.97,104.57,74.45,60.59,67.93,15.8,19.47,49.83,41.21,63.95,14.2,39.11,131.22,20.16,18.89,62.82,62.82,66.94,86.5,18.98,57.28,7.81,5.31,15.8,8.92,129.41,106.61,68.69,13.6,29.13,88.06,74.68,68.25,21.0,19.62,15.8,66.86,66.94,35.18,45.84,60.87,61.46,20.75,17.19,46.15,60.79,62.79,15.73,15.18,8.51,8.56,10.49,20.23,17.82,7.84,10.66,22.67,21.07,10.49,63.2,66.84,17.12,13.1,21.51,20.92,20.92,20.29,20.17,23.4,24.17,23.9,23.69,22.34,21.72,3.22,4.83,4.92,14.41,6.97,63.45,63.4,15.23,15.03,16.18,15.64,13.58,13.15,12.62,13.55,14.6,14.86,9.75,6.87,20.32,63.06,6.79,4.71,6.22,19.16,15.6,15.95,19.24,25.84,73.44,11.39,9.6,22.31,9.85,31.11,60.52,60.57,7.77,7.32,9.93,24.38,46.97,22.04,55.01
77.4,76.98,7.7,56.59,61.69,56.48,89.02,57.84,58.46,80.62,1.99,70.44,70.54,64.93,77.16,5.0,6.8,58.46,76.47,81.86,98.51,64.76,76.33,60.71,71.29,78.54,9.33,72.17,78.74,76.94,55.8,48.85,61.19,70.2,56.02,70.62,53.81,48.61,66.36,51.92,55.4,75.47,47.24,58.15,51.81,47.92,60.09,53.23,55.49,56.84,75.4,73.57,74.67,61.24,45.7,57.28,69.39,11.52,52.28,60.28,0.0,73.81,5.34,3.66,3.93,75.62,1.79,2.58,78.3,3.82,89.94,72.53,71.86,72.39,8.24,78.85,72.3,71.51,73.31,22.37,5.24,136.91,83.76,71.5,72.96,2.14,1.35,77.03,71.35,71.05,71.5,7.88,76.13,77.53,73.3,76.41,8.63,8.63,4.18,91.47,10.78,89.3,53.93,134.77,0.04,92.91,73.59,75.56,103.73,97.31,5.05,47.94,86.7,142.32,76.26,74.98,15.66,15.66,9.58,35.87,75.07,9.93,65.09,66.32,72.98,60.64,81.84,55.98,21.81,49.16,92.28,28.81,19.93,10.8,77.09,75.72,72.95,9.4,11.25,91.28,93.42,3.41,1.73,76.84,73.29,93.74,3.34,4.14,72.88,72.34,65.45,65.5,70.31,76.32,73.91,62.16,70.48,78.76,77.17,70.31,3.41,11.15,73.22,48.48,77.6,77.02,77.02,76.39,76.27,79.49,80.26,80.0,79.78,78.43,77.82,59.63,60.45,61.32,65.27,62.93,3.3,3.75,72.38,72.18,73.33,72.79,71.5,72.97,72.44,73.37,71.79,72.0,69.55,62.84,76.41,2.91,57.26,60.68,55.14,76.45,73.62,73.09,75.34,73.43,97.05,71.19,69.42,82.13,69.67,78.7,9.13,9.18,56.01,51.87,69.75,71.97,100.88,69.63,83.35
5.04,3.17,78.62,24.95,17.28,19.71,18.52,24.51,19.18,18.95,74.58,7.17,7.27,128.89,3.46,77.45,77.71,18.4,9.6,12.95,28.01,13.54,5.83,16.75,6.14,8.04,80.24,9.57,6.37,3.68,24.84,30.92,17.23,6.65,22.76,38.08,20.58,29.04,30.55,23.95,21.94,27.79,28.53,18.08,23.84,29.99,19.51,24.82,20.84,18.76,27.71,2.95,4.06,20.66,28.85,18.51,36.84,80.76,23.56,15.86,74.18,0.0,78.57,76.88,73.64,5.0,73.15,74.55,7.81,77.04,75.5,14.34,13.67,12.88,79.16,8.35,12.88,11.88,15.12,95.13,75.87,59.25,114.34,4.51,9.14,75.84,75.06,14.08,4.47,3.33,4.5,78.8,5.63,3.46,2.68,9.54,79.55,79.55,75.07,20.97,80.02,85.01,78.46,60.05,74.14,82.98,7.36,3.62,44.4,26.81,77.5,30.02,54.15,116.81,5.76,4.49,75.15,75.16,80.5,100.06,4.58,69.62,13.87,15.42,12.37,23.97,115.01,78.5,81.03,29.41,23.35,98.3,88.24,81.81,6.6,3.78,10.62,80.41,80.49,20.78,45.51,74.42,75.01,5.59,2.67,45.82,74.35,76.35,10.56,10.01,14.56,14.61,12.12,5.08,4.63,13.85,10.78,6.4,5.92,12.12,76.76,80.39,3.19,28.92,3.79,3.21,3.21,5.14,4.45,6.65,7.9,7.63,7.42,6.07,7.32,15.21,19.88,16.91,29.46,13.98,77.01,76.96,10.06,9.85,11.01,10.46,12.07,12.24,14.26,12.54,12.37,12.34,10.55,14.07,5.17,74.41,21.11,14.1,20.92,9.58,9.26,11.53,4.72,32.27,88.49,11.65,10.78,20.46,11.48,25.85,72.86,72.91,22.75,23.14,11.56,39.42,44.59,37.08,70.05
80.54,80.11,3.96,59.73,64.83,59.61,92.15,60.98,61.59,83.75,2.67,73.58,73.68,56.77,80.3,3.01,5.14,61.6,79.61,85.0,101.64,67.9,79.46,63.84,74.43,81.67,9.12,75.31,81.87,80.07,58.94,51.99,64.33,73.33,59.15,73.76,56.94,51.74,69.5,55.05,58.54,78.6,50.38,61.28,54.94,51.05,63.22,56.37,58.62,59.98,78.53,76.7,77.81,64.37,48.83,60.42,72.52,14.56,55.41,63.42,5.1,76.94,0.0,2.43,5.06,78.76,4.99,4.09,81.44,2.6,83.53,75.66,74.99,75.53,7.67,81.98,75.44,74.64,76.44,18.29,1.46,128.75,75.6,74.64,76.09,3.03,5.38,80.17,74.49,74.19,74.63,5.64,79.26,80.67,76.44,79.54,8.06,8.06,5.1,94.6,13.82,82.89,45.77,126.61,5.06,86.51,76.72,78.7,106.87,100.44,3.06,51.08,67.97,134.16,79.39,78.12,16.04,16.05,8.89,27.71,78.21,10.32,68.23,69.45,76.11,63.77,73.68,47.82,21.12,52.3,95.41,24.78,15.87,13.79,80.23,78.85,76.08,12.4,14.29,94.41,96.56,2.7,2.26,79.98,76.42,96.87,2.7,0.89,76.02,75.47,68.58,68.64,73.45,79.46,77.05,65.29,73.62,81.9,80.3,73.45,2.32,14.19,76.35,51.62,80.73,80.15,80.15,79.52,79.4,82.63,83.4,83.13,82.92,81.56,80.95,62.76,63.58,64.46,68.4,66.07,3.71,2.52,75.52,75.31,76.46,75.92,74.63,76.1,75.58,76.51,74.93,75.13,72.68,65.97,79.55,4.56,60.39,63.82,58.28,79.58,76.75,76.23,78.47,76.56,90.65,74.32,72.56,85.27,72.8,81.83,9.52,9.57,59.14,55.01,72.89,75.1,104.01,72.76,76.95
81.62,81.19,5.33,60.8,65.91,60.69,93.23,62.05,62.67,84.83,2.16,74.65,74.75,58.14,81.37,2.31,6.52,62.67,80.69,86.07,102.72,68.97,80.54,64.92,75.5,82.75,10.49,76.38,82.95,81.15,60.02,53.06,65.4,74.41,60.23,74.83,58.02,52.82,70.57,56.13,59.61,79.68,51.45,62.36,56.02,52.13,64.3,57.45,59.7,61.05,79.61,77.78,78.89,65.45,49.91,61.49,73.6,13.96,56.49,64.5,3.49,78.02,2.64,0.0,4.21,79.83,4.6,2.49,82.51,1.13,84.92,76.74,76.07,76.6,8.75,83.06,76.51,75.72,77.52,19.68,2.54,130.12,76.98,75.71,77.17,1.42,3.78,81.25,75.57,75.26,75.71,7.01,80.34,81.74,77.51,80.62,9.14,9.14,4.08,95.68,13.21,84.28,47.15,127.98,3.46,87.89,77.8,79.77,107.95,101.52,2.36,52.16,69.36,135.53,80.47,79.19,17.43,17.44,10.26,29.09,79.29,11.71,69.3,70.53,77.19,64.85,75.05,49.19,22.5,53.37,96.49,26.16,17.24,13.23,81.31,79.93,77.16,11.84,13.69,95.49,97.64,3.34,1.75,81.05,77.5,97.95,3.27,1.45,77.09,76.55,69.66,69.71,74.52,80.53,78.13,66.37,74.7,82.97,81.38,74.52,0.72,13.59,77.43,52.69,81.81,81.23,81.23,80.6,80.48,83.7,84.47,84.21,83.99,82.64,82.03,63.84,64.66,65.54,69.48,67.15,2.11,1.05,76.59,76.39,77.54,77.0,75.71,77.18,76.65,77.59,76.0,76.21,73.76,67.05,80.63,2.81,61.47,64.89,59.36,80.66,77.83,77.3,79.55,77.64,92.03,75.4,73.64,86.34,73.88,82.91,10.9,10.95,60.22,56.09,73.96,76.18,105.09,73.84,78.33
79.89,79.47,6.98,59.08,64.18,58.96,91.51,60.33,60.95,83.1,5.35,72.93,73.03,59.68,79.65,3.86,8.17,60.95,78.96,84.35,101.0,67.25,78.82,63.2,73.78,81.02,12.03,74.66,81.22,79.43,58.29,51.34,63.68,72.68,58.51,73.11,56.29,51.1,68.85,54.4,57.89,77.96,49.73,60.63,54.29,50.4,62.57,55.72,57.97,59.33,77.88,76.06,77.16,63.72,48.18,59.77,71.87,17.57,54.76,62.77,3.92,76.3,4.2,3.28,0.0,78.11,5.27,1.68,80.79,3.08,79.57,75.01,74.34,74.88,11.86,81.34,74.79,74.0,75.8,20.03,5.68,131.66,78.52,73.99,75.45,3.28,4.21,79.52,73.84,73.54,73.99,8.67,78.61,80.02,75.79,78.9,12.25,12.25,2.19,93.96,16.83,78.94,48.69,129.52,3.88,82.55,76.08,78.05,106.22,99.79,3.91,50.43,64.01,137.08,78.74,77.47,12.09,12.09,11.81,30.63,77.56,6.37,67.58,68.8,75.47,63.12,76.59,50.73,17.16,51.65,94.77,26.52,18.78,14.27,79.58,78.21,75.44,12.88,17.3,93.76,95.91,6.53,4.94,79.33,75.77,96.23,6.46,4.58,75.37,74.82,67.94,67.99,72.8,78.81,76.4,64.65,72.97,81.25,79.65,72.8,4.01,17.2,75.7,50.97,80.09,79.5,79.5,78.88,78.76,81.98,82.75,82.49,82.27,80.92,80.3,62.11,62.94,63.81,67.76,65.42,2.6,3.37,74.87,74.66,75.82,75.28,73.98,75.46,74.93,75.86,74.28,74.48,72.03,65.32,78.9,1.53,59.75,63.17,57.63,78.93,76.11,75.58,77.82,75.92,86.69,73.67,71.91,84.62,72.15,81.18,5.56,5.61,58.49,54.36,72.24,74.45,103.36,72.12,72.99
5.85,6.13,80.49,26.82,19.15,21.58,14.79,26.38,21.06,17.23,76.45,5.84,5.94,127.81,5.68,79.32,79.58,20.27,7.65,8.99,26.93,15.41,4.32,18.62,5.29,4.88,82.11,7.86,7.18,5.46,26.72,32.8,19.1,6.89,24.63,39.95,22.45,30.91,32.42,25.82,23.82,26.07,30.41,19.95,25.71,31.86,21.38,26.69,22.71,20.63,26.0,2.2,1.72,22.53,30.72,20.38,38.72,82.63,25.43,17.73,76.05,4.29,80.44,78.75,75.51,0.0,75.02,76.42,4.65,78.91,68.59,11.18,10.65,10.36,81.03,6.42,10.36,9.36,12.02,97.0,77.74,58.17,113.25,4.42,7.43,77.71,76.93,12.37,7.0,7.62,4.42,80.67,4.12,6.05,3.62,7.59,81.42,81.42,76.94,17.24,81.89,78.11,119.99,58.96,76.02,76.07,6.02,3.98,38.12,25.72,79.38,31.89,47.25,115.73,3.92,3.4,77.02,77.03,82.37,101.93,3.49,71.49,15.74,17.29,10.66,25.84,113.92,82.79,82.9,31.28,23.26,100.17,90.11,83.68,5.08,4.13,8.91,82.29,82.36,14.85,43.79,76.3,76.89,2.53,3.02,44.11,76.22,78.22,8.85,8.3,16.43,16.48,11.57,2.32,2.3,15.73,9.46,7.2,3.17,11.57,78.63,82.27,3.58,30.79,6.75,6.17,6.17,1.96,4.71,5.84,8.71,8.44,8.22,6.87,6.23,17.08,21.75,18.78,31.33,13.75,78.88,78.83,8.35,8.14,9.29,8.75,9.55,9.72,11.24,10.02,9.85,9.89,9.81,13.7,1.99,76.28,22.98,13.87,22.79,7.62,7.11,9.81,1.29,30.56,81.58,10.79,10.22,18.75,10.93,24.13,74.73,74.78,24.62,25.01,9.65,33.27,38.31,38.96,63.15
79.48,79.06,9.43,58.67,63.77,58.55,91.1,59.92,60.54,82.69,5.29,72.52,72.62,67.0,79.24,8.17,8.52,60.54,78.55,83.94,100.59,66.84,78.41,62.78,73.37,80.61,11.05,74.25,80.81,79.02,57.88,50.93,63.27,72.27,58.1,72.7,55.88,50.69,68.44,53.99,57.48,77.55,49.32,60.22,53.88,49.99,62.16,55.31,57.56,58.92,77.47,75.65,76.75,63.31,47.77,59.36,71.46,13.25,54.35,62.36,4.89,75.88,8.5,7.59,8.35,77.7,0.0,7.0,80.38,7.75,92.02,74.6,73.93,74.47,9.97,80.93,74.38,73.59,75.39,25.33,6.58,138.99,85.84,73.58,75.04,6.56,5.77,79.11,73.43,73.13,73.57,9.61,78.2,79.61,75.38,78.49,10.36,10.36,8.6,93.55,12.5,91.38,56.01,136.85,4.86,94.99,75.67,77.64,105.81,99.38,8.22,50.02,88.77,144.4,78.33,77.06,23.08,23.09,11.31,37.95,77.15,17.36,67.17,68.39,75.06,62.71,83.91,58.06,26.23,51.24,94.36,31.82,19.05,12.52,79.17,77.8,75.03,11.13,12.98,93.35,95.5,5.14,5.73,78.92,75.36,95.81,5.07,7.06,74.96,74.41,67.53,67.58,72.39,78.4,75.99,64.24,72.56,80.84,79.24,72.39,7.47,12.88,75.29,50.56,79.68,79.09,79.09,78.46,78.35,81.57,82.34,82.07,81.86,80.51,79.89,61.7,62.53,63.4,67.35,65.01,7.72,7.68,74.46,74.25,75.41,74.87,73.57,75.05,74.52,75.45,73.87,74.07,71.62,64.91,78.49,7.33,59.34,62.76,57.22,78.52,75.7,75.17,77.41,75.5,99.13,73.26,71.5,84.21,71.74,80.77,16.55,16.6,58.08,53.95,71.83,74.04,102.95,71.7,85.43
79.55,79.13,6.34,58.74,63.84,58.62,91.17,59.99,60.61,82.77,3.85,72.59,72.69,59.03,79.31,3.2,7.52,60.61,78.62,84.01,100.66,66.91,78.48,62.86,73.44,80.69,11.39,74.32,80.88,79.09,57.95,51.0,63.34,72.34,58.17,72.77,55.95,50.76,68.51,54.06,57.55,77.62,49.39,60.29,53.96,50.07,62.23,55.38,57.63,58.99,77.54,75.72,76.82,63.38,47.85,59.43,71.54,13.67,54.43,62.43,2.59,75.96,3.53,1.97,2.12,77.77,3.94,0.0,80.45,2.16,81.33,74.67,74.0,74.54,10.43,81.0,74.45,73.66,75.46,20.57,4.23,131.02,77.87,73.65,75.11,1.55,2.88,79.18,73.5,73.2,73.65,8.02,78.27,79.68,75.45,78.56,10.82,10.82,1.6,93.62,12.92,80.69,48.04,128.88,2.55,84.31,75.74,77.71,105.88,99.45,3.25,50.09,65.77,136.43,78.4,77.13,13.84,13.85,11.16,29.98,77.22,8.12,67.24,68.46,75.13,62.78,75.95,50.09,20.0,51.31,94.43,27.0,18.13,12.94,79.24,77.87,75.1,11.55,13.4,93.42,95.57,5.03,3.44,78.99,75.44,95.89,4.95,3.13,75.03,74.48,67.6,67.65,72.46,78.47,76.06,64.31,72.63,80.91,79.32,72.46,2.4,13.3,75.36,50.63,79.75,79.16,79.16,78.54,78.42,81.64,82.41,82.15,81.93,80.58,79.96,61.77,62.6,63.47,67.42,65.08,0.87,1.76,74.53,74.33,75.48,74.94,73.64,75.12,74.59,75.52,73.94,74.15,71.7,64.98,78.56,0.33,59.41,62.83,57.29,78.59,75.77,75.24,77.48,75.58,88.44,73.33,71.57,84.28,71.82,80.84,7.32,7.37,58.15,54.02,71.9,74.12,103.02,71.78,74.75
4.54,5.51,82.85,29.18,21.51,23.95,10.29,28.74,23.42,20.9,78.82,9.51,9.61,126.68,4.38,81.69,81.95,22.63,11.32,9.81,25.8,17.77,2.77,20.98,9.15,0.38,84.48,11.52,3.6,4.15,29.08,35.16,21.47,10.88,27.0,42.31,24.81,33.28,34.78,28.18,26.18,29.74,32.77,22.32,28.07,34.22,23.75,29.05,25.07,22.99,29.66,5.96,5.39,24.9,33.08,22.74,41.08,85.0,27.79,20.09,78.41,6.74,82.81,81.11,77.88,4.84,77.38,78.79,0.0,81.27,72.25,14.84,17.9,14.02,83.39,1.92,14.02,13.02,15.68,99.36,80.1,57.04,112.13,8.74,11.09,80.08,79.29,16.03,9.37,10.07,8.74,83.03,2.49,4.75,6.24,11.25,83.78,83.78,79.3,12.74,84.26,81.77,122.36,57.84,78.38,79.74,10.1,4.61,35.74,24.6,81.74,34.25,50.91,114.6,2.61,4.8,79.39,79.39,84.73,104.3,4.81,73.85,18.1,19.66,14.32,28.2,112.8,82.98,85.26,33.65,21.1,102.54,92.47,86.04,2.34,4.77,12.57,84.65,84.73,11.64,47.46,78.66,79.25,3.32,5.63,47.77,78.59,80.58,12.51,11.96,18.79,18.84,16.36,2.52,5.96,18.09,13.12,3.62,3.27,16.36,80.99,84.63,6.19,33.15,6.32,5.73,5.73,3.2,3.41,1.34,5.13,4.86,4.64,3.29,5.11,19.44,24.11,21.14,33.69,18.21,81.24,81.2,12.01,11.8,12.96,12.41,13.21,13.38,18.49,13.69,13.51,13.55,14.78,18.3,3.22,78.64,25.34,18.34,25.16,11.29,10.77,13.48,6.05,34.22,85.24,15.89,15.01,22.41,15.72,27.8,77.09,77.14,26.98,27.37,15.8,43.66,35.93,41.32,66.81
81.96,81.53,4.36,61.15,66.25,61.03,93.58,62.4,63.01,85.17,2.51,75.0,75.1,57.17,81.72,1.34,5.55,63.02,81.03,86.42,103.07,69.32,80.88,65.26,75.85,83.09,9.52,76.73,83.29,81.5,60.36,53.41,65.75,74.75,60.58,75.18,58.36,53.16,70.92,56.47,59.96,80.02,51.8,62.7,56.36,52.47,64.64,57.79,60.04,61.4,79.95,78.13,79.23,65.79,50.25,61.84,73.94,14.3,56.83,64.84,3.84,78.36,1.67,0.34,3.86,80.18,4.94,2.13,82.86,0.0,83.95,77.08,76.41,76.95,9.09,83.41,76.86,76.07,77.86,18.71,2.89,129.15,76.01,76.06,77.51,1.77,4.13,81.59,75.91,75.61,76.05,6.04,80.68,82.09,77.86,80.97,9.48,9.48,3.73,96.03,13.56,83.31,46.18,127.01,3.8,86.92,78.14,80.12,108.29,101.86,1.39,52.5,68.39,134.56,80.81,79.54,16.46,16.47,9.29,28.12,79.63,10.74,69.65,70.87,77.54,65.19,74.08,48.22,21.54,53.72,96.84,25.2,16.27,13.58,81.65,80.27,77.5,12.18,14.03,95.83,97.98,3.68,2.1,81.4,77.84,98.29,3.61,1.79,77.44,76.89,70.01,70.06,74.87,80.88,78.47,66.72,75.04,83.32,81.72,74.87,1.07,13.93,77.77,53.04,82.16,81.57,81.57,80.94,80.82,84.05,84.82,84.55,84.34,82.99,82.37,64.18,65.01,65.88,69.83,67.49,1.75,0.43,76.94,76.73,77.89,77.34,76.05,77.52,77.0,77.93,76.35,76.55,74.1,67.39,80.97,2.46,61.81,65.24,59.7,81.0,78.18,77.65,79.89,77.98,91.06,75.74,73.98,86.69,74.22,83.25,9.93,9.98,60.56,56.43,74.31,76.52,105.43,74.18,77.36
84.43,84.01,90.1,78.67,70.97,63.18,90.07,60.46,63.91,63.57,88.47,74.34,74.45,148.63,84.19,86.98,91.29,67.48,73.21,78.18,100.28,72.72,83.36,67.91,75.17,82.26,95.15,70.57,85.76,83.97,63.68,47.04,68.39,77.22,73.36,52.3,63.14,46.88,55.26,64.41,62.7,61.22,48.55,67.17,64.31,46.91,64.01,65.29,63.44,63.96,61.15,77.63,77.07,63.8,48.54,67.7,50.97,100.27,65.27,69.56,93.69,80.84,87.32,86.53,84.01,78.56,92.66,84.92,82.03,86.32,0.0,69.97,73.12,69.84,98.67,85.88,68.73,69.42,69.37,102.86,88.8,131.82,186.91,75.76,70.97,86.55,94.57,65.8,78.38,81.57,75.76,91.78,83.15,84.56,77.6,73.14,99.06,99.06,85.44,91.99,99.53,5.27,137.63,132.62,93.66,3.0,73.33,82.59,80.84,99.08,87.03,45.7,25.48,189.39,83.28,82.01,85.52,85.53,94.92,119.57,82.1,79.99,73.06,70.99,68.39,59.27,187.58,139.68,91.4,47.15,67.56,108.67,101.9,101.32,84.12,82.75,70.79,99.93,100.01,88.24,32.87,93.94,88.06,79.91,80.31,33.19,93.86,87.7,69.95,69.63,73.75,73.8,71.57,79.7,76.55,75.45,73.39,85.79,80.54,71.57,88.11,99.91,76.93,47.02,84.63,84.04,84.04,79.34,83.3,85.53,87.29,87.03,86.81,85.46,84.84,68.9,61.83,70.6,54.33,69.05,85.87,86.62,70.23,70.02,70.4,70.26,70.85,70.41,73.7,70.82,69.42,69.32,73.63,68.95,79.37,84.78,61.97,69.54,64.15,73.13,71.63,68.44,77.18,59.75,7.13,75.27,73.12,60.28,72.63,56.75,83.23,83.28,73.34,65.27,72.66,54.89,77.98,51.21,14.22
16.4,15.98,76.4,22.73,10.65,13.08,28.02,17.88,12.55,11.9,72.36,5.75,5.85,126.89,16.16,75.23,75.49,11.76,9.44,14.82,37.51,6.9,15.33,9.07,7.42,17.54,78.02,4.22,17.73,15.94,18.21,24.29,9.55,9.19,20.54,31.45,13.95,22.41,23.92,17.31,15.31,20.74,21.9,11.45,17.21,23.36,12.88,18.19,14.21,12.12,20.67,10.24,9.34,14.03,22.21,11.88,30.21,78.54,16.93,9.22,71.96,12.81,76.35,74.66,71.42,10.83,70.93,72.33,17.3,74.82,63.26,0.0,3.14,3.68,76.94,17.85,4.36,3.56,4.6,92.91,73.65,68.75,123.83,10.5,4.44,73.62,72.84,7.15,10.36,13.54,10.5,76.58,15.12,16.53,12.3,9.37,77.33,77.33,72.85,30.47,77.8,72.78,115.9,69.54,71.92,70.74,5.61,14.56,40.94,36.3,75.28,23.38,41.92,126.31,15.25,13.98,72.93,72.94,78.27,97.84,14.07,67.4,7.23,8.79,5.03,17.34,124.5,117.95,78.81,22.78,18.33,96.08,86.02,79.59,16.09,14.72,5.0,78.19,78.27,30.27,38.46,72.2,72.79,12.19,12.29,38.78,72.13,74.13,4.93,4.39,7.93,7.98,1.6,11.98,8.83,11.65,3.42,17.76,12.82,1.6,74.54,78.17,9.53,22.28,16.6,16.01,16.01,11.62,15.27,18.49,19.26,19.0,18.78,17.43,16.81,8.58,13.25,10.28,22.83,6.84,74.78,74.74,4.44,4.23,5.38,4.84,3.55,3.72,3.73,4.02,3.85,4.05,3.66,6.09,11.64,72.19,14.48,6.97,14.29,9.41,4.63,5.15,9.45,25.23,76.25,5.3,3.15,13.42,2.65,18.8,70.64,70.69,20.53,16.5,2.69,27.94,38.08,30.45,57.82
17.3,16.88,77.3,23.63,11.55,13.98,28.92,18.78,13.45,8.99,73.26,6.39,6.49,127.79,17.06,76.13,76.39,12.66,10.19,15.1,38.41,7.8,16.23,9.97,8.06,18.44,78.92,3.22,18.63,16.84,19.11,25.19,10.45,10.09,21.44,27.28,14.85,23.31,24.82,18.21,16.21,17.83,22.8,12.35,18.11,24.26,13.78,19.09,15.11,13.02,17.76,10.88,10.1,14.93,23.12,12.78,27.15,79.44,17.83,10.12,72.86,13.71,77.25,75.56,72.32,11.59,71.83,73.23,18.2,75.72,60.35,0.9,0.0,0.76,77.84,18.75,3.31,2.51,1.68,93.81,74.55,69.65,124.73,8.97,4.0,74.52,73.74,5.41,11.13,14.44,8.96,77.48,16.02,17.43,10.84,10.13,78.23,78.23,73.75,31.37,78.7,69.87,116.8,70.44,72.82,67.83,6.36,15.46,38.02,37.2,76.18,24.29,39.01,127.21,16.15,14.88,73.83,73.84,79.17,98.74,14.97,68.3,8.14,9.69,4.0,18.24,125.4,118.85,79.71,23.68,17.32,96.98,86.92,80.49,16.99,15.62,3.99,79.09,79.17,31.17,35.55,73.1,73.69,12.94,13.19,35.86,73.03,75.03,3.93,3.38,8.83,8.88,2.5,12.73,9.58,12.55,4.32,18.66,13.58,2.5,75.44,79.07,10.17,23.19,17.5,16.91,16.91,12.37,16.17,19.39,20.16,19.9,19.68,18.33,17.71,9.48,14.15,11.18,23.73,7.74,75.68,75.64,3.43,3.22,4.37,3.83,1.78,1.34,0.59,1.75,2.8,3.05,4.56,5.74,12.4,73.09,15.38,7.87,15.19,10.16,4.66,4.15,10.21,22.32,73.34,6.2,4.05,10.5,3.55,15.89,71.54,71.59,21.43,17.4,3.59,25.02,35.16,28.57,54.9
16.48,16.05,77.41,23.74,11.66,14.09,28.09,18.89,13.56,9.16,73.37,5.69,5.79,127.9,16.24,76.24,76.5,12.77,9.49,14.4,37.58,7.91,15.4,10.08,7.35,17.61,79.03,2.51,17.81,16.01,19.22,25.3,10.56,9.27,21.55,27.45,14.96,23.42,24.93,18.32,16.32,18.0,22.91,12.46,18.22,24.37,13.89,19.2,15.22,13.13,17.93,10.17,9.39,15.04,23.23,12.89,27.32,79.55,17.94,10.23,72.97,12.88,77.36,75.67,72.43,10.88,71.94,73.34,17.38,75.83,60.52,1.01,4.15,0.0,77.95,17.92,2.6,1.81,1.85,93.92,74.66,68.82,123.91,8.26,3.3,74.63,73.85,5.39,10.43,13.62,8.26,77.59,15.2,16.61,10.14,9.42,78.34,78.34,73.86,30.54,78.81,70.04,116.91,69.62,72.93,68.0,5.66,14.63,38.19,36.38,76.29,24.4,39.18,126.38,15.33,14.06,73.94,73.95,79.28,98.85,14.15,68.41,8.25,9.8,3.28,18.35,124.58,118.96,79.82,23.79,16.62,97.09,87.03,80.6,16.17,14.79,3.29,79.2,79.28,30.35,35.72,73.21,73.8,12.24,12.36,36.04,73.14,75.14,3.22,2.68,8.94,8.99,2.61,12.03,8.88,12.66,4.43,17.84,12.87,2.61,75.55,79.18,9.47,23.3,16.67,16.09,16.09,11.66,15.34,18.57,19.34,19.07,18.85,17.5,16.89,9.59,14.26,11.29,23.84,7.85,75.79,75.75,2.72,2.52,3.67,3.13,1.07,0.64,4.74,1.04,2.09,2.35,4.67,7.1,11.69,73.2,15.49,7.98,15.3,9.46,3.96,3.45,9.5,22.49,73.51,6.31,4.16,10.68,3.66,16.06,71.65,71.7,21.54,17.51,3.7,25.19,35.33,28.74,55.08
83.86,83.44,8.38,63.05,68.15,62.94,95.48,64.3,64.92,87.08,7.21,76.9,77.0,50.75,83.62,10.08,6.91,64.92,82.93,88.32,104.97,71.22,82.79,67.17,77.75,85.0,6.78,78.63,85.2,83.4,62.26,55.31,67.65,76.65,62.48,77.08,60.27,55.07,72.82,58.38,61.86,81.93,53.7,64.61,58.27,54.38,66.55,59.69,61.94,63.3,81.85,80.03,81.13,67.69,52.16,63.74,75.85,6.94,58.74,66.74,8.62,80.27,8.96,9.51,12.28,82.08,7.59,11.92,84.76,9.67,90.75,78.99,78.32,78.85,0.0,85.31,78.76,77.97,79.77,27.68,9.72,122.74,69.59,77.96,79.42,10.1,9.5,83.49,77.81,77.51,77.96,8.0,82.59,83.99,79.76,82.87,2.16,2.16,12.32,97.93,6.2,90.11,39.76,120.6,8.59,93.73,80.05,82.02,110.19,103.77,10.13,54.4,93.16,128.15,82.72,81.44,23.26,23.27,7.03,21.7,81.53,17.54,71.55,72.78,79.44,67.1,67.66,41.81,28.34,55.62,98.74,34.17,13.18,6.48,83.55,82.18,79.41,5.08,6.67,97.73,99.88,6.11,7.64,83.3,79.75,100.2,6.12,9.15,79.34,78.8,71.91,71.96,76.77,82.78,80.37,68.62,76.94,85.22,83.63,76.77,9.39,6.57,79.67,54.94,84.06,83.48,83.48,82.85,82.73,85.95,86.72,86.46,86.24,84.89,84.27,66.09,66.91,67.78,71.73,69.39,10.78,9.59,78.84,78.64,79.79,79.25,77.95,79.43,78.9,79.83,78.25,78.46,76.01,69.3,82.87,11.78,63.72,67.14,61.6,82.9,80.08,79.55,81.79,79.89,97.86,77.65,75.88,88.59,76.13,85.16,16.74,16.79,62.46,58.33,76.21,78.43,107.33,76.09,84.16
2.93,5.56,83.38,29.71,22.04,24.47,10.38,29.27,23.94,22.68,79.34,11.93,12.03,127.21,4.9,82.21,82.47,23.16,13.1,11.59,26.33,18.3,2.68,21.51,11.02,1.56,85.0,13.3,3.1,4.68,29.61,35.69,21.99,11.41,27.52,42.84,25.34,33.8,35.31,28.71,26.71,35.95,33.29,22.84,28.6,34.75,24.27,29.58,25.6,23.52,35.87,7.74,7.17,25.42,33.61,23.27,41.6,85.52,28.32,20.62,78.94,7.27,83.33,81.64,78.4,6.62,77.91,79.31,1.93,81.8,77.05,19.1,18.43,17.64,83.92,0.0,17.64,16.64,19.88,99.89,80.63,57.57,112.65,9.27,12.87,80.6,79.82,17.82,9.89,10.6,9.26,83.56,3.09,4.99,7.71,13.03,84.31,84.31,79.83,12.83,84.78,86.57,82.99,58.36,78.91,84.54,11.88,5.13,35.83,25.13,82.27,34.78,55.71,115.13,3.57,5.33,79.91,79.92,85.26,104.82,5.23,74.38,18.63,20.18,16.1,28.73,113.32,83.03,85.79,34.17,22.15,103.06,93.0,86.57,2.23,5.29,14.36,85.18,85.25,11.73,49.24,79.18,79.78,5.1,7.41,49.55,79.11,81.11,14.29,13.74,19.32,19.37,16.88,4.3,7.74,18.62,15.54,3.12,5.05,16.88,81.52,85.15,7.97,33.68,6.36,5.78,5.78,4.98,3.93,1.22,4.62,4.36,4.14,2.79,5.64,19.97,24.64,21.67,34.22,18.74,81.77,81.72,13.79,13.58,14.74,14.2,16.83,17.0,19.02,17.3,17.13,17.1,15.31,18.83,5.01,79.17,25.87,18.86,25.68,13.07,12.55,15.26,7.83,39.02,90.04,16.41,15.54,24.19,16.24,29.58,77.62,77.67,27.51,27.9,16.33,44.18,36.02,41.85,71.61
16.27,15.85,77.6,23.93,14.39,16.83,27.89,21.62,16.3,9.43,73.56,5.99,6.1,128.1,16.03,76.43,76.69,15.51,10.45,15.03,37.38,10.65,15.2,12.82,7.66,17.4,79.22,2.82,17.6,15.81,21.96,28.04,13.3,9.06,21.74,27.71,17.69,26.16,27.66,21.06,19.06,18.27,25.65,15.19,20.95,27.1,16.63,21.93,17.95,15.87,18.19,10.48,9.7,17.78,25.96,15.62,27.59,79.74,20.67,12.97,73.16,12.67,77.55,75.86,72.62,11.19,72.13,73.53,17.17,76.02,60.78,3.74,5.12,2.92,78.14,17.72,0.0,1.26,4.59,94.11,74.85,68.61,123.7,10.37,3.61,74.82,74.04,4.56,10.22,13.41,10.36,77.78,14.99,16.4,12.17,10.39,78.53,78.53,74.05,30.34,79.0,70.3,117.1,69.41,73.13,68.27,5.96,14.43,38.46,36.17,76.48,27.13,39.44,126.18,15.12,13.85,74.13,74.14,79.48,99.04,13.94,68.6,10.98,12.54,2.45,21.08,124.37,119.15,80.01,26.53,16.93,97.28,87.22,80.79,15.96,14.59,3.59,79.39,79.47,30.14,35.99,73.4,73.99,12.54,12.15,36.3,73.33,75.33,3.35,3.02,11.67,11.72,5.34,12.33,9.18,12.83,6.76,17.63,13.18,5.34,75.74,79.37,9.77,26.03,16.47,15.88,15.88,11.97,15.14,18.36,19.13,18.86,18.65,17.3,16.68,12.32,16.99,14.02,26.57,10.59,75.99,75.94,3.03,2.82,3.8,3.66,2.12,2.29,5.7,2.59,1.26,1.54,7.4,9.05,12.0,73.39,18.22,10.71,18.04,9.94,4.27,2.64,9.81,22.75,73.77,9.04,6.89,10.94,6.4,16.33,71.84,71.89,21.73,20.25,6.43,25.46,35.6,29.01,55.34
15.27,14.84,76.59,22.92,13.39,15.82,26.88,20.62,15.29,8.7,72.56,4.79,4.9,127.09,15.02,75.43,75.69,14.5,9.45,14.02,36.37,9.64,14.19,11.81,6.46,16.4,78.22,1.62,16.6,14.8,20.95,27.03,12.29,8.06,20.74,26.99,16.69,25.15,26.66,20.05,18.05,17.54,24.64,14.19,19.95,26.1,15.62,20.93,16.95,14.86,17.47,9.28,8.5,16.77,24.95,14.62,26.86,78.74,19.67,11.96,72.15,11.67,76.55,74.85,71.62,9.99,71.13,72.53,16.16,75.01,60.06,2.74,4.11,1.92,77.13,16.71,1.05,0.0,3.58,93.11,73.84,67.61,122.69,9.36,2.41,73.82,73.03,3.84,9.22,12.4,9.36,76.77,13.99,15.39,11.16,9.38,77.52,77.52,73.04,29.33,78.0,69.58,116.1,68.4,72.12,67.54,4.76,13.42,37.73,35.17,75.48,26.12,38.72,125.17,14.12,12.84,73.13,73.13,78.47,98.04,12.94,67.59,9.97,11.53,1.72,20.08,123.37,118.14,79.0,25.52,15.7,96.28,86.21,79.78,14.95,13.58,2.4,78.39,78.47,29.14,35.26,72.4,72.99,11.34,11.15,35.57,72.33,74.32,2.6,2.27,10.66,10.72,4.34,11.13,7.98,11.83,5.57,16.62,11.98,4.34,74.73,78.37,8.57,25.02,15.46,14.88,14.88,10.77,14.13,17.35,18.12,17.86,17.64,16.29,15.68,11.32,15.99,13.02,25.57,9.58,74.98,74.94,1.83,1.62,3.05,2.24,1.11,1.28,4.7,1.58,0.54,0.79,6.4,8.05,10.8,72.38,17.22,9.71,17.03,8.94,3.07,1.89,8.61,22.03,73.05,8.04,5.89,10.21,5.39,15.6,70.83,70.88,20.72,19.24,5.43,24.73,34.87,28.28,54.61
18.67,18.25,78.67,25.0,12.92,15.35,30.29,20.15,14.82,7.31,74.63,7.76,7.86,129.16,18.43,77.5,77.76,14.03,11.56,15.75,39.78,9.17,17.6,11.34,9.42,19.8,80.29,4.58,20.0,18.21,20.48,26.56,11.82,11.46,22.81,25.59,16.22,24.68,26.19,19.58,17.58,16.15,24.17,13.72,19.48,25.63,15.15,20.46,16.48,14.39,16.07,12.25,11.47,16.3,24.48,14.15,25.47,80.81,19.2,11.49,74.23,15.08,78.62,76.93,73.69,12.95,73.2,74.6,19.57,77.09,58.67,2.27,5.41,2.13,79.21,20.12,3.17,3.88,0.0,95.18,75.91,71.01,126.1,10.34,5.37,75.89,75.11,3.73,12.5,15.81,10.33,78.85,17.39,18.8,12.21,11.49,79.6,79.6,75.12,32.74,80.07,68.18,118.17,71.81,74.19,66.15,7.73,16.83,36.34,38.57,77.55,25.65,37.32,128.58,17.52,16.25,75.2,75.21,80.54,100.11,16.34,69.67,9.5,11.06,2.32,19.61,126.77,120.22,81.07,25.05,17.6,98.35,88.28,81.86,18.36,16.99,5.36,80.46,80.54,32.54,33.87,74.47,75.06,14.31,14.55,34.18,74.4,76.4,4.39,4.07,10.19,10.25,3.87,14.1,10.95,13.92,5.69,20.03,14.94,3.87,76.81,80.44,11.54,24.55,18.87,18.28,18.28,13.74,17.54,20.76,21.53,21.27,21.05,19.7,19.08,10.85,15.51,12.55,25.1,9.11,77.05,77.01,4.8,4.59,4.84,4.7,3.14,2.71,6.0,3.12,3.86,3.76,5.93,8.36,13.77,74.46,16.75,9.24,16.56,11.53,6.03,2.88,11.58,20.63,71.66,7.57,5.42,8.82,4.92,14.21,72.91,72.96,22.8,18.77,4.96,23.34,33.48,26.89,53.22
102.23,101.8,21.05,81.42,86.52,81.3,113.84,82.67,83.28,105.44,23.77,95.26,95.37,67.96,101.98,24.1,22.24,83.28,101.3,106.68,123.33,89.58,101.15,85.53,96.11,103.36,25.16,96.99,103.56,101.76,80.63,73.68,86.01,95.02,80.84,95.45,78.63,73.43,91.18,76.74,80.22,100.29,72.06,82.97,76.63,72.74,84.91,78.06,80.31,81.66,100.22,98.39,99.5,86.06,70.52,82.1,94.21,39.9,77.1,85.11,28.75,98.63,21.79,23.53,26.18,100.44,26.08,26.48,103.12,23.69,102.78,97.35,96.68,97.21,28.75,103.67,97.13,96.33,98.13,0.0,22.55,139.94,86.8,96.32,97.78,24.12,29.04,101.86,96.18,95.87,96.32,22.74,100.95,102.35,98.12,101.23,31.45,31.45,27.0,116.29,39.16,102.14,56.97,137.8,28.71,105.75,98.41,100.38,128.56,122.13,24.15,72.77,87.21,145.35,101.08,99.81,22.49,22.49,25.04,38.9,99.9,29.57,89.91,91.14,97.8,85.46,84.87,59.01,20.74,73.99,117.1,9.13,27.06,36.73,101.92,100.54,97.77,34.34,39.64,116.1,118.25,23.79,23.35,101.66,98.11,118.56,23.79,21.98,97.71,97.16,90.27,90.32,95.13,101.15,98.74,86.98,95.31,103.58,101.99,95.13,23.41,39.54,98.04,73.31,102.42,101.84,101.84,101.21,101.09,104.31,105.09,104.82,104.6,103.25,102.64,84.45,85.27,86.15,90.09,87.76,27.43,23.61,97.21,97.0,98.15,97.61,96.32,97.79,97.27,98.2,96.62,96.82,94.37,87.66,101.24,26.34,82.08,85.5,79.97,101.27,98.44,97.92,100.16,98.25,109.89,96.01,94.25,106.95,94.49,103.52,28.76,28.81,80.83,76.7,94.57,96.79,125.7,94.45,96.19
79.07,78.65,3.93,58.26,63.36,58.14,90.69,59.51,60.13,82.29,2.33,72.11,72.21,59.13,78.83,5.2,4.73,60.13,78.14,83.53,100.18,66.43,78.0,62.38,72.96,80.21,7.26,73.84,80.4,78.61,57.47,50.52,62.86,71.86,57.69,72.29,55.47,50.28,68.03,53.58,57.07,77.14,48.91,59.81,53.47,49.58,61.75,54.9,57.15,58.51,77.06,75.24,76.34,62.9,47.37,58.95,71.06,13.1,53.94,61.95,4.56,75.48,4.12,4.62,7.43,77.29,3.53,6.28,79.97,4.78,91.61,74.19,73.52,74.06,6.2,80.52,73.97,73.18,74.98,20.67,0.0,131.11,77.97,73.17,74.63,5.22,5.43,78.7,73.02,72.72,73.17,5.62,77.79,79.2,74.97,78.08,6.59,6.59,7.48,93.14,12.35,90.97,48.14,128.97,4.52,94.58,75.26,77.23,105.4,98.97,5.25,49.61,88.37,136.52,77.92,76.65,18.42,18.43,7.51,30.08,76.74,12.7,66.76,67.98,74.65,62.3,76.04,50.18,23.5,50.83,93.95,27.16,18.23,12.33,78.76,77.39,74.62,10.93,12.83,92.94,95.09,1.23,2.76,78.51,74.95,95.41,1.24,4.1,74.55,74.0,67.12,67.17,71.98,77.99,75.58,63.83,72.15,80.43,78.83,71.98,4.5,12.73,74.88,50.15,79.27,78.68,78.68,78.06,77.94,81.16,81.93,81.67,81.45,80.1,79.48,61.29,62.12,62.99,66.94,64.6,5.9,4.71,74.05,73.85,75.0,74.46,73.16,74.64,74.11,75.04,73.46,73.66,71.21,64.5,78.08,6.94,58.93,62.35,56.81,78.11,75.29,74.76,77.0,75.1,98.72,72.85,71.09,83.8,71.34,80.36,11.89,11.94,57.67,53.54,71.42,73.64,102.54,71.3,85.02
55.94,57.44,127.76,80.72,73.05,75.49,47.29,80.28,74.96,78.2,131.24,62.94,63.04,73.44,55.91,131.58,126.32,74.17,65.81,59.55,50.29,69.31,55.63,72.52,62.03,57.84,121.54,67.35,57.28,55.69,80.62,86.7,73.01,62.42,78.54,93.85,76.35,84.81,86.32,79.72,77.72,82.14,84.31,73.85,79.61,85.76,75.29,80.59,76.61,74.53,82.06,58.99,60.1,76.43,84.62,74.28,92.62,127.37,79.33,71.63,129.95,58.28,129.26,131.0,132.26,58.97,128.92,131.9,57.6,131.16,123.25,70.11,69.44,68.65,125.4,58.15,68.65,67.65,70.89,136.26,130.03,0.0,58.88,60.28,66.92,131.59,130.83,71.44,60.91,61.61,60.28,127.41,55.43,56.28,58.72,65.74,125.03,125.03,132.3,46.76,126.62,132.76,83.31,2.43,129.92,130.73,63.56,56.15,74.92,49.09,131.63,85.79,101.9,62.82,55.56,56.34,130.92,130.93,121.42,106.37,56.25,125.39,69.64,71.19,69.32,79.74,59.55,85.35,136.8,85.19,69.08,142.75,114.18,129.67,56.4,56.3,68.41,124.94,127.1,49.01,98.83,131.26,130.83,57.34,58.71,99.14,131.27,129.46,68.34,67.8,70.33,70.38,67.9,56.55,60.67,69.63,66.56,57.3,57.29,67.9,130.88,127.0,59.23,84.69,58.25,57.67,57.67,57.22,54.66,57.55,52.98,58.54,58.32,56.97,57.26,70.98,75.65,72.68,85.23,69.75,132.77,131.09,67.84,67.64,68.79,68.25,67.84,68.01,70.03,68.31,68.14,68.11,66.32,69.84,57.25,131.76,76.88,69.88,76.69,65.78,65.14,69.31,60.76,85.21,136.24,67.42,66.55,79.72,67.25,82.22,136.72,136.77,78.52,78.91,67.34,87.92,75.11,92.86,117.8
110.35,111.85,73.94,135.12,127.45,129.89,101.69,134.68,129.36,132.61,77.43,117.34,117.44,19.62,110.32,77.77,72.51,128.57,120.21,113.95,104.69,123.71,110.03,126.93,116.44,112.24,67.72,121.76,111.68,110.09,135.02,124.4,127.41,116.82,132.94,148.25,130.75,124.15,140.72,134.12,132.12,136.54,122.79,128.26,134.01,123.46,129.69,135.0,131.01,128.93,136.47,113.39,114.5,130.84,121.24,128.69,147.02,73.55,133.73,126.03,80.68,112.68,75.45,77.19,78.44,113.37,80.35,78.09,112.01,77.35,177.65,124.51,123.84,123.05,71.59,112.55,123.05,122.05,125.3,82.45,76.22,58.93,0.0,114.68,121.33,77.78,80.97,125.84,115.31,116.01,114.68,73.6,109.83,110.69,113.13,120.15,71.22,71.22,78.49,101.16,72.81,187.17,29.5,56.79,80.65,185.13,117.96,110.55,129.33,103.49,77.82,123.49,156.31,64.34,109.96,110.75,89.43,89.44,67.61,52.56,110.65,83.71,124.04,125.6,123.73,134.14,3.77,31.54,94.5,124.71,123.48,88.94,60.37,75.86,110.8,110.71,122.81,71.13,73.29,103.41,153.23,77.45,77.02,111.75,113.11,153.55,77.46,75.64,122.75,122.2,124.73,124.78,122.3,110.95,115.07,124.03,120.96,111.7,111.7,122.3,77.07,73.19,113.63,124.03,112.65,112.07,112.07,111.63,109.06,111.96,107.38,112.94,112.72,111.37,111.66,125.38,130.05,127.08,139.63,124.15,78.96,77.27,122.25,122.04,123.19,122.65,122.24,122.42,124.43,122.72,122.54,122.51,120.72,124.24,111.65,77.95,131.28,124.28,131.1,120.18,119.55,123.72,115.16,139.62,190.64,121.83,120.95,134.12,121.66,136.62,82.9,82.95,132.92,133.31,121.74,142.32,129.52,147.26,172.2
7.96,7.54,76.81,23.14,15.47,17.91,19.58,22.7,17.38,15.17,72.77,3.27,3.37,129.95,7.72,75.65,75.91,16.59,5.83,11.22,29.07,11.73,6.89,14.94,2.37,9.1,78.44,5.79,9.29,7.5,23.04,29.12,15.43,3.26,20.96,36.27,18.77,27.24,28.74,22.14,20.14,24.01,26.73,16.27,22.03,28.18,17.71,23.01,19.03,16.95,23.94,2.72,3.0,18.86,27.04,16.7,35.04,78.96,21.75,14.05,72.37,4.36,76.77,75.07,71.84,4.49,71.34,72.75,8.86,75.23,66.53,9.8,9.36,8.98,77.35,9.41,8.98,7.98,10.64,93.32,74.06,60.31,115.39,0.0,5.36,74.04,73.25,10.31,3.23,4.97,0.26,76.99,6.68,8.09,2.69,5.77,77.74,77.74,73.26,22.03,78.21,76.05,116.32,61.1,72.34,74.01,3.58,6.12,40.35,27.86,75.7,28.21,45.19,117.87,6.81,5.54,73.35,73.35,78.69,98.26,5.63,67.81,12.06,13.62,8.6,22.16,116.06,80.16,79.22,27.61,19.58,96.49,86.43,80.0,7.65,6.28,6.85,78.61,78.69,21.83,41.73,72.62,73.21,6.21,3.78,42.05,72.55,74.54,6.78,6.24,12.75,12.8,9.0,5.69,2.71,12.05,6.89,9.32,6.53,9.0,74.95,78.59,2.01,27.11,8.16,7.57,7.57,5.75,6.83,10.05,10.82,10.56,10.34,8.99,8.37,13.4,18.07,15.1,27.65,11.17,75.2,75.16,6.28,6.08,7.23,6.69,8.17,8.34,9.95,8.65,8.47,8.44,7.24,11.13,5.78,72.6,19.3,11.3,19.12,5.8,5.48,7.75,4.2,28.5,79.52,8.22,7.65,16.69,8.35,22.07,71.05,71.1,20.94,21.33,7.08,37.62,34.09,35.28,61.09
13.55,13.12,78.3,24.64,13.96,15.99,25.17,21.19,15.2,10.28,74.27,3.84,3.95,128.8,13.31,77.14,77.4,14.92,6.66,12.05,34.66,10.22,12.47,12.7,4.66,11.76,79.93,0.9,14.88,13.09,20.86,27.61,13.18,6.34,22.45,28.57,17.26,25.73,27.23,20.63,17.96,19.12,25.22,14.61,20.52,26.67,16.2,21.5,17.52,14.77,19.05,7.13,6.57,17.35,25.53,14.53,28.44,80.45,20.24,12.54,73.87,9.95,78.26,76.56,73.33,8.06,72.84,74.24,11.53,76.72,61.64,4.22,4.99,3.4,78.84,13.3,3.4,2.41,5.07,94.82,75.55,65.89,120.98,5.26,0.0,75.53,74.75,5.42,7.68,10.39,5.26,78.49,12.27,13.68,7.1,6.6,79.23,79.23,74.75,27.62,79.71,71.16,117.81,66.69,73.83,69.12,2.83,11.71,39.31,33.45,77.19,26.7,40.3,123.46,12.4,11.13,74.84,74.84,80.18,99.75,11.22,69.3,10.55,12.11,3.71,20.65,121.65,119.85,80.71,26.1,17.15,97.99,87.92,81.5,13.24,11.86,1.96,80.1,80.18,21.99,36.84,74.11,74.7,9.41,8.19,37.15,74.04,76.03,1.89,1.35,11.24,11.29,4.91,9.2,6.05,13.54,5.12,14.91,10.04,4.91,76.44,80.08,6.43,25.6,13.74,13.16,13.16,8.84,12.41,12.72,16.41,16.14,15.93,14.58,13.96,11.89,16.56,13.59,26.14,10.47,76.69,76.65,1.39,1.19,2.34,1.8,2.6,2.77,5.57,3.07,2.89,2.94,6.53,8.93,8.87,74.1,17.13,10.6,17.61,6.63,0.89,2.86,6.68,23.61,74.63,7.52,6.46,11.79,5.97,17.18,72.55,72.6,22.44,19.82,5.1,26.31,36.45,29.86,56.19
79.1,78.68,5.95,58.29,63.39,58.17,90.72,59.54,60.16,82.31,2.79,72.14,72.24,58.76,78.86,2.93,7.14,60.16,78.17,83.56,100.21,66.46,78.03,62.41,72.99,80.23,11.11,73.87,80.43,78.64,57.5,50.55,62.89,71.89,57.72,72.32,55.5,50.31,68.06,53.61,57.1,77.17,48.94,59.84,53.5,49.61,61.78,54.93,57.18,58.54,77.09,75.27,76.37,62.93,47.39,58.98,71.08,13.22,53.97,61.98,2.14,75.5,3.27,1.59,3.27,77.32,3.48,1.55,80.0,1.75,82.49,74.22,73.55,74.09,9.37,80.55,74.0,73.21,75.01,20.3,3.17,130.75,77.6,73.2,74.66,0.0,2.43,78.73,73.05,72.75,73.19,7.64,77.82,79.23,75.0,78.11,9.76,9.76,3.15,93.17,12.47,81.85,47.77,128.61,2.1,85.46,75.29,77.26,105.43,99.0,2.98,49.64,66.92,136.16,77.95,76.68,15.0,15.01,10.89,29.71,76.77,9.28,66.79,68.01,74.68,62.33,75.67,49.82,21.16,50.86,93.98,28.16,17.86,12.49,78.79,77.42,74.65,11.1,12.95,92.97,95.12,3.96,2.38,78.54,74.98,95.44,3.89,2.07,74.58,74.03,67.15,67.2,72.01,78.02,75.61,63.86,72.18,80.46,78.86,72.01,1.34,12.85,74.91,50.18,79.3,78.71,78.71,78.08,77.97,81.19,81.96,81.69,81.48,80.13,79.51,61.32,62.15,63.02,66.97,64.63,1.17,1.68,74.08,73.87,75.03,74.49,73.19,74.67,74.14,75.07,73.49,73.69,71.24,64.53,78.11,1.87,58.96,62.38,56.84,78.14,75.32,74.79,77.03,75.12,89.6,72.88,71.12,83.83,71.36,80.39,8.47,8.52,57.7,53.57,71.45,73.66,102.57,71.32,75.9
78.15,77.72,8.51,57.34,62.44,57.22,89.76,58.59,59.2,81.36,2.73,71.18,71.29,65.67,77.91,5.49,7.54,59.2,77.22,82.61,99.25,65.5,77.07,61.45,72.04,79.28,10.07,72.91,79.48,77.68,56.55,49.6,61.93,70.94,56.76,71.37,54.55,49.35,67.11,52.66,56.14,76.21,47.99,58.89,52.55,48.66,60.83,53.98,56.23,57.58,76.14,74.31,75.42,61.98,46.44,58.03,70.13,12.26,53.02,61.03,1.11,74.55,5.83,4.16,4.42,76.36,2.53,3.07,79.05,4.32,90.68,73.27,72.6,73.13,8.98,79.59,73.05,72.25,74.05,22.86,5.73,137.65,84.51,72.24,73.7,2.63,0.0,77.78,72.1,71.8,72.24,10.2,76.87,78.28,74.05,77.15,9.37,9.37,4.67,92.21,11.52,90.04,54.68,135.51,1.08,93.66,74.33,76.3,104.48,98.05,5.54,48.69,87.44,143.07,77.0,75.73,16.15,16.15,10.32,36.62,75.82,10.42,65.84,67.06,73.72,61.38,82.58,56.72,22.3,49.91,93.02,29.3,20.42,11.54,77.84,76.46,73.69,10.14,11.99,92.02,94.17,4.15,2.48,77.59,74.03,94.48,4.08,4.63,73.63,73.08,66.19,66.25,71.05,77.07,74.66,62.9,71.23,79.51,77.91,71.05,3.9,11.89,73.96,49.23,78.34,77.76,77.76,77.13,77.01,80.24,81.01,80.74,80.52,79.17,78.56,60.37,61.19,62.07,66.01,63.68,3.79,4.24,73.13,72.92,74.07,73.53,72.24,73.71,73.19,74.12,72.54,72.74,70.29,63.58,77.16,3.4,58.0,61.43,55.89,77.19,74.36,73.84,76.08,74.17,97.8,71.93,70.17,82.87,70.41,79.44,9.62,9.67,56.75,52.62,70.49,72.71,101.62,70.37,84.1
19.04,18.61,80.37,26.7,16.34,18.78,30.66,23.57,18.25,4.86,76.33,8.95,9.05,130.86,18.8,79.2,79.46,17.46,7.82,12.45,40.15,12.6,17.96,14.76,9.77,16.87,81.99,5.18,20.37,18.58,23.91,29.99,15.25,11.83,24.51,23.15,19.64,28.1,26.0,23.01,21.01,13.7,27.6,17.14,22.9,29.05,18.58,23.88,19.9,17.82,13.63,12.24,11.68,19.72,27.91,17.57,23.02,82.51,22.62,14.92,75.93,15.44,80.32,78.63,75.39,13.16,74.9,76.3,16.64,78.79,56.22,5.69,8.84,5.56,80.91,20.48,3.34,4.03,5.09,96.88,77.62,71.38,126.47,10.37,5.58,77.59,76.81,0.0,12.99,16.18,10.37,80.55,17.76,19.17,12.2,7.75,81.3,81.3,76.82,33.11,81.77,65.74,119.87,72.18,75.89,63.7,7.94,17.2,33.89,38.94,79.25,29.08,34.88,128.95,17.89,16.62,76.9,76.91,82.24,101.81,16.71,71.37,12.93,14.48,3.0,23.03,127.14,121.92,82.78,28.48,14.54,100.05,89.99,83.56,18.73,17.35,5.4,82.16,82.24,32.91,31.42,76.17,76.76,14.52,14.92,31.74,76.1,78.1,4.56,4.24,13.62,13.67,7.29,14.31,11.16,15.6,9.53,20.4,15.15,7.29,78.51,82.14,11.53,27.98,19.23,18.65,18.65,13.95,17.9,17.82,21.9,21.63,21.42,20.07,19.45,14.27,18.94,15.97,25.8,12.54,78.75,78.71,4.84,4.63,5.01,4.87,4.89,5.06,9.42,5.36,4.03,3.93,9.35,11.79,13.97,76.16,20.17,12.66,19.98,7.74,6.24,3.05,11.78,18.19,69.21,10.99,8.84,6.38,8.35,11.76,74.61,74.66,24.5,22.2,8.38,20.89,31.03,24.44,50.78
8.44,7.51,76.35,22.68,15.01,17.44,20.05,22.24,16.91,18.26,72.31,4.89,4.99,130.42,8.2,75.18,75.44,16.12,7.96,15.57,29.54,11.26,7.36,14.48,4.18,9.57,77.97,9.31,9.77,7.97,22.57,28.65,14.96,4.37,20.49,35.81,18.31,26.77,28.28,21.67,19.67,27.1,26.26,15.81,21.57,27.72,17.24,22.55,18.57,16.48,27.02,4.85,5.71,18.39,26.57,16.24,34.57,78.49,21.29,13.58,71.91,4.34,76.3,74.61,71.37,6.65,70.88,72.28,9.34,74.77,73.23,11.42,11.4,10.6,76.89,9.88,10.6,9.6,12.85,92.86,73.59,60.78,115.87,2.43,8.88,73.57,72.79,13.39,0.0,4.7,2.42,76.53,7.16,8.57,4.33,7.89,77.28,77.28,72.8,22.5,77.75,82.74,115.85,61.58,71.87,80.71,5.71,6.59,45.93,28.34,75.23,27.74,51.88,118.34,7.29,6.02,72.88,72.89,78.22,97.79,6.11,67.35,11.59,13.15,11.28,21.7,116.54,117.9,78.75,27.14,24.34,96.03,85.96,79.54,8.13,6.75,10.36,78.14,78.22,22.31,44.82,72.15,72.74,7.24,4.32,45.13,72.08,74.08,10.3,9.75,12.28,12.34,9.85,6.72,4.84,11.58,8.51,9.8,7.57,9.85,74.49,78.12,4.14,26.64,8.13,7.55,7.55,6.79,7.3,10.53,11.3,11.03,10.81,9.46,8.85,12.94,17.61,14.64,27.19,11.71,74.73,74.69,9.8,9.59,10.75,10.2,9.79,9.97,11.98,10.27,10.09,10.06,8.27,11.8,6.82,72.14,18.84,11.83,18.65,7.93,7.29,11.27,6.37,31.58,86.22,9.38,8.51,19.77,9.21,25.16,70.59,70.64,20.48,20.86,8.7,37.15,46.12,34.81,67.78
7.65,5.78,75.31,21.64,17.44,19.87,21.17,24.67,19.34,19.44,71.27,7.32,7.42,86.15,6.07,74.14,74.4,18.55,10.09,15.6,30.66,13.69,8.48,16.91,6.32,10.69,76.93,10.06,8.98,6.29,25.0,31.08,17.39,6.26,19.45,38.24,20.74,29.2,30.71,24.1,22.1,28.28,28.69,18.24,24.0,30.15,19.67,24.98,21.0,18.91,28.2,5.6,6.7,20.82,29.01,18.67,37.0,77.45,23.72,16.01,70.87,3.89,75.26,73.57,70.33,7.65,69.84,71.24,10.45,73.73,70.79,13.85,13.83,13.03,75.85,11.0,13.03,12.03,15.28,91.82,72.56,61.9,116.98,4.56,9.63,72.53,71.75,14.57,4.38,0.0,4.56,75.49,8.28,6.07,5.33,10.03,76.24,76.24,71.76,23.62,76.71,80.31,75.16,62.69,70.84,78.28,7.85,6.23,47.05,29.46,74.2,30.18,49.45,119.46,8.41,7.13,71.84,71.85,77.19,96.75,7.22,66.31,14.03,15.58,13.71,24.13,117.65,75.19,77.72,29.57,23.84,94.99,84.93,78.5,9.24,6.39,11.11,77.11,77.19,23.43,46.0,71.12,71.71,8.24,5.32,46.31,71.04,73.04,11.05,10.5,14.72,14.77,12.28,7.72,7.28,9.65,10.94,9.0,8.57,12.28,73.45,77.09,5.83,29.08,4.53,3.74,3.74,7.79,7.05,11.64,10.51,10.24,10.02,8.67,9.97,15.37,20.04,17.07,29.62,14.14,73.7,73.65,10.55,10.34,11.5,10.95,12.22,12.4,14.41,12.7,12.52,12.49,10.7,14.23,7.81,71.1,21.27,14.26,21.08,10.07,9.43,12.02,7.37,32.76,83.78,11.81,10.94,20.95,11.64,26.34,69.55,69.6,19.44,23.29,11.13,39.58,47.24,37.24,65.35
7.97,7.54,76.82,23.15,15.47,17.91,19.58,22.7,17.38,15.18,72.78,3.27,3.38,129.95,7.72,75.65,75.91,16.59,5.83,11.22,29.07,11.73,6.89,14.95,2.37,9.1,78.44,5.8,9.3,7.5,23.04,29.12,15.43,3.26,20.96,36.28,18.78,27.24,28.75,22.14,20.14,24.02,26.73,16.28,22.03,28.19,17.71,23.02,19.04,16.95,23.94,2.72,3.0,18.86,27.04,16.71,35.04,78.96,21.76,14.05,72.38,4.37,76.77,75.07,71.84,4.49,71.35,72.75,8.86,75.23,66.53,9.8,9.36,8.98,77.35,9.41,8.98,7.99,10.65,93.33,74.06,60.31,115.4,0.0,5.37,74.04,73.26,10.31,3.23,4.97,0.0,77.0,6.69,8.09,2.69,5.77,77.74,77.74,73.27,22.03,78.22,76.05,116.32,61.1,72.34,74.02,3.59,6.12,40.35,27.87,75.7,28.21,45.19,117.87,6.82,5.54,73.35,73.35,78.69,98.26,5.64,67.81,12.06,13.62,8.6,22.16,116.07,80.17,79.22,27.61,19.58,96.5,86.43,80.01,7.66,6.28,6.85,78.61,78.69,21.84,41.74,72.62,73.21,6.21,3.78,42.05,72.55,74.54,6.79,6.24,12.75,12.81,9.0,5.69,2.72,12.05,6.89,9.32,6.54,9.0,74.95,78.59,2.02,27.11,8.16,7.58,7.58,5.76,6.83,10.05,10.82,10.56,10.34,8.99,8.38,13.41,18.07,15.1,27.65,11.18,75.2,75.16,6.29,6.08,7.24,6.69,8.18,8.35,9.95,8.65,8.47,8.44,7.24,11.13,5.78,72.61,19.31,11.3,19.12,5.8,5.48,7.76,4.21,28.5,79.52,8.22,7.65,16.69,8.36,22.08,71.06,71.11,20.95,21.33,7.08,37.62,34.1,35.28,61.09
82.85,82.42,1.57,62.04,67.14,61.92,94.47,63.29,63.9,86.06,6.11,75.89,75.99,54.61,82.61,8.01,0.95,63.91,81.92,87.31,103.96,70.21,81.77,66.15,76.74,83.98,5.99,77.62,84.18,82.39,61.25,54.3,66.64,75.64,61.47,76.07,59.25,54.05,71.81,57.36,60.85,80.91,52.69,63.59,57.25,53.36,65.53,58.68,60.93,62.29,80.84,79.01,80.12,66.68,51.14,62.73,74.83,14.5,57.72,65.73,8.33,79.25,5.7,7.43,8.69,81.07,7.3,8.34,83.75,7.59,87.16,77.97,77.3,77.84,7.6,84.29,77.75,76.96,78.75,18.65,6.46,126.6,73.45,76.95,78.4,8.03,9.21,82.48,76.8,76.5,76.94,0.0,81.57,82.98,78.75,81.85,5.67,5.67,8.73,96.92,13.75,86.53,43.62,124.45,8.3,90.14,79.03,81.01,109.18,102.75,8.06,53.39,71.6,132.01,81.7,80.43,19.68,19.68,6.25,25.56,80.52,13.96,70.54,71.76,78.42,66.08,71.52,45.66,24.75,54.61,97.72,25.14,13.71,14.03,82.54,81.16,78.39,12.64,14.23,96.72,98.87,5.01,7.26,82.29,78.73,99.18,5.02,5.89,78.33,77.78,70.89,70.95,75.76,81.77,79.36,67.6,75.93,84.21,82.61,75.76,7.31,14.13,78.66,53.93,83.04,82.46,82.46,81.83,81.71,84.94,85.71,85.44,85.23,83.88,83.26,65.07,65.89,66.77,70.72,68.38,9.21,7.52,77.83,77.62,78.78,78.23,76.94,78.41,77.89,78.82,77.24,77.44,74.99,68.28,81.86,8.19,62.7,66.13,60.59,81.89,79.07,78.54,80.78,78.87,94.28,76.63,74.87,87.58,75.11,84.14,13.15,13.2,61.45,57.32,75.2,77.41,106.32,75.07,80.58
2.5,3.46,80.81,27.14,19.47,21.9,11.93,26.7,21.37,20.37,76.77,9.35,9.46,124.64,2.33,79.64,79.9,20.58,10.78,9.28,23.76,15.72,0.72,18.94,8.45,2.01,82.43,10.99,3.83,2.11,27.03,33.11,19.42,8.84,24.95,40.27,22.77,31.23,32.74,26.13,24.13,29.21,30.72,20.27,26.03,32.18,21.7,27.01,23.03,20.94,29.13,5.43,4.86,22.85,31.03,20.7,39.03,82.95,25.75,18.04,76.37,4.7,80.76,79.07,75.83,4.31,75.34,76.74,2.39,79.23,77.69,16.53,15.86,15.06,81.35,3.24,15.06,14.07,17.31,97.32,78.05,55.0,110.08,6.7,10.56,78.03,77.25,15.5,7.32,8.03,6.69,80.99,0.0,2.7,5.14,10.72,81.74,81.74,77.26,14.38,82.21,87.2,120.31,55.79,76.33,85.17,9.56,2.56,37.38,22.55,79.69,32.2,56.34,112.56,1.0,2.76,77.34,77.35,82.68,102.25,2.66,71.81,16.05,17.61,15.74,26.16,110.75,80.93,83.21,31.6,23.55,100.49,90.42,84.0,0.97,2.72,12.04,82.6,82.68,13.28,46.93,76.61,77.2,2.79,5.12,47.24,76.54,78.54,11.98,11.43,16.74,16.8,14.31,1.99,5.43,16.04,12.97,3.85,2.74,14.31,78.95,82.58,5.66,31.1,4.27,3.69,3.69,2.67,1.36,2.98,5.36,5.09,4.87,3.52,3.06,17.4,22.07,19.1,31.65,16.17,79.19,79.15,11.48,11.27,12.43,11.88,14.26,14.43,16.44,14.73,14.55,14.52,12.73,16.26,2.69,76.6,23.3,16.29,23.11,10.76,10.24,12.95,5.52,33.69,90.68,13.84,12.97,21.88,13.67,27.27,75.05,75.1,24.94,25.32,13.75,41.61,37.57,39.27,72.24
2.75,1.74,80.44,26.77,19.1,21.54,15.51,26.33,21.01,24.25,76.4,8.99,9.09,125.88,0.56,79.28,79.54,20.22,11.86,10.88,25.0,15.36,2.68,18.57,8.08,4.89,82.06,13.4,4.08,0.78,26.67,32.75,19.05,8.47,24.59,39.9,22.4,30.86,32.37,25.77,23.77,33.09,30.36,19.9,25.66,31.81,21.34,26.64,22.66,20.58,33.02,5.04,5.57,22.48,30.67,20.33,38.67,82.58,25.38,17.68,76.0,4.33,80.4,78.7,75.46,5.02,74.97,76.37,4.65,78.86,77.32,16.16,15.49,14.7,80.98,4.99,14.7,13.7,16.94,96.95,77.69,56.24,111.32,6.33,12.97,77.66,76.88,17.49,6.96,5.72,6.33,80.62,2.48,0.0,4.77,11.79,81.37,81.37,76.89,17.96,81.84,86.84,79.18,57.03,75.97,84.8,9.61,2.19,41.39,23.8,79.33,31.84,55.98,113.8,2.6,2.39,76.97,76.98,82.32,101.88,2.29,71.44,15.69,17.24,15.37,25.79,111.99,79.21,82.85,31.24,25.15,100.12,90.06,83.63,3.44,2.35,14.46,82.24,82.32,17.77,50.81,76.25,76.84,4.39,4.76,51.12,76.17,78.17,14.39,13.85,16.38,16.43,13.95,3.59,6.14,15.68,12.61,4.11,4.34,13.95,78.58,82.22,5.27,30.74,2.55,1.97,1.97,3.91,1.85,4.36,5.61,5.34,5.13,3.78,4.31,17.03,21.7,18.73,31.28,15.8,78.83,78.78,13.89,13.69,14.84,14.3,13.89,14.06,16.08,14.36,14.19,14.16,12.37,15.89,3.93,76.23,22.93,15.92,22.74,11.83,11.19,15.36,6.23,37.58,90.31,13.47,12.6,25.77,13.3,31.15,74.68,74.73,24.57,24.96,13.39,41.25,41.58,38.91,71.88
5.75,5.21,78.23,24.56,16.89,19.33,17.37,24.12,18.8,16.43,74.19,4.53,4.63,127.74,5.51,77.07,77.33,18.01,7.09,11.42,26.86,13.15,4.68,16.36,3.63,6.11,79.86,7.05,7.09,5.29,24.46,30.54,16.85,5.1,22.38,37.69,20.19,28.66,30.16,23.56,21.56,25.27,28.15,17.69,23.45,29.6,19.13,24.43,20.45,18.37,25.2,0.88,2.53,20.28,28.46,18.12,36.46,80.38,23.17,15.47,73.79,2.04,78.19,76.49,73.26,3.47,72.76,74.17,5.87,76.65,67.79,11.06,10.62,10.24,78.77,7.2,10.24,9.24,11.9,94.74,75.48,58.1,113.18,2.63,6.62,75.46,74.67,11.57,4.18,5.37,2.63,78.41,4.48,5.88,0.0,7.02,79.16,79.16,74.68,19.82,79.63,77.31,117.74,58.89,73.76,75.27,4.84,3.91,43.25,25.66,77.12,29.63,46.45,115.66,4.61,3.33,74.77,74.77,80.11,99.68,3.42,69.23,13.48,15.04,9.86,23.58,113.85,80.54,80.64,29.03,20.84,97.91,87.85,81.42,5.44,4.07,8.11,80.03,80.11,19.63,42.99,74.04,74.63,4.06,1.14,43.3,73.97,75.96,8.04,7.5,14.17,14.22,10.25,3.54,2.12,13.47,8.15,7.11,4.39,10.25,76.37,80.01,1.12,28.53,5.83,5.25,5.25,3.61,4.62,7.06,8.61,8.35,8.13,6.78,6.17,14.82,19.49,16.52,29.07,13.59,76.62,76.58,7.54,7.34,8.49,7.95,9.43,9.6,11.2,9.9,9.73,9.7,8.49,13.68,3.64,74.02,20.72,13.72,20.54,7.06,6.74,9.01,3.19,29.76,80.78,9.48,8.91,17.94,9.61,23.33,72.47,72.52,22.36,22.75,8.33,39.04,43.44,36.7,62.34
13.33,12.76,85.23,31.56,19.03,20.37,21.59,26.26,19.58,13.97,81.19,6.95,7.05,135.41,13.17,84.06,84.32,19.3,0.99,5.68,34.53,15.29,11.81,17.08,6.45,12.37,86.85,7.78,14.67,12.95,25.24,32.68,17.56,8.13,29.37,33.5,21.41,30.8,30.2,25.7,22.34,25.47,30.29,18.99,25.59,31.74,21.27,26.58,22.59,19.15,25.39,7.74,7.18,22.42,30.6,18.91,33.38,87.37,25.31,17.61,80.79,9.59,85.18,83.49,80.25,8.66,79.76,81.16,12.14,83.65,66.57,11.1,10.57,10.28,85.77,13.91,10.28,9.28,11.94,101.74,82.48,65.77,120.85,7.83,7.35,82.45,81.67,9.11,10.16,12.18,7.82,85.41,11.6,13.54,7.71,0.0,86.16,86.16,81.68,23.51,86.63,76.09,124.73,66.56,80.75,74.06,5.56,11.46,34.81,33.32,84.11,31.77,45.23,123.33,11.4,10.89,81.76,81.77,87.1,106.67,10.98,76.23,15.62,17.18,10.58,25.72,121.52,126.78,87.64,31.17,14.53,104.91,94.85,88.42,12.57,11.62,6.42,87.02,87.1,19.76,40.53,81.03,81.62,10.02,8.8,40.84,80.96,82.96,8.77,8.22,16.31,16.36,10.5,9.81,6.66,20.46,10.57,14.69,10.65,10.5,83.37,87.0,7.04,30.67,13.38,12.79,12.79,9.45,12.2,13.33,16.19,15.93,15.71,14.36,13.83,16.96,21.63,18.66,29.11,14.85,83.62,83.57,8.27,8.06,8.39,8.67,9.47,9.64,11.16,9.94,9.77,9.81,10.92,14.81,9.47,81.02,21.51,14.98,22.68,2.6,4.9,9.73,7.29,28.54,79.56,11.9,11.33,15.48,11.55,20.87,79.47,79.52,29.36,24.89,10.76,31.25,28.16,34.8,61.13
82.93,82.5,6.18,62.12,67.22,62.0,94.55,63.37,63.98,86.14,6.28,75.97,76.07,53.36,82.69,9.15,4.71,63.99,82.0,87.39,104.04,70.29,81.85,66.23,76.82,84.06,7.01,77.7,84.26,82.47,61.33,54.38,66.72,75.72,61.55,76.15,59.33,54.13,71.89,57.44,60.93,80.99,52.77,63.67,57.33,53.44,65.61,58.76,61.01,62.37,80.92,79.1,80.2,66.76,51.22,62.81,74.91,8.79,57.8,65.81,7.69,79.33,8.02,8.57,11.34,81.15,6.66,10.99,83.83,8.73,89.82,78.05,77.38,77.92,1.89,84.37,77.83,77.04,78.83,24.58,8.79,125.34,72.2,77.03,78.48,9.16,8.57,82.56,76.88,76.58,77.02,5.8,81.65,83.06,78.83,81.93,0.0,0.0,11.38,97.0,8.04,89.18,42.37,123.2,7.65,92.79,79.11,81.09,109.26,102.83,9.2,53.47,92.22,130.75,81.78,80.51,22.33,22.33,7.26,24.31,80.6,16.61,70.62,71.84,78.5,66.16,70.27,44.41,27.4,54.69,97.8,31.07,12.46,8.32,82.62,81.24,78.47,6.93,8.52,96.8,98.95,5.18,6.71,82.37,78.81,99.26,5.19,8.22,78.41,77.86,70.98,71.03,75.84,81.85,79.44,67.68,76.01,84.29,82.69,75.84,8.45,8.42,78.74,54.01,83.12,82.54,82.54,81.91,81.79,85.02,85.79,85.52,85.31,83.96,83.34,65.15,65.97,66.85,70.8,68.46,9.85,8.66,77.91,77.7,78.86,78.31,77.02,78.49,77.97,78.9,77.32,77.52,75.07,68.36,81.94,10.84,62.78,66.21,60.67,81.97,79.15,78.62,80.86,78.95,96.93,76.71,74.95,87.66,75.19,84.22,15.8,15.85,61.53,57.4,75.28,77.49,106.4,75.15,83.23
82.93,82.5,6.18,62.12,67.22,62.0,94.55,63.37,63.98,86.14,6.28,75.97,76.07,53.36,82.69,9.15,4.71,63.99,82.0,87.39,104.04,70.29,81.85,66.23,76.82,84.06,7.01,77.7,84.26,82.47,61.33,54.38,66.72,75.72,61.55,76.15,59.33,54.13,71.89,57.44,60.93,80.99,52.77,63.67,57.33,53.44,65.61,58.76,61.01,62.37,80.92,79.1,80.2,66.76,51.22,62.81,74.91,8.79,57.8,65.81,7.69,79.33,8.02,8.57,11.34,81.15,6.66,10.99,83.83,8.73,89.82,78.05,77.38,77.92,1.89,84.37,77.83,77.04,78.83,24.58,8.79,125.34,72.2,77.03,78.48,9.16,8.57,82.56,76.88,76.58,77.02,5.8,81.65,83.06,78.83,81.93,0.0,0.0,11.38,97.0,8.04,89.18,42.37,123.2,7.65,92.79,79.11,81.09,109.26,102.83,9.2,53.47,92.22,130.75,81.78,80.51,22.33,22.33,7.26,24.31,80.6,16.61,70.62,71.84,78.5,66.16,70.27,44.41,27.4,54.69,97.8,31.07,12.46,8.32,82.62,81.24,78.47,6.93,8.52,96.8,98.95,5.18,6.71,82.37,78.81,99.26,5.19,8.22,78.41,77.86,70.98,71.03,75.84,81.85,79.44,67.68,76.01,84.29,82.69,75.84,8.45,8.42,78.74,54.01,83.12,82.54,82.54,81.91,81.79,85.02,85.79,85.52,85.31,83.96,83.34,65.15,65.97,66.85,70.8,68.46,9.85,8.66,77.91,77.7,78.86,78.31,77.02,78.49,77.97,78.9,77.32,77.52,75.07,68.36,81.94,10.84,62.78,66.21,60.67,81.97,79.15,78.62,80.86,78.95,96.93,76.71,74.95,87.66,75.19,84.22,15.8,15.85,61.53,57.4,75.28,77.49,106.4,75.15,83.23
82.93,82.5,5.17,62.11,67.22,62.0,94.54,63.37,63.98,86.14,3.52,75.96,76.06,57.87,82.68,2.03,6.36,63.98,82.0,87.38,104.03,70.28,81.85,66.23,76.81,84.06,10.22,77.69,84.26,82.46,61.33,54.37,66.71,75.72,61.54,76.15,59.33,54.13,71.88,57.44,60.92,80.99,52.76,63.67,57.33,53.44,65.61,58.76,61.01,62.36,80.92,79.09,80.2,66.76,51.22,62.8,74.91,15.32,57.8,65.81,5.02,79.33,2.37,1.53,5.05,81.14,5.96,3.32,83.82,1.32,84.65,78.05,77.38,77.91,10.06,84.37,77.83,77.03,78.83,19.4,3.85,129.86,76.71,77.02,78.48,2.95,5.31,82.56,76.88,76.57,77.02,6.86,81.65,83.05,78.82,81.93,10.45,10.45,0.0,96.99,14.57,84.01,46.88,127.72,4.99,87.62,79.11,81.08,109.26,102.83,2.08,53.47,69.08,135.27,81.78,80.51,17.16,17.17,10.0,28.82,80.6,11.44,70.61,71.84,78.5,66.16,74.78,48.93,22.23,54.68,97.8,25.89,16.97,14.59,82.62,81.24,78.47,13.2,15.05,96.8,98.95,4.7,3.11,82.36,78.81,99.26,4.63,2.76,78.4,77.86,70.97,71.02,75.83,81.84,79.44,67.68,76.01,84.28,82.69,75.83,2.25,14.95,78.74,54.01,83.12,82.54,82.54,81.91,81.79,85.01,85.79,85.52,85.3,83.95,83.34,65.15,65.97,66.85,70.79,68.46,2.94,1.61,77.9,77.7,78.85,78.31,77.02,78.49,77.96,78.9,77.32,77.52,75.07,68.36,81.94,3.65,62.78,66.2,60.67,81.97,79.14,78.61,80.86,78.95,91.76,76.71,74.95,87.65,75.19,84.22,10.63,10.68,61.53,57.4,75.27,77.49,106.4,75.15,78.06
17.57,19.07,96.02,42.35,34.68,37.12,2.45,41.91,36.59,39.83,91.98,24.57,24.67,116.06,17.54,94.86,95.12,35.8,23.53,18.54,10.06,30.94,14.75,34.15,23.66,12.37,97.64,28.98,18.91,17.32,42.25,48.33,34.63,24.05,40.17,49.9,37.98,46.44,47.95,41.35,39.35,41.87,45.94,35.48,41.24,47.39,36.92,42.22,38.24,36.16,41.79,20.62,17.98,38.06,46.25,35.91,54.25,98.17,40.96,33.26,91.58,19.91,95.98,94.28,91.04,17.43,90.55,91.96,12.74,94.44,82.98,31.74,31.07,30.28,96.56,12.69,30.28,29.28,32.52,112.53,93.27,46.41,101.5,21.91,28.55,93.24,92.46,33.07,22.54,23.24,21.91,96.2,14.48,17.91,20.35,23.84,96.95,96.95,92.47,0.0,97.42,92.49,125.93,47.21,91.55,90.46,22.69,17.78,30.08,8.85,94.91,47.42,61.63,103.98,15.2,17.97,92.55,92.56,97.9,117.46,17.88,87.02,31.27,32.82,30.95,41.37,102.17,127.97,98.43,46.82,29.62,115.7,105.64,99.21,14.32,17.93,30.04,97.82,97.9,4.17,58.56,91.83,92.42,15.91,20.34,58.87,91.75,93.75,29.97,29.43,31.96,32.01,29.53,15.11,18.55,31.26,28.19,14.65,15.86,29.53,94.16,97.8,20.86,46.32,19.88,19.3,19.3,15.79,16.29,13.2,14.52,14.87,15.39,18.6,18.89,32.61,37.28,34.31,46.86,31.38,94.41,94.36,29.47,29.27,30.42,29.88,29.47,29.64,31.66,29.94,29.77,29.74,27.95,31.47,15.81,91.81,38.51,31.51,38.32,23.88,26.77,30.94,18.64,44.94,95.97,29.05,28.18,39.17,28.88,41.95,90.26,90.31,40.15,40.54,28.97,47.65,30.27,54.49,77.53
84.01,83.58,13.1,63.19,68.3,63.08,95.62,64.45,65.06,87.22,9.68,77.04,77.14,56.84,83.76,12.56,11.63,65.06,83.08,88.46,105.11,71.36,82.93,67.31,77.89,85.14,11.68,78.77,85.34,83.54,62.41,55.45,67.79,76.8,62.62,77.23,60.41,55.21,72.96,58.52,62.0,82.07,53.84,64.75,58.41,54.52,66.69,59.84,62.09,63.44,82.0,80.17,81.28,67.84,52.3,63.88,75.99,1.54,58.88,66.89,9.42,80.41,13.43,11.98,17.34,82.22,8.39,11.53,84.9,12.14,93.35,79.13,78.46,78.99,6.51,85.45,78.91,78.11,79.91,31.61,10.97,128.82,75.67,78.1,79.56,11.08,10.3,83.64,77.96,77.65,78.1,12.71,82.73,84.13,79.9,83.01,6.87,6.87,13.12,98.07,0.0,92.71,45.85,126.68,9.38,96.33,80.19,82.16,110.34,103.91,12.61,54.55,93.3,134.23,82.86,81.59,25.86,25.87,11.93,27.78,81.68,20.14,71.69,72.92,79.58,67.24,73.75,47.89,30.94,55.77,98.88,39.35,15.2,3.9,83.7,82.32,79.55,3.45,4.15,97.88,100.03,9.53,10.12,83.44,79.89,100.34,9.45,11.45,79.48,78.94,72.05,72.1,76.91,82.92,80.52,68.76,77.09,85.36,83.77,76.91,11.86,1.22,79.82,55.09,84.2,83.62,83.62,82.99,82.87,86.09,86.87,86.6,86.38,85.03,84.42,66.23,67.05,67.93,71.87,69.54,12.24,12.07,78.98,78.78,79.93,79.39,78.1,79.57,79.04,79.98,78.4,78.6,76.15,69.44,83.02,11.85,63.86,67.28,61.75,83.05,80.22,79.7,81.94,80.03,100.47,77.79,76.03,88.73,76.27,85.3,19.34,19.39,62.61,58.48,76.35,78.57,107.48,76.23,86.77
84.22,83.8,86.12,64.34,70.76,62.97,89.87,60.25,63.7,63.36,84.49,74.14,74.24,144.64,83.98,83.0,87.31,67.28,73.0,77.98,100.08,72.52,83.15,67.7,74.96,82.06,91.17,70.36,85.56,83.76,42.01,43.06,68.19,77.02,73.15,52.1,62.93,42.9,55.06,64.21,62.49,61.01,44.57,66.96,64.1,42.92,63.81,65.08,63.23,63.75,60.94,77.43,76.86,63.6,44.55,67.49,50.77,96.29,65.06,69.35,89.71,80.63,83.33,82.55,80.03,78.35,88.68,80.94,81.82,82.34,7.73,69.77,72.91,69.63,94.69,85.67,68.53,69.21,69.16,98.88,84.82,131.62,186.7,75.56,70.77,82.56,90.59,65.59,78.18,81.36,75.55,87.8,82.95,84.35,77.39,72.94,95.08,95.08,81.46,91.78,95.55,0.0,133.65,132.41,89.67,2.77,73.12,82.38,80.63,98.87,83.05,41.72,20.73,189.18,83.08,81.8,81.54,81.55,90.94,115.59,81.9,76.01,72.85,70.78,68.18,59.07,187.37,135.7,87.42,43.17,67.36,104.69,97.92,97.34,83.91,82.54,70.59,95.94,96.02,88.04,32.67,89.95,84.08,79.7,80.11,32.98,89.88,83.72,69.75,69.42,73.54,73.59,71.36,79.49,76.35,75.24,73.19,85.58,80.34,71.36,84.13,95.92,76.72,43.04,84.42,83.84,83.84,79.13,83.09,85.32,87.08,86.82,86.6,85.25,84.64,68.69,61.62,70.39,54.12,68.84,81.89,82.64,70.02,69.82,70.19,70.06,70.64,70.21,73.5,70.61,69.22,69.12,73.42,68.74,79.16,80.8,61.76,69.34,63.94,72.92,71.43,68.23,76.97,59.54,9.24,75.06,72.91,60.07,72.42,56.55,79.25,79.3,73.14,65.06,72.45,54.69,77.77,51.01,9.85
81.56,79.69,44.57,74.82,78.56,102.65,125.76,104.01,104.63,98.48,48.05,83.71,83.81,11.01,79.98,48.39,43.13,104.63,86.09,138.02,128.76,82.62,81.79,106.88,82.31,84.0,38.35,90.03,82.89,80.2,101.97,95.02,107.36,82.26,76.17,116.79,99.98,94.78,112.53,98.09,101.57,121.64,93.41,104.32,97.98,94.09,106.26,99.4,101.66,103.01,121.57,81.57,82.67,107.41,91.87,103.45,115.56,44.18,98.45,106.45,51.31,79.86,46.08,47.81,49.07,83.62,50.98,48.71,83.76,47.97,127.54,90.38,89.71,90.25,42.21,83.79,90.16,89.37,91.17,53.07,46.84,83.0,29.85,80.56,86.39,48.4,51.6,94.89,80.37,75.99,80.55,44.22,81.59,79.98,81.3,86.02,41.84,41.84,49.11,125.23,43.44,126.9,0.0,80.86,51.27,130.52,83.84,81.41,153.39,127.56,48.44,94.11,111.98,88.41,81.72,81.81,60.06,60.06,38.23,23.18,81.71,54.33,82.95,84.17,90.84,106.81,27.93,2.07,65.13,95.33,147.55,59.56,30.99,46.48,82.55,81.57,90.81,41.76,43.91,127.48,139.59,48.08,47.64,84.21,81.28,139.91,48.08,46.27,90.74,90.19,83.31,83.36,88.17,82.7,83.25,80.02,83.85,82.91,83.45,88.17,47.69,43.81,81.8,94.65,78.07,78.43,78.43,83.76,133.13,83.17,84.42,84.15,83.93,82.58,83.42,105.8,106.62,107.49,111.44,109.1,49.58,47.9,90.24,90.03,91.19,90.65,89.35,90.83,90.3,91.23,89.65,89.85,81.29,109.01,83.78,48.57,103.43,106.85,101.31,86.06,86.32,90.95,83.33,119.6,134.66,82.93,81.52,99.99,87.53,124.87,53.53,53.58,76.16,98.04,87.61,118.14,153.58,115.8,120.96
55.32,56.82,126.02,80.1,72.43,74.86,46.67,79.66,74.33,77.58,129.5,62.32,62.42,71.7,55.29,129.84,124.58,73.55,65.19,58.93,49.67,68.69,55.01,71.9,61.41,57.22,119.79,66.73,56.65,55.07,79.99,86.07,72.38,61.8,77.91,93.23,75.73,84.19,85.7,79.1,77.09,81.52,83.68,73.23,78.99,85.14,74.66,79.97,75.99,73.91,81.44,58.37,59.47,75.81,84.0,73.66,91.99,125.63,78.71,71.01,129.33,57.66,127.52,129.26,130.52,58.35,128.3,130.16,56.98,129.42,122.62,69.49,68.82,68.03,123.66,57.53,68.03,67.03,70.27,134.52,128.29,2.18,57.14,59.66,66.3,129.85,133.04,70.82,60.28,60.99,59.65,125.67,54.81,55.66,58.1,65.12,123.29,123.29,130.56,46.14,124.88,132.14,81.57,0.0,129.29,130.11,62.94,55.52,74.3,48.47,129.89,85.17,101.28,65.0,54.94,55.72,141.5,141.51,119.68,104.63,55.62,135.78,69.02,70.57,68.7,79.12,57.81,83.61,136.18,84.56,68.46,141.01,112.44,127.93,55.77,55.68,67.79,123.2,125.36,48.39,98.21,129.52,129.09,56.72,58.09,98.52,129.53,127.71,67.72,67.18,69.71,69.76,67.27,55.92,60.05,69.0,65.93,56.68,56.67,67.27,129.14,125.26,58.6,84.07,57.63,57.05,57.05,56.6,54.04,56.93,52.35,57.92,57.7,56.35,56.64,70.36,75.03,72.06,84.61,69.13,131.03,129.35,67.22,67.02,68.17,67.63,67.22,67.39,69.41,67.69,67.52,67.49,65.7,69.22,56.63,130.02,76.26,69.25,76.07,65.16,64.52,68.69,60.14,84.59,135.61,66.8,65.93,79.09,66.63,81.6,134.97,135.03,77.9,78.29,66.71,87.3,74.49,92.23,117.18
77.37,76.94,7.67,56.56,61.66,56.44,88.99,57.81,58.42,80.58,1.95,70.41,70.51,64.89,77.13,4.97,6.76,58.43,76.44,81.83,98.47,64.73,76.29,60.67,71.26,78.5,9.29,72.14,78.7,76.9,55.77,48.82,61.16,70.16,55.98,70.59,53.77,48.57,66.33,51.88,55.37,75.43,47.21,58.11,51.77,47.88,60.05,53.2,55.45,56.81,75.36,73.53,74.64,61.2,45.66,57.25,69.35,11.48,52.24,60.25,0.04,73.77,5.3,3.63,3.89,75.59,1.75,2.55,78.27,3.79,89.9,72.49,71.82,72.36,8.21,78.81,72.27,71.47,73.27,22.34,5.2,136.88,83.73,71.47,72.92,2.1,1.32,77.0,71.32,71.02,71.46,7.85,76.09,77.5,73.27,76.37,8.6,8.6,4.15,91.44,10.74,89.27,53.9,134.73,0.0,92.88,73.55,75.53,103.7,97.27,5.02,47.91,86.66,142.29,76.22,74.95,15.62,15.62,9.54,35.84,75.04,9.9,65.06,66.28,72.94,60.6,81.8,55.94,21.78,49.13,92.24,28.78,19.9,10.76,77.06,75.68,72.91,9.37,11.21,91.24,93.39,3.38,1.7,76.81,73.25,93.7,3.3,4.11,72.85,72.3,65.41,65.47,70.28,76.29,73.88,62.12,70.45,78.73,77.13,70.28,3.37,11.11,73.18,48.45,77.56,76.98,76.98,76.35,76.23,79.46,80.23,79.96,79.75,78.39,77.78,59.59,60.41,61.29,65.24,62.9,3.27,3.72,72.35,72.14,73.29,72.75,71.46,72.93,72.41,73.34,71.76,71.96,69.51,62.8,76.38,2.88,57.22,60.65,55.11,76.41,73.58,73.06,75.3,73.39,97.02,71.15,69.39,82.1,69.63,78.66,9.09,9.14,55.97,51.84,69.72,71.93,100.84,69.59,83.32
83.73,83.31,88.28,66.51,70.27,62.48,89.38,59.76,63.21,62.87,86.65,73.65,73.75,146.81,83.49,85.16,89.47,66.79,72.51,77.49,99.59,72.03,82.66,67.21,74.47,81.57,93.33,69.87,85.07,83.27,44.17,45.22,67.7,76.53,72.66,51.61,62.44,45.06,54.57,63.72,62.0,60.52,46.73,66.47,63.61,45.09,63.32,64.59,62.74,63.26,60.45,76.94,76.37,63.11,46.72,67.0,50.28,98.46,64.57,68.86,91.87,80.14,85.5,84.71,82.2,77.86,90.84,83.11,81.33,84.5,4.32,69.28,72.42,69.14,96.85,85.18,68.04,68.72,68.67,101.04,86.98,131.13,186.21,75.07,70.28,84.73,92.75,65.1,77.69,80.87,75.06,89.97,82.46,83.86,76.9,72.45,97.24,97.24,83.62,91.29,97.71,3.04,135.82,131.92,91.84,0.0,72.63,81.89,80.14,98.38,85.21,43.88,23.66,188.69,82.59,81.31,83.71,83.71,93.11,117.76,81.41,78.17,72.36,70.29,67.69,58.58,163.72,137.86,89.58,45.33,66.87,106.85,100.08,99.5,83.42,82.05,70.1,98.11,98.19,87.55,32.18,92.12,86.24,79.21,79.62,32.49,92.05,85.88,69.26,68.93,73.05,73.1,70.87,79.0,75.86,74.75,72.7,85.09,79.85,70.87,86.29,98.09,76.23,45.2,83.93,83.35,83.35,78.64,82.6,84.83,86.59,86.33,86.11,84.76,84.15,68.2,61.13,69.9,53.63,68.35,84.05,84.8,69.53,69.33,69.7,69.57,70.15,69.72,73.01,70.12,68.73,68.63,72.93,68.25,78.67,82.96,61.27,68.85,63.45,72.43,70.94,67.74,76.48,59.05,6.71,74.57,72.42,59.58,71.93,56.06,81.41,81.46,72.65,64.57,71.96,54.2,77.28,50.52,11.46
11.31,10.89,78.32,24.65,14.45,15.78,22.93,21.68,15.0,12.09,74.28,2.92,3.02,133.3,11.07,77.15,77.41,14.72,4.42,9.81,32.42,10.71,10.24,12.5,2.43,9.53,79.94,2.71,12.64,10.85,20.66,28.1,12.98,4.1,22.46,30.38,16.83,26.21,25.62,21.12,17.76,20.93,25.71,14.41,21.01,27.16,16.69,21.99,18.01,14.57,20.86,4.89,4.33,17.84,26.02,14.33,30.25,80.46,20.73,13.03,73.88,7.72,78.27,76.58,73.34,5.82,72.85,74.25,9.29,76.74,63.45,6.03,5.51,5.21,78.86,11.06,5.21,4.21,6.88,94.83,75.57,63.66,118.74,3.02,2.28,75.54,74.76,7.23,6.13,8.15,3.02,78.5,10.03,11.44,4.86,4.36,79.25,79.25,74.77,25.38,79.72,72.96,117.82,64.45,73.85,70.93,0.0,9.47,38.94,31.21,77.2,27.19,42.1,121.22,10.16,8.89,74.85,74.86,80.2,99.76,8.98,69.32,11.04,12.6,5.52,21.14,119.41,119.87,80.73,26.59,18.96,98.0,87.94,81.51,11.0,9.63,3.77,80.11,80.19,19.75,38.65,74.12,74.71,7.17,5.96,38.96,74.05,76.05,3.7,3.15,11.73,11.78,5.43,6.96,3.81,11.44,4.62,12.67,7.81,5.43,76.46,80.09,4.19,26.09,11.51,10.92,10.92,6.6,10.18,10.48,14.17,13.91,13.69,12.34,11.72,12.38,17.05,14.08,24.53,10.27,76.71,76.66,3.2,3.0,4.15,3.61,4.4,4.58,6.09,4.88,4.7,4.75,6.33,10.23,6.63,74.11,16.92,10.4,18.09,4.39,1.99,4.67,4.44,25.41,76.44,7.32,6.75,13.6,6.49,18.99,72.56,72.61,22.45,20.31,5.61,28.12,38.26,31.67,58.0
6.8,5.31,78.25,24.58,16.91,19.34,18.42,24.14,18.81,22.06,74.21,6.79,6.9,128.79,5.59,77.08,77.34,18.02,9.67,12.84,27.91,13.16,5.73,16.38,5.89,7.94,79.87,11.21,8.13,5.82,24.47,30.55,16.86,6.28,22.39,37.71,20.21,28.67,30.18,23.57,21.57,30.9,28.16,17.71,23.47,29.62,19.14,24.45,20.47,18.38,30.82,2.85,3.95,20.29,28.47,18.14,36.47,80.39,23.19,15.48,73.81,2.13,78.2,76.51,73.27,4.9,72.78,74.18,7.7,76.67,75.13,13.97,13.3,12.5,78.79,8.25,12.5,11.51,14.75,94.76,75.49,59.15,114.23,4.14,10.78,75.47,74.69,15.3,4.76,5.46,4.13,78.43,5.52,5.59,2.58,9.6,79.18,79.18,74.7,20.87,79.65,84.64,117.75,59.94,73.77,82.61,7.42,0.0,44.3,26.7,77.13,29.64,53.78,116.71,5.65,4.38,74.78,74.79,80.12,99.69,4.47,69.25,13.49,15.05,13.18,23.6,114.9,80.63,80.65,29.04,26.25,97.93,87.86,81.44,6.49,0.16,12.27,80.04,80.12,20.67,48.62,74.05,74.64,5.49,2.56,48.93,73.98,75.98,12.2,11.65,14.18,14.24,11.75,4.97,4.53,13.48,10.41,8.16,5.81,11.75,76.39,80.02,3.08,28.54,5.93,5.34,5.34,5.03,5.67,8.89,9.66,9.4,9.18,7.83,7.21,14.84,19.51,16.54,29.09,13.61,76.63,76.59,11.7,11.5,12.65,12.11,11.7,11.87,13.88,12.17,11.99,11.96,10.17,13.7,5.06,74.04,20.74,13.73,20.55,9.64,9.0,13.17,4.61,35.38,88.12,11.28,10.41,23.57,11.11,28.96,72.49,72.54,22.38,22.76,11.19,39.05,44.49,36.71,69.68
41.0,42.5,110.79,57.12,48.01,49.09,29.05,46.35,49.82,30.96,106.76,41.74,41.84,144.64,40.97,109.63,109.89,51.76,34.81,29.11,41.5,44.27,37.75,52.18,40.27,35.37,112.42,37.97,38.46,40.75,49.57,55.36,52.66,42.26,54.94,35.03,49.05,55.2,40.44,50.3,48.61,29.55,55.35,51.44,50.2,56.32,48.29,51.18,49.35,49.87,29.47,40.97,38.8,48.08,57.03,50.28,37.46,112.94,51.16,46.59,106.36,43.34,110.75,109.05,105.82,38.09,105.33,106.73,35.74,109.21,72.13,37.37,40.51,37.23,111.33,35.69,36.13,36.81,36.77,127.31,108.04,75.0,130.09,43.56,38.37,108.02,107.23,33.19,43.42,46.67,43.56,110.98,37.48,41.34,41.25,36.01,111.72,111.72,107.24,29.88,112.2,81.65,154.52,75.79,106.32,79.61,40.72,41.21,0.0,40.29,109.68,56.35,50.79,132.56,37.95,41.4,107.33,107.33,112.67,132.24,41.31,101.79,44.6,46.16,35.79,45.18,130.76,156.56,113.2,55.47,23.32,130.48,120.41,113.99,37.32,41.36,38.19,112.59,112.67,27.5,40.18,106.6,107.19,38.33,40.64,40.49,106.53,108.52,37.35,37.02,45.29,45.34,38.96,37.7,39.38,46.03,40.79,37.65,38.55,38.96,108.93,112.57,41.2,54.46,43.31,42.73,42.73,38.21,39.72,36.2,37.95,38.3,38.83,38.15,40.44,45.95,47.74,47.64,40.24,44.21,109.18,109.14,37.62,37.42,37.8,37.66,38.24,37.81,41.1,38.21,36.82,36.72,41.02,43.46,38.23,106.59,47.88,44.33,50.06,36.42,39.03,35.83,37.85,30.96,85.12,42.66,40.51,27.68,40.02,28.51,105.03,105.08,54.92,51.16,40.06,33.67,3.72,37.7,66.69
18.17,19.67,96.61,42.94,35.27,37.71,7.08,42.5,37.18,40.42,92.57,25.16,25.26,113.16,18.14,95.45,95.71,36.39,28.03,21.29,8.12,31.53,17.85,34.74,24.25,20.06,98.24,29.58,19.5,17.91,42.84,48.92,35.23,24.64,40.76,56.07,38.57,47.04,48.54,41.94,39.94,43.88,46.53,36.07,41.83,47.98,37.51,42.81,38.83,36.75,43.8,21.21,22.32,38.66,46.84,36.5,54.84,98.76,41.55,33.85,92.17,20.5,96.57,94.87,91.64,21.19,91.14,92.55,19.83,95.03,84.99,32.33,31.66,30.87,97.15,20.37,30.87,29.87,33.12,113.12,93.86,43.52,98.6,22.5,29.15,93.84,93.05,33.66,23.13,23.83,22.5,96.79,17.65,18.51,20.95,27.97,97.54,97.54,93.06,6.55,98.01,94.5,123.04,44.31,92.14,92.47,25.78,18.37,34.72,0.0,95.5,48.01,63.64,101.08,17.78,18.56,93.15,93.15,98.49,118.06,18.47,87.61,31.86,33.42,31.55,41.96,99.27,125.08,99.02,47.41,30.82,116.29,106.23,99.8,18.62,18.53,30.63,98.41,98.49,8.8,60.57,92.42,93.01,19.56,20.93,60.88,92.35,94.34,30.57,30.02,32.55,32.6,30.12,18.77,22.89,31.85,28.78,19.52,19.51,30.12,94.75,98.39,21.45,46.91,20.47,19.89,19.89,19.45,16.88,19.77,15.2,20.76,20.54,19.19,19.48,33.2,37.87,34.9,47.45,31.97,95.0,94.96,30.07,29.86,31.01,30.47,30.06,30.23,32.25,30.53,30.36,30.33,28.54,32.06,19.47,92.4,39.1,32.1,38.92,28.0,27.37,31.53,22.98,46.95,97.98,29.65,28.77,41.94,29.47,43.96,90.85,90.9,40.74,41.13,29.56,49.66,34.91,55.08,79.54
82.02,81.6,4.19,61.21,66.31,61.09,93.64,62.46,63.08,85.23,4.16,75.06,75.16,57.0,81.78,0.23,5.38,63.08,81.09,86.48,103.13,69.38,80.95,65.32,75.91,83.15,9.35,76.79,83.35,81.56,60.42,53.47,65.81,74.81,60.64,75.24,58.42,53.23,70.98,56.53,60.02,80.09,51.86,62.76,56.42,52.53,64.7,57.85,60.1,61.46,80.01,78.19,79.29,65.85,50.31,61.9,74.0,16.04,56.89,64.9,6.58,78.42,1.5,3.92,5.31,80.24,6.47,4.96,82.92,4.08,83.78,77.14,76.47,77.01,9.15,83.47,76.92,76.13,77.93,18.54,2.95,128.99,75.84,76.12,77.58,4.51,6.87,81.65,75.97,75.67,76.11,5.88,80.74,82.15,77.92,81.03,9.54,9.54,5.35,96.09,15.3,83.14,46.01,126.85,6.54,86.76,78.21,80.18,108.35,101.92,0.0,52.56,68.22,134.4,80.87,79.6,16.3,16.3,9.13,27.95,79.69,10.58,69.71,70.93,77.6,65.25,73.91,48.06,21.37,53.78,96.9,25.03,16.1,15.28,81.71,80.34,77.57,13.88,15.77,95.89,98.04,4.18,3.75,81.46,77.9,98.35,4.19,2.37,77.5,76.95,70.07,70.12,74.93,80.94,78.53,66.78,75.1,83.38,81.78,74.93,3.8,15.67,77.83,53.1,82.22,81.63,81.63,81.0,80.89,84.11,84.88,84.61,84.4,83.05,82.43,64.24,65.07,65.94,69.89,67.55,5.19,4.0,77.0,76.79,77.95,77.41,76.11,77.59,77.06,77.99,76.41,76.61,74.16,67.45,81.03,4.81,61.88,65.3,59.76,81.06,78.24,77.71,79.95,78.04,90.9,75.8,74.04,86.75,74.28,83.31,9.77,9.82,60.62,56.49,74.37,76.58,105.49,74.24,77.2
33.39,32.96,52.54,19.63,17.8,12.25,45.0,10.34,14.24,32.84,48.5,25.06,25.16,103.03,33.15,51.37,51.63,14.24,31.26,36.65,54.49,19.2,32.31,14.66,27.28,34.52,54.16,27.07,34.72,32.92,8.52,2.96,15.15,26.18,15.59,24.29,12.11,2.63,22.14,6.81,8.72,29.14,3.03,13.92,6.7,1.31,15.86,6.9,11.26,12.62,29.06,29.55,30.66,17.01,2.94,13.06,23.06,54.68,7.67,16.39,48.1,29.79,52.49,50.8,48.78,31.6,47.07,50.21,34.29,50.96,43.69,24.75,24.08,24.61,53.08,34.83,27.16,26.36,25.53,69.05,49.79,85.73,121.87,27.48,27.75,49.76,48.98,29.26,27.34,30.53,27.48,52.72,32.11,33.52,29.29,31.2,53.47,53.47,50.21,47.45,53.94,43.05,92.04,86.52,48.06,46.66,27.87,31.54,57.4,53.29,51.42,0.0,40.37,143.29,32.24,30.97,50.29,50.3,54.41,73.98,31.06,44.76,19.53,17.82,27.85,14.65,119.95,94.09,56.17,2.9,48.28,75.54,62.16,55.73,33.08,31.7,27.84,54.33,54.41,47.26,47.09,48.34,48.93,32.82,29.27,47.41,48.27,50.27,27.78,27.23,20.22,20.28,22.53,32.31,28.8,22.28,22.71,34.75,33.15,22.53,50.68,54.31,29.2,2.76,33.58,33.0,33.0,32.37,32.25,35.47,36.25,35.98,35.76,34.41,33.8,15.73,16.23,17.43,21.05,19.04,50.92,50.88,27.28,27.07,28.22,27.68,25.63,25.19,24.67,25.6,26.65,26.9,21.47,18.94,32.4,50.53,13.04,16.78,10.92,31.23,27.67,28.0,31.32,27.1,50.8,23.11,21.65,34.35,21.89,32.36,48.0,48.05,15.57,8.11,21.98,25.64,54.54,23.3,37.1
54.81,54.39,71.3,49.05,41.35,33.56,60.45,30.84,34.29,33.95,69.67,44.72,44.83,129.82,54.57,68.18,72.48,37.86,43.59,48.56,70.66,43.1,53.74,38.29,45.55,52.64,76.35,40.95,56.14,54.35,34.06,28.23,38.77,47.6,43.74,22.68,33.52,28.08,25.64,34.79,33.08,31.6,39.84,37.55,34.69,28.1,34.39,35.67,33.82,34.34,31.53,48.01,47.45,34.18,29.73,38.08,21.35,81.47,35.65,39.94,74.89,51.22,68.51,67.73,65.21,48.94,73.86,66.12,52.41,67.52,24.16,40.35,43.5,40.22,79.87,56.26,39.11,39.8,39.75,84.05,70.0,102.2,157.29,46.14,41.35,67.74,75.77,36.18,48.76,51.95,46.14,72.98,53.53,54.94,47.98,43.52,80.25,80.25,66.64,62.37,80.73,21.72,118.83,103.0,74.85,27.13,43.71,52.97,51.22,69.46,68.23,26.9,0.0,159.77,53.66,52.39,66.72,66.72,76.12,100.77,52.48,61.18,43.44,41.37,38.77,29.65,157.96,120.88,72.59,28.35,37.94,89.87,83.09,82.52,54.5,53.13,41.17,81.12,81.2,58.62,24.22,75.13,69.26,50.29,50.69,24.53,75.06,68.9,40.33,40.01,44.13,44.18,41.95,50.08,46.93,45.83,43.77,56.17,50.92,41.95,69.31,81.1,47.31,28.21,55.01,54.42,54.42,49.72,53.68,55.91,57.67,57.41,57.19,55.84,55.22,39.28,32.21,40.98,24.71,39.43,67.07,67.81,40.61,40.4,40.78,40.64,41.23,40.79,44.08,41.2,39.8,39.7,44.01,39.33,49.75,65.98,32.35,39.92,34.53,43.51,42.01,38.82,47.56,30.13,31.27,45.65,43.5,30.66,43.01,27.13,64.43,64.48,43.72,35.65,43.04,25.27,48.36,21.59,17.7
113.09,114.59,133.26,137.86,130.19,132.63,104.43,137.42,132.1,135.35,136.75,120.08,120.18,78.94,113.06,137.08,131.83,131.31,122.95,116.69,107.43,126.45,112.77,129.67,119.18,114.98,127.04,124.5,114.42,112.84,137.76,143.84,130.15,119.56,135.68,151.0,133.49,141.96,143.46,136.86,134.86,139.28,141.45,131.0,136.75,142.91,132.43,137.74,133.75,131.67,139.21,116.14,117.24,133.58,141.76,131.43,149.76,132.87,136.47,128.77,140.0,115.42,134.77,136.51,137.76,116.11,139.67,137.41,114.75,136.67,180.39,127.25,126.59,125.79,130.91,115.3,125.79,124.79,128.04,141.77,135.54,62.19,64.39,117.42,124.07,137.1,140.29,128.58,118.05,118.75,117.42,132.92,112.57,113.43,115.87,122.89,130.53,130.53,137.8,103.9,132.13,189.91,88.82,64.62,139.97,187.87,120.71,113.29,132.07,106.23,137.13,142.93,159.05,0.0,112.7,113.49,148.75,148.75,126.93,111.88,113.39,143.03,126.78,128.34,126.47,136.88,65.06,90.86,153.82,142.33,126.22,148.26,119.69,135.18,113.54,113.45,125.55,130.45,132.6,106.15,155.97,136.77,136.34,114.49,115.85,156.29,136.78,134.96,125.49,124.94,127.47,127.52,125.04,113.69,117.81,126.77,123.7,114.44,114.44,125.04,136.39,132.5,116.37,141.83,115.39,114.81,114.81,114.37,111.8,114.7,110.12,115.68,115.46,114.11,114.4,128.13,132.79,129.82,142.37,126.89,138.28,136.59,124.99,124.78,125.94,125.39,124.98,125.16,127.17,125.46,125.28,125.25,123.46,126.98,114.39,137.27,134.02,127.02,133.84,122.92,122.29,126.46,117.9,142.36,193.38,124.57,123.69,136.86,124.4,139.36,142.22,142.27,135.66,136.05,124.48,145.06,132.26,150.0,174.95
2.53,3.5,80.84,27.17,19.5,21.94,14.3,26.73,21.41,19.37,76.8,9.39,9.49,124.67,2.36,79.68,79.94,20.62,9.78,8.28,23.79,15.76,1.0,18.97,7.62,2.28,82.47,9.99,3.86,2.14,27.07,33.15,19.46,8.87,24.99,40.3,22.8,31.26,32.77,26.17,24.17,28.21,30.76,20.3,26.06,32.21,21.74,27.04,23.06,20.98,28.13,4.43,3.86,22.89,31.07,20.73,39.07,82.99,25.78,18.08,76.4,4.73,80.8,79.1,75.86,3.31,75.37,76.78,2.05,79.26,70.72,16.56,15.89,12.49,81.38,3.82,12.49,11.49,17.34,97.35,78.09,55.03,110.12,6.73,9.56,78.07,77.28,14.5,7.36,8.06,6.73,81.02,0.8,2.73,4.7,9.72,81.77,81.77,77.29,16.75,82.24,80.24,120.35,55.82,76.37,78.21,8.56,2.6,37.41,22.59,79.73,32.24,49.38,112.59,0.0,2.79,77.38,77.38,82.72,102.29,2.7,71.84,16.09,17.65,12.79,26.19,110.79,80.97,83.25,31.64,22.55,100.52,90.46,84.03,1.77,2.75,11.04,82.64,82.72,13.54,45.92,76.65,77.24,1.78,4.1,46.24,76.58,78.57,10.98,10.43,16.78,16.83,14.35,0.99,4.43,16.08,13.01,3.89,1.73,14.35,78.98,82.62,4.66,31.14,4.3,3.72,3.72,1.67,1.4,3.24,5.39,5.13,4.91,3.56,3.1,17.43,22.1,19.13,31.68,16.2,79.23,79.19,10.48,10.27,11.43,10.88,11.68,11.85,16.48,12.15,11.98,12.02,12.77,16.29,1.69,76.63,23.33,16.33,23.14,9.76,9.24,11.95,4.52,32.69,83.71,13.87,13.0,20.88,13.7,26.27,75.08,75.13,24.97,25.36,13.79,41.65,37.59,39.31,65.28
2.59,3.56,81.36,27.69,20.02,22.45,14.21,27.25,21.92,20.81,77.32,9.9,10.01,124.58,2.35,80.19,80.45,21.13,11.23,9.72,23.7,16.27,1.52,19.49,9.0,3.73,82.98,11.43,3.93,2.13,27.58,33.66,19.97,9.39,25.5,40.82,23.32,31.78,33.29,26.68,24.68,29.65,31.27,20.82,26.58,32.73,22.25,27.56,23.58,21.49,29.58,5.87,5.3,23.4,31.58,21.25,39.58,83.5,26.3,18.59,76.92,5.25,81.31,79.62,76.38,4.76,75.89,77.29,3.49,79.78,78.24,17.08,16.41,15.61,81.9,4.04,15.61,14.62,17.86,97.87,78.6,54.94,110.03,7.25,11.0,78.58,77.8,15.95,7.87,8.58,7.24,81.54,1.32,2.72,5.69,11.17,82.29,82.29,77.81,16.66,82.76,87.75,80.99,55.73,76.88,85.72,10.01,3.11,40.09,22.5,80.24,32.75,56.89,112.5,1.45,0.0,77.89,77.9,83.23,102.8,3.21,72.36,16.6,18.16,14.24,26.71,110.7,81.03,83.76,32.15,23.99,101.04,90.97,84.55,2.28,3.27,12.49,83.15,83.23,16.47,47.37,77.16,77.75,3.23,5.67,47.69,77.09,79.09,12.42,11.88,17.29,17.35,14.86,2.43,5.88,16.59,13.52,3.95,3.18,14.86,79.5,83.13,6.11,31.65,4.37,3.79,3.79,3.11,1.46,4.68,5.45,5.19,4.97,3.62,3.01,17.95,22.62,19.65,32.2,16.72,79.74,79.7,11.92,11.72,12.87,12.33,14.81,14.98,16.99,15.28,15.1,15.07,13.28,16.81,3.14,77.15,23.85,16.84,23.66,11.2,10.69,13.39,5.96,34.14,91.23,14.39,13.52,22.33,14.22,27.71,75.6,75.65,25.49,25.87,14.3,42.16,40.28,39.82,72.79
78.96,78.53,18.61,58.15,66.87,58.11,90.57,59.48,60.1,82.17,16.99,71.99,72.1,71.31,78.71,15.5,19.8,60.1,78.03,83.42,100.06,66.31,77.88,62.35,72.84,80.09,23.66,73.72,80.29,78.49,57.44,50.49,62.83,71.75,57.57,72.26,55.44,50.25,68.0,53.55,57.04,77.11,48.88,59.78,53.44,49.55,61.72,54.87,57.12,58.48,77.03,75.12,76.23,62.87,47.33,58.92,71.03,27.24,53.91,61.92,15.7,75.36,15.83,15.05,11.93,77.17,21.12,13.44,79.86,14.84,80.89,74.08,73.41,73.94,23.5,80.4,73.86,73.06,74.86,18.37,17.32,131.3,90.15,73.05,74.51,15.06,15.99,78.59,72.91,72.6,73.05,20.3,77.68,79.09,74.85,77.96,23.89,23.89,13.96,93.02,26.5,80.25,60.32,141.16,15.67,83.86,75.14,77.11,105.37,98.86,15.55,49.58,65.33,148.71,77.81,76.54,0.0,0.0,23.44,42.26,76.63,7.66,66.65,67.87,74.53,62.27,88.22,62.37,5.07,50.8,93.83,23.33,30.41,29.55,78.65,77.27,74.5,29.1,26.97,92.83,81.4,18.16,16.58,78.39,74.84,81.71,18.09,16.22,74.44,73.89,67.0,67.05,71.86,77.88,75.47,63.71,72.04,80.31,78.72,71.86,16.63,26.87,74.77,50.12,79.15,78.57,78.57,77.94,77.82,81.04,81.82,81.55,81.33,79.98,79.37,61.26,62.09,68.48,66.91,64.57,14.38,15.13,73.94,73.73,74.88,74.34,73.05,74.52,74.0,74.93,73.35,73.55,71.1,70.99,77.97,13.3,58.9,62.32,56.78,78.0,75.17,74.65,76.89,75.07,88.0,72.74,70.98,83.68,71.22,80.33,6.75,6.8,57.56,53.51,71.3,73.6,102.51,71.27,74.3
78.96,78.54,18.62,58.15,66.87,58.12,90.58,59.49,60.1,82.18,16.99,72.0,72.1,71.32,78.72,15.5,19.81,60.1,78.03,83.42,100.07,66.32,77.89,62.35,72.85,80.1,23.67,73.73,80.29,78.5,57.45,50.49,62.83,71.75,57.58,72.27,55.45,50.25,68.0,53.56,57.04,77.11,48.88,59.79,53.45,49.56,61.73,54.88,57.13,58.48,77.04,75.13,76.23,62.88,47.34,58.92,71.03,27.25,53.92,61.93,15.71,75.37,15.84,15.05,11.93,77.18,21.12,13.44,79.86,14.84,80.89,74.08,73.41,73.95,23.5,80.41,73.86,73.07,74.87,18.37,17.32,131.31,90.16,73.06,74.52,15.07,15.99,78.59,72.91,72.61,73.06,20.3,77.68,79.09,74.86,77.97,23.89,23.89,13.96,93.03,26.5,80.25,60.33,141.16,15.67,83.87,75.15,77.12,105.38,98.86,15.55,49.59,65.33,148.71,77.81,76.54,0.0,0.0,23.44,42.27,76.63,7.67,66.65,67.87,74.54,62.28,88.23,62.37,5.07,50.8,93.84,23.33,30.42,29.55,78.65,77.28,74.51,29.11,26.98,92.83,81.4,18.17,16.58,78.4,74.84,81.71,18.1,16.22,74.44,73.89,67.01,67.06,71.87,77.88,75.47,63.72,72.04,80.32,78.72,71.87,16.63,26.88,74.77,50.13,79.16,78.57,78.57,77.95,77.83,81.05,81.82,81.56,81.34,79.99,79.37,61.27,62.09,68.48,66.91,64.58,14.39,15.14,73.94,73.73,74.89,74.35,73.05,74.53,74.0,74.93,73.35,73.55,71.1,71.0,77.97,13.3,58.9,62.32,56.79,78.0,75.18,74.65,76.89,75.07,88.01,72.74,70.98,83.69,71.23,80.34,6.75,6.8,57.56,53.52,71.31,73.61,102.52,71.27,74.31
85.06,84.63,6.51,64.25,69.35,64.13,96.68,65.5,66.11,88.27,10.98,78.1,78.2,48.87,84.82,11.32,5.28,66.12,84.13,89.52,106.17,72.42,83.98,68.36,78.95,86.19,0.49,79.83,86.39,84.6,63.46,56.51,68.85,77.85,63.68,78.28,61.46,56.26,74.02,59.57,63.06,83.12,54.9,65.8,59.46,55.57,67.74,60.89,63.14,64.5,83.05,81.22,82.33,68.89,53.35,64.94,77.04,13.62,59.93,67.94,9.82,81.46,9.0,10.74,12.0,83.28,8.79,11.64,85.96,10.9,90.47,80.18,79.51,80.05,8.39,86.5,79.96,79.17,80.96,21.07,9.77,120.86,67.71,79.16,80.61,11.33,10.7,84.69,79.01,78.71,79.15,6.37,83.78,85.19,80.96,84.06,7.26,7.26,12.04,99.13,12.88,89.83,37.88,118.72,9.78,93.45,81.24,83.22,111.39,104.96,11.37,55.6,74.91,126.27,83.91,82.64,22.98,22.99,0.0,19.82,82.73,17.26,72.75,73.97,80.63,68.29,65.78,39.93,28.06,56.82,99.93,27.56,7.97,13.16,84.75,83.37,80.6,11.76,13.35,98.93,101.08,7.31,10.57,84.5,80.94,101.39,7.32,9.2,80.54,79.99,73.1,73.16,77.97,83.98,81.57,69.81,78.14,86.42,84.82,77.97,10.62,13.25,80.87,56.14,85.25,84.67,84.67,84.04,83.92,87.15,87.92,87.65,87.44,86.09,85.47,67.28,68.1,68.98,72.93,70.59,12.51,10.83,80.04,79.83,80.99,80.44,79.15,80.62,80.1,81.03,79.45,79.65,77.2,70.49,84.07,11.5,64.91,68.34,62.8,84.1,81.27,80.75,82.99,81.08,97.58,78.84,77.08,89.79,77.32,86.35,16.46,16.51,63.66,59.53,77.41,79.62,108.53,77.28,83.89
106.43,106.01,27.43,85.62,90.72,85.51,118.05,86.87,87.49,109.65,30.91,99.47,99.57,35.02,106.19,31.25,25.99,87.49,105.5,110.89,127.54,93.79,105.36,89.74,100.32,107.57,21.21,101.2,107.77,105.97,84.83,77.88,90.22,99.22,85.05,99.65,82.84,77.64,95.39,80.95,84.43,104.5,76.27,87.18,80.84,76.95,89.12,82.26,84.51,85.87,104.42,102.6,103.7,90.26,74.73,86.31,98.42,27.04,81.31,89.31,34.17,102.84,28.93,30.67,31.93,104.65,33.83,31.57,107.33,30.83,110.4,101.56,100.89,101.42,25.07,107.88,101.33,100.54,102.34,35.93,29.7,107.0,53.85,100.53,101.99,31.26,34.46,106.06,100.38,100.08,100.53,27.08,105.16,106.56,102.33,105.44,24.7,24.7,31.97,120.5,26.3,109.76,24.02,104.86,34.13,113.38,102.62,104.59,132.76,126.34,31.3,76.97,94.84,112.41,105.29,104.01,42.92,42.92,21.09,0.0,104.1,37.19,94.12,95.35,102.01,89.67,51.93,26.07,47.99,78.19,121.31,42.42,13.85,29.34,106.12,104.75,101.98,24.61,26.77,120.3,122.45,30.93,30.5,105.87,102.32,122.77,30.94,29.13,101.91,101.37,94.48,94.53,99.34,105.35,102.94,91.19,99.51,107.79,106.2,99.34,30.55,26.67,102.24,77.51,106.63,106.05,106.05,105.42,105.3,108.52,109.29,109.03,108.81,107.46,106.84,88.66,89.48,90.35,94.3,91.96,32.44,30.76,101.41,101.21,102.36,101.82,100.52,102.0,101.47,102.4,100.82,101.03,98.58,91.87,105.44,31.43,86.29,89.71,84.17,105.47,102.65,102.12,104.36,102.46,117.52,100.22,98.45,111.16,98.7,107.73,36.39,36.44,85.03,80.9,98.78,101.0,129.9,98.66,103.82
3.39,3.52,79.61,25.94,18.27,20.7,15.01,25.5,20.17,19.57,75.57,8.15,8.26,125.38,3.15,78.44,78.7,19.38,9.99,10.21,24.5,14.52,2.32,17.74,7.19,4.53,81.23,10.19,4.73,2.93,25.83,31.91,18.22,7.64,23.75,39.07,21.57,30.03,31.54,24.93,22.93,28.41,29.52,19.07,24.83,30.98,20.5,25.81,21.83,19.74,28.34,3.99,4.06,21.65,29.83,19.5,37.83,81.75,24.55,16.84,75.17,3.49,79.56,77.87,74.63,3.51,74.14,75.54,4.29,78.03,70.93,15.33,14.66,13.87,80.15,4.84,13.86,12.87,16.11,96.12,76.85,55.74,110.83,5.5,9.76,76.83,76.05,14.71,6.12,6.03,5.49,79.79,2.12,3.52,3.94,9.92,80.54,80.54,76.06,17.46,81.01,80.44,119.11,56.53,75.13,78.41,8.77,1.36,40.89,23.3,78.49,31.0,49.58,113.3,2.25,0.97,76.14,76.15,81.48,101.05,0.0,70.61,14.85,16.41,13.0,24.96,111.5,80.8,82.01,30.4,24.48,99.29,89.22,82.8,3.08,1.52,11.25,81.4,81.48,17.27,46.13,75.41,76.0,2.86,3.67,46.44,75.34,77.34,11.18,10.64,15.55,15.6,13.11,2.34,4.64,14.84,11.77,4.75,3.18,13.11,77.75,81.38,4.23,29.9,4.14,3.55,3.55,2.4,2.26,5.48,6.25,5.99,5.77,4.42,3.81,16.2,20.87,17.9,30.45,14.97,77.99,77.95,10.68,10.48,11.63,11.09,13.06,13.23,15.24,13.53,13.35,13.33,11.53,15.06,2.43,75.4,22.1,15.09,21.91,9.96,9.44,12.15,4.72,32.89,83.92,12.64,11.77,21.08,12.47,26.47,73.85,73.9,23.74,24.12,12.55,40.41,41.08,38.07,65.48
73.3,72.87,12.89,52.49,61.21,52.45,84.91,53.82,54.44,76.51,11.27,66.34,66.44,65.59,73.06,9.78,14.08,54.44,72.37,77.76,94.4,60.66,72.22,56.69,67.19,74.43,17.94,68.07,74.63,72.83,51.78,44.83,57.17,66.09,51.91,66.6,49.79,44.59,62.34,47.89,51.38,71.45,43.22,54.13,47.79,43.9,56.07,49.21,51.46,52.82,71.37,69.46,70.57,57.21,41.68,53.26,65.37,21.52,48.26,56.26,9.98,69.7,10.11,9.33,6.2,71.51,15.4,7.72,74.2,9.12,75.23,68.42,67.75,68.29,17.78,74.74,68.2,67.4,69.2,25.65,11.59,125.64,84.43,67.4,68.85,9.34,10.27,72.93,67.25,66.95,67.39,14.58,72.02,73.43,69.2,72.3,18.17,18.17,8.23,87.36,20.78,74.59,54.6,135.44,9.95,78.21,69.48,71.46,99.71,93.2,9.83,43.92,59.67,142.99,72.15,70.88,7.66,7.67,17.72,36.54,70.97,0.0,60.99,62.21,68.87,56.61,82.5,56.65,12.74,45.14,88.17,31.47,24.69,23.82,72.99,71.61,68.84,23.38,21.25,87.17,75.74,12.44,10.85,72.74,69.18,76.05,12.37,10.5,68.78,68.23,61.34,61.4,66.21,72.22,69.81,58.05,66.38,74.66,73.06,66.21,10.91,21.15,69.11,44.46,73.49,72.91,72.91,72.28,72.16,75.39,76.16,75.89,75.68,74.32,73.71,55.61,56.43,62.82,61.25,58.91,8.66,9.41,68.28,68.07,69.22,68.68,67.39,68.86,68.34,69.27,67.69,67.89,65.44,65.34,72.31,7.58,53.24,56.66,51.12,72.34,69.51,68.99,71.23,69.41,82.34,67.08,65.32,78.03,65.56,74.67,1.1,1.15,51.9,47.85,65.65,67.95,96.85,65.61,68.65
17.39,16.96,70.27,16.6,6.29,8.73,29.0,13.53,8.2,16.89,66.23,9.07,9.17,120.76,17.14,69.1,69.36,7.41,15.27,20.66,38.49,0.53,16.31,5.77,11.27,18.52,71.89,11.12,18.72,16.92,13.86,19.94,6.25,10.18,14.41,27.1,9.6,18.06,19.57,12.96,10.96,25.73,17.55,7.1,12.85,19.01,8.53,13.84,9.86,7.77,25.66,13.55,14.66,9.68,17.86,7.53,25.86,72.41,12.58,4.87,65.83,13.79,70.22,68.52,65.29,15.6,64.8,66.2,18.29,68.68,64.52,8.8,8.13,8.67,70.8,18.83,11.21,10.42,9.59,86.78,67.51,69.73,124.82,11.48,10.98,67.49,66.71,13.31,11.34,14.53,11.48,70.45,16.11,17.52,13.28,15.2,71.19,71.19,66.72,31.45,71.67,74.03,109.77,70.52,65.79,72.0,11.87,15.54,45.93,37.29,69.15,19.03,43.17,127.29,16.24,14.97,66.8,66.8,72.14,91.71,15.06,61.26,0.0,2.36,11.9,12.99,125.49,111.81,72.67,18.43,25.23,89.95,79.88,73.46,17.08,15.7,11.9,72.06,72.14,31.26,43.45,66.07,66.66,16.82,13.27,43.77,66.0,67.99,11.83,11.28,1.5,1.55,6.59,16.31,13.9,5.52,6.76,18.74,17.15,6.59,68.4,72.04,13.2,17.93,17.58,17.0,17.0,16.37,16.25,19.47,20.25,19.98,19.76,18.41,17.8,4.23,8.89,2.97,18.48,7.06,68.65,68.61,11.33,11.13,12.28,11.74,9.68,9.25,8.72,9.65,10.7,10.96,5.82,5.72,16.4,66.06,10.13,5.74,9.94,15.24,11.68,12.05,15.32,29.9,77.51,7.46,5.7,18.41,5.94,23.79,64.51,64.56,14.4,12.15,6.03,28.44,43.07,26.1,59.07
18.36,17.93,71.53,17.86,4.14,9.7,29.97,14.49,9.17,17.86,67.49,10.04,10.14,122.02,18.11,70.36,70.62,5.49,16.24,21.63,39.46,1.8,17.28,4.88,12.24,19.49,73.15,12.09,19.69,17.89,14.83,20.91,5.37,11.15,9.45,28.07,10.57,19.03,20.54,13.93,11.93,26.7,18.52,8.07,13.82,19.98,9.5,14.81,10.83,8.74,26.63,14.52,15.63,10.65,18.83,8.5,26.83,73.67,13.54,3.98,67.09,14.76,71.48,69.79,66.55,16.57,66.06,67.46,19.25,69.95,65.48,9.77,9.1,9.64,72.07,19.8,12.18,11.39,10.56,88.04,68.78,70.7,125.79,12.45,11.95,68.75,67.97,14.28,12.31,15.49,12.45,71.71,17.08,18.48,14.25,16.17,72.46,72.46,67.98,32.42,72.93,75.0,111.03,71.49,67.05,72.97,12.84,16.51,46.89,38.26,70.41,20.0,44.14,128.26,17.21,15.94,68.06,68.07,73.41,92.97,16.03,62.53,2.13,0.0,12.87,13.95,126.46,113.08,73.94,19.4,26.2,91.21,81.15,74.72,18.05,16.67,12.87,73.32,73.4,32.23,44.42,67.33,67.92,17.79,14.24,44.74,67.26,69.26,12.8,12.25,1.65,1.71,7.56,17.27,14.87,6.78,7.73,19.71,18.12,7.56,69.67,73.3,14.17,18.9,18.55,17.97,17.97,17.34,17.22,20.44,21.22,20.95,20.73,19.38,18.77,3.36,9.86,0.88,19.44,8.03,69.92,69.87,12.3,12.09,13.25,12.71,10.65,10.21,9.69,10.62,11.67,11.93,6.79,6.69,17.37,67.32,11.1,4.86,10.91,16.21,12.65,13.02,16.29,30.87,78.47,8.43,6.67,19.38,6.91,24.76,65.77,65.82,9.43,13.12,7.0,29.41,44.04,27.07,60.04
16.94,16.52,78.27,24.6,14.58,17.02,28.56,21.81,16.49,8.01,74.23,6.67,6.77,128.77,16.7,77.11,77.37,15.7,9.82,14.46,38.05,10.84,15.87,13.01,8.31,18.08,79.9,3.72,18.28,16.48,22.15,28.23,13.49,9.74,22.42,26.3,17.88,26.35,29.15,21.25,19.25,16.85,25.84,15.39,21.14,27.29,16.82,22.12,18.14,16.06,16.78,10.78,10.22,17.97,26.15,15.81,26.17,80.42,20.86,13.16,73.83,13.35,78.23,76.53,73.3,11.7,72.8,74.21,17.84,76.69,59.37,3.94,7.08,3.8,78.81,18.39,1.42,1.93,3.33,94.78,75.52,69.29,124.37,8.91,4.12,75.5,74.71,2.96,10.89,14.08,8.91,78.45,15.67,17.07,10.75,9.76,79.2,79.2,74.72,31.01,79.67,68.88,117.78,70.08,73.8,66.85,6.48,15.1,37.04,36.85,77.16,27.32,38.03,126.85,15.8,14.52,74.81,74.81,80.15,99.72,14.61,69.27,11.17,12.73,0.0,21.27,125.04,119.82,80.68,26.72,16.68,97.95,87.89,81.46,16.63,15.26,3.94,80.07,80.15,30.82,34.57,74.08,74.67,13.06,12.83,34.88,74.01,76.0,3.1,2.78,11.86,11.91,5.53,12.85,9.7,13.51,7.44,18.3,13.69,5.53,76.41,80.05,10.08,26.22,17.14,16.56,16.56,12.49,15.81,19.03,19.8,19.54,19.32,17.97,17.36,12.51,17.18,14.21,26.76,10.78,76.66,76.62,3.38,3.17,3.55,3.41,2.79,2.96,7.66,3.26,1.94,2.22,7.59,10.03,12.52,74.06,18.41,10.9,18.23,9.75,4.78,1.59,10.33,21.33,72.36,9.23,7.08,9.52,6.59,14.91,72.51,72.56,22.4,20.44,6.62,24.04,34.18,27.59,53.92
27.54,27.11,63.86,29.52,11.94,5.79,39.16,3.58,6.52,26.99,59.82,19.21,19.31,114.36,27.3,62.69,62.95,8.45,25.41,30.8,48.64,13.69,26.46,8.88,21.43,28.67,65.48,21.22,28.87,27.07,6.27,12.59,9.36,20.33,14.06,13.96,5.74,12.43,8.26,7.54,5.3,18.8,12.58,8.14,7.43,13.56,4.98,8.41,6.05,6.56,18.73,23.7,24.81,4.77,14.27,8.67,12.72,66.0,8.39,10.53,59.42,23.94,63.81,62.12,60.1,25.76,58.39,61.53,28.44,62.28,42.03,18.9,18.23,18.77,64.4,28.98,21.31,20.51,19.68,80.37,61.11,79.88,134.97,21.64,21.9,61.08,60.3,23.41,21.49,24.68,21.63,64.04,26.26,27.67,23.44,25.35,64.79,64.79,61.53,41.61,65.26,60.89,103.36,80.68,59.39,58.86,22.02,25.7,47.07,47.44,62.75,13.58,30.03,137.45,26.39,25.12,61.62,61.62,65.74,85.3,25.21,56.08,14.02,11.96,22.0,0.0,135.64,105.41,67.49,12.7,37.95,86.86,73.48,67.05,27.23,25.85,21.99,65.66,65.73,41.41,36.76,59.67,60.26,26.98,23.42,37.07,59.59,61.59,21.93,21.38,14.71,14.77,16.69,26.46,22.95,16.42,16.86,28.9,27.3,16.69,62.0,65.64,23.35,11.69,27.73,27.15,27.15,26.52,26.4,29.63,30.4,30.13,29.92,28.56,27.95,9.87,5.11,11.57,7.17,11.66,62.25,62.2,21.43,21.22,22.38,21.83,19.78,19.34,18.82,19.75,20.8,21.06,16.06,11.56,26.55,61.86,4.57,9.46,6.75,25.39,21.82,22.15,25.47,16.76,64.36,17.69,15.8,27.85,16.04,22.03,59.32,59.37,14.05,8.39,16.13,15.3,44.21,12.96,45.93
110.13,111.63,71.25,101.5,127.24,129.67,101.48,134.47,129.14,132.39,74.73,117.12,117.23,16.93,110.1,75.07,69.82,128.35,120.0,113.73,104.48,123.49,109.82,126.71,116.22,112.03,65.03,121.54,111.46,109.88,134.8,121.7,127.19,116.61,132.72,148.04,130.54,121.46,140.51,133.9,131.9,136.32,120.09,128.04,133.8,120.77,129.47,134.78,130.8,128.71,136.25,113.18,114.28,130.62,118.55,128.47,146.8,70.86,133.52,125.81,77.99,112.47,72.76,74.49,75.75,113.16,77.66,75.4,111.79,74.65,154.22,124.3,123.63,122.84,68.89,112.34,122.84,121.84,125.08,79.76,73.52,58.72,4.75,114.47,121.11,75.09,78.28,125.63,115.09,115.8,114.46,70.9,109.62,110.47,112.91,119.93,68.52,68.52,75.79,100.94,70.12,186.95,26.81,56.57,77.95,184.91,117.75,110.33,129.11,103.27,75.12,120.8,156.09,64.13,109.74,110.53,86.74,86.74,64.91,49.86,110.43,81.02,123.82,125.38,123.51,133.93,0.0,28.85,91.81,122.01,123.27,86.25,57.67,73.16,110.58,110.49,122.6,68.44,70.59,103.2,153.02,74.76,74.32,111.53,112.9,153.33,74.76,72.95,122.53,121.98,124.52,124.57,122.08,110.73,114.86,123.81,120.74,111.49,111.48,122.08,74.37,70.49,113.41,121.33,112.44,111.86,111.86,111.41,108.85,111.74,107.16,112.72,112.51,111.16,111.45,125.17,129.84,126.87,139.42,123.94,76.27,74.58,122.03,121.83,122.98,122.44,122.03,122.2,124.21,122.5,122.32,122.3,120.5,124.03,111.44,75.25,131.07,124.06,130.88,119.97,119.33,123.5,114.94,139.4,190.42,121.61,120.74,133.9,121.44,136.41,80.21,80.26,132.71,133.09,121.52,142.11,129.3,147.04,171.99
80.77,78.9,46.98,74.03,77.78,105.06,127.31,106.42,107.04,97.69,50.46,82.92,83.02,12.57,79.19,50.8,45.54,107.04,85.3,89.21,130.32,81.83,81.0,109.29,81.52,83.21,40.76,89.24,82.1,79.42,104.39,97.43,109.77,81.47,75.39,119.2,102.39,97.19,114.94,100.5,103.98,124.05,95.82,106.73,100.39,96.5,89.33,101.81,104.07,105.42,123.98,80.78,81.89,90.47,94.28,105.86,117.97,46.59,100.86,80.29,53.72,79.07,48.49,50.22,51.48,82.83,53.39,51.13,82.98,50.38,129.95,89.6,88.93,89.46,44.62,83.01,89.38,88.58,90.38,55.49,49.25,84.55,31.41,79.77,85.61,50.82,54.01,94.11,79.58,75.21,79.77,46.63,80.8,79.19,80.51,85.24,44.25,44.25,51.52,126.78,45.85,129.31,2.54,82.41,53.68,132.93,83.05,80.62,154.95,129.11,50.85,96.52,114.39,89.97,80.93,81.02,62.47,62.47,40.64,25.59,80.93,56.75,82.16,83.39,90.05,109.22,29.48,0.0,67.54,97.74,109.35,61.97,33.4,48.89,81.77,80.78,90.02,44.17,46.32,129.04,142.0,50.49,50.05,83.42,80.5,142.32,50.49,48.68,89.95,89.41,82.52,82.57,87.38,81.92,82.46,79.23,83.07,82.13,82.66,87.38,50.1,46.22,81.02,97.06,77.29,77.65,77.65,82.97,80.18,82.38,83.63,83.36,83.15,81.8,82.63,85.02,89.69,84.0,113.85,87.85,51.99,50.31,89.45,89.25,90.4,89.86,88.57,90.04,89.51,90.45,88.87,89.07,80.5,86.51,83.0,50.98,105.84,109.26,103.72,85.27,85.53,90.16,82.55,122.01,137.07,82.14,80.74,99.2,86.74,127.28,55.94,55.99,75.37,100.45,86.82,120.55,155.14,118.21,123.37
84.66,84.23,24.67,63.85,72.57,63.82,96.28,65.18,65.8,87.87,23.04,77.7,77.8,81.26,84.42,21.55,25.86,65.8,83.73,89.12,105.77,72.02,83.58,68.05,78.55,85.79,29.72,79.43,85.99,84.2,63.14,56.19,68.53,77.45,63.28,77.96,61.15,55.95,73.7,59.26,62.74,82.81,54.58,65.49,59.15,55.26,67.43,60.57,62.82,64.18,82.73,80.82,81.93,68.57,53.04,64.62,76.73,32.91,59.62,67.62,21.75,81.06,21.89,21.1,19.18,82.88,26.79,19.49,85.56,20.89,86.59,79.78,79.11,79.65,29.55,86.1,79.56,78.77,80.56,16.7,23.37,137.0,100.1,78.76,80.21,21.11,22.04,84.29,78.61,78.31,78.75,26.36,83.38,84.79,80.56,83.66,29.94,29.94,20.0,98.73,32.17,85.95,70.27,151.1,21.72,89.57,80.84,82.82,111.07,104.56,21.6,55.28,71.03,158.66,83.51,82.24,5.46,5.46,29.5,52.21,82.33,13.13,72.35,73.57,80.23,67.98,98.17,72.31,0.0,56.5,99.53,21.66,32.08,35.21,84.35,82.97,80.2,34.77,32.64,98.53,87.1,24.22,22.63,84.1,80.54,87.41,24.15,22.27,80.14,79.59,72.7,72.76,77.57,83.58,81.17,69.41,77.74,86.02,84.42,77.57,21.82,32.54,80.47,55.82,84.85,84.27,84.27,83.64,83.52,86.75,87.52,87.25,87.04,85.69,85.07,66.97,67.79,74.18,72.61,70.27,20.43,21.18,79.64,79.43,80.59,80.04,78.75,80.22,79.7,80.63,79.05,79.25,76.8,76.7,83.67,19.35,64.6,68.02,62.48,83.7,80.87,80.35,82.59,80.77,86.13,78.44,76.68,89.39,76.92,86.04,12.21,12.26,63.26,59.21,77.01,79.31,108.21,76.97,80.01
31.15,30.72,53.88,17.66,17.2,10.37,42.77,13.83,12.36,30.66,49.85,22.83,22.93,104.38,30.91,52.72,52.98,12.36,29.03,34.42,52.25,17.32,30.07,12.79,25.04,32.28,55.51,24.88,32.48,30.68,8.09,0.73,13.27,23.94,13.71,22.91,7.06,0.89,17.74,5.17,8.65,27.75,1.11,12.04,5.06,3.44,13.98,5.52,9.38,10.74,27.68,27.31,28.42,15.13,4.29,11.18,21.67,56.03,5.53,15.79,49.45,27.55,53.84,52.14,50.13,29.37,48.42,51.55,32.05,52.3,44.52,22.57,21.9,22.43,54.42,32.59,24.97,24.18,23.35,70.4,51.13,83.49,123.22,25.25,24.75,51.11,50.32,27.07,25.1,28.29,25.24,54.07,29.87,31.28,27.05,28.97,54.81,54.81,51.56,45.22,55.29,43.88,93.39,84.29,49.41,67.8,25.64,29.31,56.02,51.05,52.77,4.14,38.98,141.06,30.0,28.73,51.64,51.64,55.76,75.33,28.82,46.1,17.65,17.22,25.67,12.02,121.29,95.43,57.51,0.0,46.9,76.89,63.5,57.08,30.84,29.46,25.66,55.68,55.76,45.02,45.71,49.69,50.28,30.59,27.03,46.02,49.62,51.61,25.59,25.05,18.34,18.4,20.35,30.07,27.66,23.22,20.52,32.51,30.91,20.35,52.02,55.66,26.96,0.5,31.34,30.76,30.76,30.13,30.01,33.24,34.01,33.74,33.53,32.17,31.56,15.13,14.35,16.83,16.65,16.81,52.27,52.23,25.09,24.89,26.04,25.5,23.44,23.01,22.48,23.41,24.46,24.72,19.59,16.71,30.16,51.88,8.64,14.56,9.04,29.0,25.44,25.82,29.08,25.71,51.63,21.23,19.46,32.17,19.71,30.98,49.35,49.4,13.69,5.12,19.79,24.25,53.16,21.91,37.93
32.83,32.41,94.16,40.49,33.15,34.07,26.16,34.54,33.54,17.91,90.12,24.15,24.25,141.99,32.59,93.0,93.26,32.75,18.63,14.27,40.81,27.89,31.76,30.06,22.86,20.79,95.79,20.98,34.16,32.37,37.76,43.54,30.54,25.62,38.31,26.02,34.94,43.39,28.62,38.49,36.79,17.21,42.89,32.44,38.38,44.35,33.87,39.37,35.2,33.11,17.13,24.14,23.58,35.02,43.2,32.87,25.65,96.31,39.35,30.21,89.72,29.24,94.12,92.42,89.18,25.07,88.69,90.1,21.16,92.58,59.61,21.21,22.66,21.11,94.7,22.07,21.11,20.32,22.77,110.67,91.41,72.35,127.44,26.93,21.76,91.38,90.6,18.66,26.78,29.97,26.93,94.34,31.55,32.96,28.73,18.56,95.09,95.09,90.61,29.18,95.56,69.12,133.67,73.15,89.69,67.09,21.97,30.99,23.09,39.61,93.05,44.37,38.26,129.92,31.68,30.41,90.69,90.7,96.04,115.6,30.5,85.16,28.22,29.78,20.36,33.37,128.11,135.71,96.57,43.66,0.0,113.84,103.78,97.35,32.52,31.15,18.9,95.96,96.04,24.33,30.82,89.97,90.56,26.42,28.72,31.14,89.89,91.89,18.07,19.85,28.91,28.97,22.59,22.86,23.06,29.4,24.92,34.19,23.71,22.59,92.3,95.94,23.44,42.65,33.03,32.44,32.44,25.85,31.7,21.62,35.69,35.43,35.21,33.86,33.24,29.57,34.23,31.26,28.42,27.83,92.55,92.5,21.19,20.98,17.94,18.26,20.3,20.47,23.25,20.77,20.6,19.59,24.65,26.6,25.88,89.95,36.06,27.96,35.28,18.36,22.42,19.51,23.69,18.62,72.6,26.29,24.13,14.63,23.64,14.58,88.4,88.45,38.29,39.35,23.68,21.32,18.05,27.32,54.16
103.61,103.19,24.76,82.8,87.9,82.68,115.23,84.05,84.67,106.82,27.47,96.65,96.75,71.67,103.37,29.93,25.95,84.67,102.68,108.07,124.72,90.97,102.54,86.92,97.5,104.74,28.87,98.38,104.94,103.15,82.01,75.06,87.4,96.4,82.23,96.83,80.01,74.82,92.57,78.12,81.61,101.68,73.45,84.35,78.01,74.12,86.29,79.44,81.69,83.05,101.6,99.78,100.88,87.44,71.9,83.49,95.59,41.29,78.48,86.49,30.13,100.01,25.5,27.23,27.56,101.83,35.17,27.87,104.51,29.27,104.16,98.73,98.06,98.6,32.46,105.06,98.51,97.72,99.52,12.99,26.26,143.65,90.5,97.71,99.17,29.49,30.42,103.24,97.56,97.26,97.7,26.45,102.33,103.74,99.51,102.62,35.16,35.16,28.38,117.68,40.55,103.52,60.67,141.51,30.1,107.14,99.8,101.77,129.94,123.51,29.98,74.15,88.6,149.06,102.46,101.19,23.88,23.87,28.75,42.61,101.28,30.95,91.3,92.52,99.19,86.84,88.58,62.72,22.12,75.37,118.49,0.0,30.77,43.59,103.3,101.93,99.16,38.05,41.02,117.48,119.63,27.5,27.06,103.05,99.49,119.95,27.5,25.69,99.09,98.54,91.66,91.71,96.52,102.53,100.12,88.37,96.69,104.97,103.37,96.52,27.12,40.92,99.42,74.69,103.81,103.22,103.22,102.59,102.48,105.7,106.47,106.21,105.99,104.64,104.02,85.83,86.66,87.53,91.48,89.14,28.81,27.32,98.59,98.38,99.54,99.0,97.7,99.18,98.65,99.58,98.0,98.2,95.75,89.04,102.62,27.73,83.47,86.89,81.35,102.65,99.83,99.3,101.54,99.64,111.27,97.39,95.63,108.34,95.87,104.9,30.15,30.2,82.21,78.08,95.96,98.17,127.08,95.84,97.58
94.62,94.2,13.58,73.81,79.22,74.0,106.24,75.37,75.98,97.83,17.06,87.66,87.76,45.5,94.38,17.4,12.14,75.98,93.69,99.08,115.73,81.98,93.55,78.23,88.51,95.75,7.36,89.39,95.95,94.16,73.33,66.37,78.71,87.41,73.24,88.15,71.33,66.13,83.88,69.44,72.92,92.99,64.76,75.67,69.33,65.44,77.61,70.76,73.01,74.36,92.92,90.79,91.89,78.76,63.22,74.8,86.91,16.12,69.8,77.81,20.32,91.03,15.09,16.82,18.08,92.84,15.65,17.73,95.52,16.98,96.55,89.74,89.07,89.61,11.22,96.07,89.52,88.73,90.53,22.09,15.85,117.49,64.34,88.72,90.18,17.42,20.61,94.25,88.57,88.27,88.71,13.23,93.34,94.75,90.52,93.63,10.85,10.85,18.12,108.69,15.38,95.91,34.51,115.34,20.28,99.53,90.81,92.78,121.26,114.52,17.45,65.47,80.99,122.9,93.47,92.2,29.07,29.07,7.24,16.45,92.29,23.35,82.31,83.53,90.2,78.16,62.41,36.55,34.14,66.68,109.5,28.57,0.0,15.66,94.31,92.94,90.17,14.46,15.85,108.49,97.06,17.09,16.65,94.06,90.5,97.37,17.09,15.28,90.1,89.55,82.67,82.72,87.53,93.54,91.13,79.38,87.7,95.98,94.38,87.53,16.7,15.75,90.43,66.0,94.82,94.23,94.23,93.61,93.49,96.71,97.48,97.22,97.0,95.65,95.03,77.15,77.97,78.85,82.79,80.46,18.59,16.91,89.6,89.39,90.55,90.01,88.71,90.19,89.66,90.59,89.01,89.21,86.76,80.36,93.63,17.58,74.78,78.2,72.67,93.66,90.84,90.31,92.55,90.95,103.67,88.4,86.64,99.35,86.88,96.22,22.54,22.59,73.22,69.4,86.97,89.49,118.4,87.15,89.97
85.42,84.99,14.5,64.61,69.71,64.49,97.04,65.86,66.47,88.63,11.1,78.46,78.56,58.32,85.18,13.97,13.04,66.48,84.49,89.88,106.53,72.78,84.34,68.72,79.31,86.55,13.09,80.19,86.75,84.96,63.82,56.87,69.21,78.21,64.04,78.64,61.82,56.62,74.38,59.93,63.42,83.48,55.26,66.16,59.82,55.93,68.1,61.25,63.5,64.86,83.41,81.58,82.69,69.25,53.71,65.3,77.4,5.9,60.29,68.3,10.83,81.82,14.84,13.39,18.82,83.64,9.8,12.94,86.32,13.55,94.83,80.54,79.87,80.41,7.92,86.86,80.32,79.53,81.32,33.02,12.38,130.3,77.16,79.52,80.97,12.49,11.71,85.05,79.37,79.07,79.51,14.12,84.14,85.55,81.32,84.42,8.28,8.28,14.54,99.49,5.15,94.19,47.33,128.16,10.8,97.81,81.6,83.58,111.75,105.32,14.02,55.96,94.71,135.71,84.27,83.0,27.35,27.35,13.34,29.27,83.09,21.62,73.11,74.33,80.99,68.65,75.23,49.37,32.42,57.18,100.29,40.83,16.61,0.0,85.11,83.73,80.96,4.87,5.63,99.29,101.44,10.94,11.53,84.86,81.3,101.75,10.87,12.86,80.9,80.35,73.46,73.52,78.33,84.34,81.93,70.17,78.5,86.78,85.18,78.33,13.27,5.53,81.23,56.5,85.61,85.03,85.03,84.4,84.28,87.51,88.28,88.01,87.8,86.45,85.83,67.64,68.46,69.34,73.29,70.95,13.66,13.48,80.4,80.19,81.35,80.8,79.51,80.98,80.46,81.39,79.81,80.01,77.56,70.85,84.43,13.27,65.27,68.7,63.16,84.46,81.64,81.11,83.35,81.44,101.95,79.2,77.44,90.15,77.68,86.71,20.82,20.87,64.02,59.89,77.77,79.98,108.89,77.64,88.25
2.2,4.27,81.62,27.95,20.28,22.71,11.88,27.51,22.18,21.18,77.58,10.16,10.27,125.45,3.14,80.45,80.71,21.39,11.6,10.09,24.57,16.53,1.34,19.75,9.26,1.96,83.24,11.8,2.37,2.92,27.84,33.92,20.23,9.65,25.76,41.08,23.58,32.04,33.55,26.94,24.94,30.02,31.53,21.08,26.84,32.99,22.51,27.82,23.84,21.75,29.94,6.24,5.67,23.66,31.84,21.51,39.84,83.76,26.56,18.85,77.18,5.51,81.57,79.88,76.64,5.12,76.15,77.55,2.34,80.04,78.5,17.34,16.67,15.87,82.16,2.22,15.87,14.88,18.12,98.13,78.86,55.81,110.89,7.51,11.37,78.84,78.06,16.31,8.13,8.84,7.5,81.8,1.07,3.51,5.95,11.53,82.55,82.55,78.07,14.33,83.02,88.01,121.12,56.6,77.14,85.98,10.37,3.37,37.32,23.36,80.5,33.01,57.15,113.37,1.81,3.57,78.15,78.16,83.49,103.06,3.47,72.62,16.86,18.42,16.55,26.97,111.56,81.74,84.02,32.41,22.69,101.3,91.23,84.81,0.0,3.53,12.85,83.41,83.49,13.23,47.74,77.42,78.01,3.6,5.94,48.05,77.35,79.35,12.79,12.24,17.55,17.61,15.12,2.8,6.24,16.85,13.78,2.4,3.55,15.12,79.76,83.39,6.47,31.91,5.08,4.5,4.5,3.48,2.17,1.54,3.9,3.63,3.42,2.07,3.87,18.21,22.88,19.91,32.46,16.98,80.0,79.96,12.29,12.08,13.24,12.69,15.07,15.24,17.25,15.54,15.36,15.33,13.54,17.07,3.5,77.41,24.11,17.1,23.92,11.57,11.05,13.76,6.33,34.5,91.49,14.65,13.78,22.69,14.48,28.08,75.86,75.91,25.75,26.13,14.56,42.42,37.51,40.08,73.05
6.68,5.18,78.12,24.46,16.78,19.22,18.3,24.01,18.69,21.94,74.09,6.67,6.77,128.67,5.47,76.96,77.22,17.9,9.54,12.72,27.79,13.04,5.6,16.26,5.77,7.81,79.75,11.09,8.01,5.7,24.35,30.43,16.74,6.16,22.27,37.59,20.09,28.55,30.06,23.45,21.45,30.78,28.04,17.59,23.34,29.5,19.02,24.33,20.35,18.26,30.7,2.72,3.83,20.17,28.35,18.02,36.35,80.27,23.07,15.36,73.69,2.01,78.08,76.38,73.15,4.78,72.66,74.06,7.58,76.54,75.0,13.85,13.18,12.38,78.66,8.13,12.38,11.38,14.63,94.64,75.37,59.02,114.11,4.01,10.66,75.35,74.57,15.18,4.64,5.34,4.01,78.31,5.4,5.47,2.46,9.48,79.05,79.05,74.57,20.75,79.53,84.52,117.63,59.82,73.65,82.49,7.3,4.83,44.18,26.58,77.01,29.52,53.66,116.59,5.53,4.26,74.66,74.66,80.0,99.57,4.35,69.12,13.37,14.93,13.06,23.47,114.78,80.51,80.53,28.92,26.13,97.81,87.74,81.32,6.37,0.0,12.14,79.92,80.0,20.55,48.5,73.93,74.52,5.37,2.44,48.81,73.86,75.85,12.08,11.53,14.06,14.11,11.63,4.85,4.4,13.36,10.29,8.04,5.69,11.63,76.26,79.9,2.96,28.42,5.8,5.22,5.22,4.91,5.54,8.77,9.54,9.27,9.06,7.71,7.09,14.72,19.38,16.41,28.96,13.48,76.51,76.47,11.58,11.37,12.53,11.99,11.57,11.75,13.76,12.05,11.87,11.84,10.05,13.57,4.94,73.92,20.62,13.61,20.43,9.51,8.88,13.05,4.49,35.26,87.99,11.16,10.28,23.45,10.99,28.84,72.37,72.42,22.26,22.64,11.07,38.93,44.36,36.59,69.56
15.04,14.61,78.29,24.63,14.86,17.3,26.65,22.09,16.77,10.1,74.26,5.33,5.43,128.79,14.79,77.13,77.39,15.98,5.78,11.17,36.14,11.12,13.96,13.28,6.15,13.25,79.92,1.56,16.37,14.57,22.43,28.51,13.77,7.82,22.44,28.39,18.16,26.62,28.13,21.53,19.53,18.94,26.12,15.66,21.42,27.57,17.1,22.4,18.42,16.34,18.87,8.62,8.05,18.25,26.43,16.09,28.26,80.44,21.14,13.44,73.86,11.44,78.25,76.55,73.32,9.54,72.83,74.23,13.01,76.71,61.46,4.21,5.55,3.39,78.83,14.79,3.87,2.4,5.06,94.81,75.54,67.38,122.46,6.75,1.96,75.52,74.73,5.24,9.16,11.88,6.74,78.48,13.76,15.16,8.58,5.71,79.22,79.22,74.74,29.1,79.7,70.98,117.8,68.17,73.82,68.94,4.32,13.19,39.13,34.94,77.18,27.6,40.12,124.94,13.89,12.61,74.83,74.83,80.17,99.74,12.71,69.29,11.45,13.01,3.53,21.55,123.14,119.84,80.7,27.0,15.16,97.98,87.91,81.49,14.72,13.35,0.0,80.09,80.17,23.48,36.66,74.1,74.69,10.9,9.68,36.97,74.03,76.02,1.51,1.17,12.14,12.19,5.81,10.69,7.54,13.53,6.61,16.39,11.53,5.81,76.43,80.07,7.91,26.5,15.23,14.65,14.65,10.32,13.9,14.2,17.89,17.63,17.41,16.06,15.45,12.79,17.46,14.49,27.04,11.06,76.68,76.64,1.14,0.94,1.95,0.64,2.59,2.76,6.13,3.06,2.88,2.76,8.02,9.49,10.35,74.09,18.69,11.18,18.5,5.75,1.51,2.68,8.16,23.43,74.45,9.01,7.36,11.62,6.87,17.0,72.54,72.59,22.43,20.72,6.58,26.13,36.27,29.68,56.02
84.02,83.59,13.1,63.2,68.31,63.09,95.63,64.46,65.07,87.23,9.69,77.05,77.15,52.14,83.77,12.57,11.63,65.07,83.09,88.47,105.12,71.37,82.94,67.32,77.9,85.15,11.46,78.78,85.35,83.55,62.42,55.46,67.8,76.81,62.63,77.24,60.42,55.22,72.97,58.53,62.01,82.08,53.85,64.76,58.42,54.53,66.7,59.85,62.1,63.45,82.01,80.18,81.29,67.85,52.31,63.89,76.0,5.41,58.89,66.9,9.43,80.42,13.44,11.99,12.88,82.23,8.4,11.54,84.91,12.15,96.55,79.14,78.47,79.0,6.52,85.46,78.92,78.12,79.92,30.35,10.98,124.13,70.98,78.11,79.57,11.09,10.31,83.65,77.97,77.66,78.11,12.72,82.74,84.14,79.91,83.02,6.88,6.88,13.13,98.08,4.67,95.91,41.15,121.98,9.39,99.53,80.2,82.17,110.35,103.92,12.62,54.56,93.31,129.54,82.87,81.6,26.86,26.86,11.71,23.09,81.69,21.14,71.7,72.93,79.59,67.25,69.05,43.19,31.93,55.78,98.89,36.84,15.11,4.94,83.71,82.33,79.56,0.0,5.14,97.89,100.04,9.54,10.13,83.45,79.9,100.35,9.46,11.46,79.49,78.95,72.06,72.11,76.92,82.93,80.53,68.77,77.1,85.37,83.78,76.92,11.87,5.04,79.83,55.1,84.21,83.63,83.63,83.0,82.88,86.1,86.88,86.61,86.39,85.04,84.43,66.24,67.06,67.94,71.88,69.55,12.25,12.08,78.99,78.79,79.94,79.4,78.11,79.58,79.05,79.99,78.41,78.61,76.16,69.45,83.03,11.86,63.87,67.29,61.76,83.06,80.23,79.71,81.95,80.04,103.67,77.8,76.04,88.74,76.28,85.31,20.33,20.38,62.62,58.49,76.36,78.58,107.49,76.24,89.97
85.05,84.62,14.13,64.23,69.34,64.12,96.66,65.48,66.1,88.26,10.72,78.08,78.18,57.88,84.8,13.6,12.67,66.1,84.11,89.5,106.15,72.4,83.97,68.35,78.93,86.18,12.72,79.81,86.38,84.58,63.45,56.49,68.83,77.84,63.66,78.26,61.45,56.25,74.0,59.56,63.04,83.11,54.88,65.79,59.45,55.56,67.73,60.87,63.13,64.48,83.04,81.21,82.32,68.88,53.34,64.92,77.03,2.63,59.92,67.93,10.46,81.45,14.46,13.02,18.38,83.26,9.43,12.56,85.94,13.18,94.39,80.17,79.5,80.03,7.55,86.49,79.94,79.15,80.95,32.65,12.01,129.86,76.71,79.14,80.6,12.12,11.34,84.68,79.0,78.69,79.14,13.75,83.77,85.17,80.94,84.05,7.91,7.91,14.16,99.11,1.89,93.75,46.88,127.72,10.42,97.37,81.23,83.2,111.37,104.95,13.65,55.58,94.34,135.27,83.9,82.62,26.9,26.91,12.97,28.82,82.72,21.18,72.73,73.96,80.62,68.28,74.79,48.93,31.98,56.8,99.92,40.39,16.24,4.94,84.73,83.36,80.59,4.49,0.0,98.92,101.07,10.57,11.16,84.48,80.93,101.38,10.49,12.49,80.52,79.98,73.09,73.14,77.95,83.96,81.55,69.8,78.13,86.4,84.81,77.95,12.9,2.26,80.86,56.12,85.24,84.66,84.66,84.03,83.91,87.13,87.9,87.64,87.42,86.07,85.46,67.27,68.09,68.97,72.91,70.58,13.28,13.1,80.02,79.82,80.97,80.43,79.14,80.61,80.08,81.01,79.43,79.64,77.19,70.48,84.06,12.89,64.9,68.32,62.79,84.09,81.26,80.73,82.98,81.07,101.5,78.83,77.07,89.77,77.31,86.34,20.38,20.43,63.65,59.52,77.39,79.61,108.52,77.27,87.81
17.38,18.88,95.83,42.16,34.49,36.92,2.25,41.72,36.39,31.28,91.79,24.37,24.48,118.34,17.35,94.66,94.92,35.6,19.78,14.8,15.19,30.74,13.66,33.96,23.47,11.27,97.45,22.43,14.36,17.13,42.05,48.13,34.44,23.86,39.97,46.16,37.79,46.25,47.76,41.15,39.15,38.12,45.74,35.29,41.05,47.2,36.72,42.03,38.05,35.96,38.05,15.97,15.4,37.87,46.05,35.72,46.04,97.97,40.77,33.06,91.39,19.72,95.78,94.09,90.85,14.85,90.36,91.76,11.64,94.25,79.23,31.55,30.88,30.08,96.37,11.59,30.08,29.09,32.33,112.34,93.07,48.69,103.78,21.72,22.0,93.05,92.27,26.42,22.34,23.05,21.71,96.01,13.38,17.72,20.16,20.98,96.76,96.76,92.28,4.17,97.23,88.75,128.21,49.49,91.35,86.71,19.72,17.58,27.5,13.99,94.71,47.22,57.89,106.26,14.1,17.78,92.36,92.37,97.7,117.27,17.68,86.83,31.07,32.63,25.23,41.18,104.45,130.25,98.23,46.62,24.33,115.51,105.44,99.02,13.23,17.74,23.48,97.62,97.7,0.0,54.81,91.63,92.22,13.33,20.15,55.13,91.56,93.56,23.42,22.87,31.76,31.82,29.33,12.7,15.97,31.06,27.99,13.55,13.55,29.33,93.97,97.6,16.2,46.12,19.69,19.1,19.1,13.21,16.1,12.1,14.33,14.68,15.2,14.05,16.6,32.42,37.09,34.12,46.67,31.19,94.21,94.17,22.92,22.71,23.87,23.32,29.28,29.45,31.46,29.75,29.57,24.46,27.75,31.28,13.24,91.62,38.32,31.31,38.13,21.39,21.13,24.39,16.06,41.2,92.22,28.86,27.99,35.43,28.69,38.21,90.07,90.12,39.96,40.34,28.77,43.91,27.69,47.46,73.79
50.09,49.67,97.18,57.75,46.28,39.62,56.28,36.9,40.35,29.23,93.14,40.01,40.11,147.67,49.85,96.01,96.27,43.92,38.87,44.39,66.49,42.54,49.02,44.35,40.83,47.92,98.8,36.23,51.43,49.63,40.12,45.91,44.83,42.88,55.57,33.7,39.58,45.75,31.7,40.85,39.14,30.21,45.9,43.61,40.75,40.76,40.45,41.73,39.88,40.4,30.13,43.29,42.73,40.24,47.58,44.14,27.41,99.32,41.71,44.86,92.74,46.5,97.13,95.44,81.46,44.22,91.71,94.84,47.69,95.6,34.85,35.63,38.78,35.5,97.72,51.54,34.39,35.08,35.03,113.69,94.42,98.03,153.12,41.42,36.63,94.4,93.62,31.46,44.04,47.23,41.42,97.36,48.82,50.22,43.26,38.81,98.11,98.11,82.88,58.2,98.58,33.74,136.68,98.82,92.7,31.71,38.99,48.25,44.47,65.29,96.06,40.11,27.13,155.59,48.94,47.67,82.97,82.97,99.05,118.62,47.76,77.43,42.87,44.43,34.05,35.72,153.79,138.73,88.84,46.02,34.51,106.12,106.79,100.37,49.78,48.41,36.46,98.97,99.05,54.45,0.0,92.98,93.57,45.57,45.98,1.58,92.91,94.91,35.62,35.29,43.56,43.61,37.23,45.36,42.21,46.66,39.06,51.45,46.21,37.23,95.32,98.95,42.59,45.01,50.29,49.71,49.71,45.0,48.96,48.88,52.95,52.69,52.47,51.12,50.5,44.21,38.27,45.91,30.77,42.48,95.56,95.52,35.89,35.68,36.06,35.93,36.51,36.08,39.36,36.48,35.08,34.98,39.29,41.73,45.03,82.22,38.41,42.6,40.59,38.79,37.3,34.1,42.84,28.73,37.21,40.93,38.78,25.94,38.29,25.78,80.67,80.72,55.55,41.71,38.32,31.44,41.61,27.65,29.34
78.61,78.19,3.47,57.8,62.9,57.68,90.23,59.05,59.67,81.82,1.2,71.65,71.75,58.75,78.37,4.07,4.27,59.67,77.68,83.07,99.72,65.97,77.53,61.91,72.5,79.74,6.8,73.38,79.94,78.15,57.01,50.06,62.4,71.4,57.23,71.83,55.01,49.81,67.57,53.12,56.61,76.67,48.45,59.35,53.01,49.12,61.29,54.44,56.69,58.05,76.6,74.78,75.88,62.44,46.9,58.49,70.59,11.65,53.48,61.49,3.33,75.01,3.74,3.49,7.06,76.83,2.3,5.15,79.51,3.65,91.15,73.73,73.06,73.6,5.75,80.06,73.51,72.72,74.52,20.3,2.48,130.74,77.59,72.71,74.16,4.08,4.21,78.24,72.56,72.26,72.7,5.16,77.33,78.74,74.51,77.62,6.14,6.14,7.1,92.68,10.91,90.51,47.76,128.59,3.29,94.12,74.79,76.77,104.94,98.51,4.12,49.15,87.9,136.15,77.46,76.19,18.04,18.05,7.05,29.7,76.28,12.32,66.3,67.52,74.19,61.84,75.66,49.8,23.12,50.37,93.49,26.79,17.85,10.93,78.3,76.92,74.15,9.54,11.38,92.48,94.63,0.0,1.63,78.05,74.49,94.94,0.1,2.96,74.09,73.54,66.66,66.71,71.52,77.53,75.12,63.37,71.69,79.97,78.37,71.52,3.37,11.28,74.42,49.69,78.81,78.22,78.22,77.59,77.47,80.7,81.47,81.2,80.99,79.64,79.02,60.83,61.66,62.53,66.48,64.14,4.77,3.58,73.59,73.38,74.54,73.99,72.7,74.17,73.65,74.58,73.0,73.2,70.75,64.04,77.62,5.47,58.47,61.89,56.35,77.65,74.83,74.3,76.54,74.63,98.26,72.39,70.63,83.34,70.87,79.9,11.52,11.57,57.21,53.08,70.96,73.17,102.08,70.83,84.56
78.5,78.08,5.5,57.69,62.79,57.58,90.12,58.94,59.56,81.72,0.45,71.54,71.64,58.31,78.26,2.48,6.69,59.56,77.57,82.96,99.61,65.86,77.43,61.81,72.39,79.64,10.66,73.27,79.84,78.04,56.9,49.95,62.29,71.29,57.12,71.72,54.91,49.71,67.46,53.02,56.5,76.57,48.34,59.25,52.91,49.02,61.19,54.33,56.58,57.94,76.49,74.67,75.77,62.33,46.8,58.38,70.49,12.24,53.38,61.38,1.76,74.91,2.82,1.9,5.29,76.72,2.89,3.56,79.4,2.06,85.09,73.63,72.96,73.49,7.27,79.95,73.4,72.61,74.41,19.85,1.04,130.3,77.15,72.6,74.06,2.5,2.73,78.13,72.45,72.15,72.6,7.19,77.23,78.63,74.4,77.51,7.66,7.66,5.16,92.57,11.5,84.45,47.32,128.16,1.72,88.07,74.69,76.66,104.83,98.41,2.53,49.04,87.8,135.71,77.36,76.08,17.61,17.61,10.44,29.26,76.17,11.89,66.19,67.42,74.08,61.74,75.22,49.37,22.68,50.26,93.38,26.34,17.41,11.52,78.19,76.82,74.05,10.13,11.97,92.37,94.52,1.63,0.0,77.94,74.39,94.84,1.56,1.37,73.98,73.44,66.55,66.6,71.41,77.42,75.01,63.26,71.58,79.86,78.27,71.41,1.78,11.88,74.31,49.58,78.7,78.12,78.12,77.49,77.37,80.59,81.36,81.1,80.88,79.53,78.92,60.73,61.55,62.42,66.37,64.03,3.18,1.99,73.48,73.28,74.43,73.89,72.59,74.07,73.54,74.47,72.89,73.1,70.65,63.94,77.51,3.89,58.36,61.78,56.24,77.54,74.72,74.19,76.43,74.53,92.21,72.29,70.52,83.23,70.77,79.8,11.08,11.13,57.1,52.97,70.85,73.07,101.97,70.73,78.51
4.32,5.29,81.21,27.54,19.87,22.3,13.27,27.1,21.77,18.59,77.17,7.2,7.3,126.46,4.16,80.04,80.3,20.98,9.01,8.67,25.58,16.12,2.8,19.34,7.25,3.36,82.83,9.21,5.66,3.93,27.43,33.51,19.82,8.72,25.35,40.67,23.17,31.63,33.14,26.54,24.53,27.43,31.12,20.67,26.43,32.58,22.1,27.41,23.43,21.34,27.35,4.06,3.08,23.25,31.44,21.1,39.43,83.35,26.15,18.45,76.77,5.01,81.16,79.47,76.23,2.53,75.74,77.14,3.13,79.63,69.95,12.53,12.0,11.71,81.75,4.9,11.71,10.71,13.38,97.72,78.46,56.82,111.91,6.26,8.78,78.43,77.65,13.73,7.72,8.34,6.25,81.39,2.59,4.53,4.34,8.94,82.14,82.14,77.66,15.72,82.61,79.46,120.71,57.62,76.73,77.43,7.79,3.49,37.8,24.38,80.09,32.61,48.6,114.38,2.39,3.32,77.74,77.75,83.08,102.65,2.91,72.21,16.46,18.01,12.01,26.56,112.58,83.51,83.62,32.0,22.94,100.89,90.83,84.4,3.56,3.64,10.27,83.0,83.08,13.32,45.15,77.01,77.6,0.0,3.74,45.46,76.94,78.94,10.2,9.65,17.15,17.2,12.92,0.8,3.65,16.44,10.82,5.68,1.64,12.92,79.35,82.98,4.3,31.51,6.26,5.68,5.68,0.89,3.19,4.31,7.18,6.92,6.7,5.35,4.89,17.8,22.47,19.5,32.05,15.1,79.59,79.55,9.7,9.5,10.65,10.11,10.9,11.08,12.59,11.38,11.2,11.25,11.16,15.06,0.92,77.0,23.7,15.22,23.51,8.98,8.46,11.17,3.74,31.91,82.94,12.15,11.58,20.1,12.28,25.49,75.45,75.5,25.34,25.73,11.0,34.62,37.99,39.67,64.5
5.69,5.16,78.18,24.51,16.84,19.28,17.3,24.07,18.75,17.42,74.14,5.52,5.62,127.67,5.45,77.02,77.28,17.96,8.08,11.01,26.79,13.1,4.61,16.31,4.62,5.7,79.81,8.04,7.02,5.22,24.41,30.49,16.8,6.09,22.33,37.64,20.14,28.6,30.11,23.51,21.51,26.26,28.1,17.64,23.4,29.55,19.08,24.38,20.4,18.32,26.19,1.43,2.11,20.23,28.41,18.07,36.41,80.33,23.12,15.42,73.74,1.99,78.14,76.44,73.2,3.06,72.71,74.12,5.46,76.6,68.78,12.05,11.61,11.23,78.72,7.13,11.23,10.23,12.89,94.69,75.43,58.03,113.12,3.62,7.61,75.41,74.62,12.56,4.7,5.32,3.62,78.36,4.41,5.82,1.71,8.02,79.11,79.11,74.63,19.75,79.58,78.3,117.69,58.83,73.71,76.26,5.83,3.84,40.13,25.59,77.07,29.58,47.44,115.59,4.54,3.27,74.72,74.72,80.06,99.63,3.36,69.18,13.43,14.99,10.85,23.53,113.79,80.49,80.59,28.98,21.83,97.86,87.8,81.37,5.38,4.0,9.1,79.98,80.06,19.56,43.98,73.99,74.58,3.65,0.0,44.3,73.92,75.91,9.03,8.49,14.12,14.17,11.69,3.13,2.69,13.42,9.14,7.05,3.98,11.69,76.32,79.96,1.66,28.48,5.78,5.2,5.2,3.2,4.55,6.65,8.55,8.28,8.06,6.71,6.1,14.77,19.44,16.47,29.02,13.54,76.57,76.53,8.53,8.33,9.48,8.94,10.42,10.59,12.2,10.9,10.72,10.69,10.11,13.63,3.22,73.97,20.67,13.67,20.49,8.05,7.73,10.0,2.78,30.75,81.77,10.47,10.34,18.94,11.04,24.32,72.42,72.47,22.31,22.7,9.33,38.99,40.32,36.65,63.34
48.51,48.09,104.41,56.17,44.7,46.85,54.7,44.13,47.58,27.65,100.37,38.42,38.53,154.9,48.27,103.24,103.5,51.15,37.29,42.81,64.91,40.96,47.44,51.58,39.24,46.34,106.03,34.65,49.84,48.05,47.35,53.13,52.06,41.3,53.98,32.11,46.81,52.98,38.93,48.08,46.37,28.63,53.13,50.84,47.97,54.1,47.68,48.96,47.11,47.63,28.55,41.71,41.15,47.47,54.81,51.37,34.64,106.55,48.94,43.28,99.97,44.92,104.36,102.66,82.84,42.64,98.94,102.07,46.11,102.82,36.24,34.05,37.2,33.92,104.94,49.96,32.81,33.5,33.45,120.92,101.65,96.45,151.53,39.84,35.05,101.63,100.85,29.88,42.46,45.65,39.84,104.59,47.23,48.64,41.68,37.22,105.33,105.33,84.27,56.62,105.81,35.13,143.91,97.24,99.93,33.09,37.41,46.67,42.89,63.71,103.29,41.49,28.51,154.01,47.36,46.09,84.35,84.36,106.28,125.85,46.18,78.82,41.29,42.84,32.47,42.94,152.2,145.95,90.23,53.25,32.93,107.5,114.02,107.6,48.2,46.83,34.87,106.2,106.28,52.87,2.71,100.21,100.8,43.99,44.39,0.0,100.14,102.13,34.03,33.71,41.98,42.03,35.65,43.78,40.63,45.08,37.47,49.87,44.62,35.65,102.54,106.18,41.01,52.24,48.71,48.12,48.12,43.42,47.38,47.3,51.37,51.11,50.89,49.54,48.92,42.63,45.5,44.33,37.99,40.89,102.79,102.75,34.31,34.1,34.48,34.34,34.93,34.49,37.78,34.9,33.5,33.4,37.71,40.14,43.45,83.61,45.64,41.02,47.82,37.21,35.71,32.52,41.26,27.15,38.6,39.35,37.2,24.36,36.71,24.2,82.06,82.11,53.97,48.94,36.74,29.86,40.03,33.41,30.72
78.62,78.19,3.48,57.8,62.91,57.69,90.23,59.05,59.67,81.83,1.12,71.65,71.75,58.75,78.37,4.0,4.27,59.67,77.69,83.07,99.72,65.97,77.54,61.92,72.5,79.75,6.8,73.38,79.95,78.15,57.02,50.06,62.4,71.41,57.23,71.83,55.02,49.82,67.57,53.13,56.61,76.68,48.45,59.36,53.02,49.13,61.3,54.44,56.7,58.05,76.61,74.78,75.89,62.45,46.91,58.49,70.6,11.58,53.49,61.5,3.25,75.02,3.74,3.42,7.06,76.83,2.23,5.07,79.51,3.58,91.15,73.74,73.07,73.6,5.75,80.06,73.51,72.72,74.52,20.3,2.41,130.74,77.59,72.71,74.17,4.01,4.13,78.25,72.57,72.26,72.71,5.16,77.34,78.74,74.51,77.62,6.14,6.14,7.1,92.68,10.84,90.51,47.76,128.6,3.22,94.13,74.8,76.77,104.94,98.52,4.05,49.15,87.91,136.15,77.47,76.19,18.05,18.05,7.05,29.7,76.29,12.33,66.3,67.53,74.19,61.85,75.67,49.81,23.12,50.37,93.49,26.79,17.86,10.86,78.3,76.93,74.16,9.46,11.31,92.49,94.64,0.1,1.56,78.05,74.5,94.95,0.0,2.89,74.09,73.55,66.66,66.71,71.52,77.53,75.12,63.37,71.7,79.97,78.38,71.52,3.3,11.21,74.43,49.69,78.81,78.23,78.23,77.6,77.48,80.7,81.47,81.21,80.99,79.64,79.03,60.84,61.66,62.54,66.48,64.15,4.7,3.51,73.59,73.39,74.54,74.0,72.71,74.18,73.65,74.58,73.0,73.21,70.76,64.05,77.63,5.4,58.47,61.89,56.36,77.66,74.83,74.3,76.55,74.64,98.27,72.4,70.64,83.34,70.88,79.91,11.52,11.57,57.22,53.09,70.96,73.18,102.09,70.84,84.57
80.17,79.75,5.14,59.36,64.46,59.24,91.79,60.61,61.23,83.38,1.79,73.21,73.31,57.95,79.93,2.12,6.33,61.23,79.24,84.63,101.28,67.53,79.09,63.47,74.06,81.3,10.31,74.94,81.5,79.71,58.57,51.62,63.96,72.96,58.79,73.39,56.57,51.38,69.13,54.68,58.17,78.23,50.01,60.91,54.57,50.68,62.85,56.0,58.25,59.61,78.16,76.34,77.44,64.0,48.46,60.05,72.15,14.2,55.04,63.05,4.21,76.57,2.46,1.55,4.93,78.39,4.22,3.2,81.07,1.71,84.73,75.29,74.62,75.16,7.3,81.62,75.07,74.28,76.08,19.49,1.1,129.94,76.79,74.27,75.73,2.14,4.5,79.8,74.12,73.82,74.26,6.83,78.89,80.3,76.07,79.18,7.69,7.69,4.8,94.24,13.45,84.1,46.96,127.8,4.17,87.71,76.36,78.33,106.5,100.07,2.17,50.71,89.46,135.35,79.02,77.75,17.25,17.25,10.08,28.9,77.84,11.53,67.86,69.08,75.75,63.4,74.87,49.01,22.32,51.93,95.05,25.98,17.05,13.43,79.86,78.49,75.71,12.03,13.93,94.04,96.19,2.33,1.37,79.61,76.05,96.5,2.34,0.0,75.65,75.1,68.22,68.27,73.08,79.09,76.68,64.93,73.25,81.53,79.93,73.08,1.43,13.83,75.98,51.25,80.37,79.78,79.78,79.15,79.04,82.26,83.03,82.76,82.55,81.2,80.58,62.39,63.22,64.09,68.04,65.7,2.82,1.63,75.15,74.94,76.1,75.56,74.26,75.73,75.21,76.14,74.56,74.76,72.31,65.6,79.18,3.53,60.03,63.45,57.91,79.21,76.39,75.86,78.1,76.19,91.85,73.95,72.19,84.9,72.43,81.46,10.72,10.77,58.77,54.64,72.52,74.73,103.64,72.39,78.15
14.97,14.54,78.23,24.56,14.79,17.23,26.59,22.02,16.7,9.26,74.19,5.26,5.37,128.73,14.73,77.06,77.32,15.91,8.08,13.47,36.08,11.05,13.89,13.22,6.08,13.18,79.85,1.49,16.3,14.51,22.36,28.44,13.7,7.76,22.37,27.55,18.1,26.56,28.07,21.46,19.46,18.1,26.05,15.6,21.35,27.51,17.03,22.34,18.36,16.27,18.03,8.55,7.99,18.18,26.36,16.03,27.42,80.37,21.08,13.37,73.79,11.37,78.18,76.49,73.25,9.48,72.76,74.16,12.95,76.65,60.62,4.15,5.48,3.33,78.77,14.72,3.03,2.6,4.99,94.74,75.48,67.31,122.4,6.68,1.89,75.45,74.67,4.4,9.1,11.81,6.68,78.41,13.69,15.1,8.52,8.02,79.16,79.16,74.68,29.04,79.63,70.14,117.73,68.11,73.76,68.1,4.25,13.13,38.29,34.87,77.11,27.53,39.28,124.88,13.82,12.55,74.76,74.77,80.11,99.67,12.64,69.23,11.38,12.94,2.69,21.48,123.07,119.78,80.64,26.93,14.32,97.91,87.85,81.42,14.66,13.28,1.51,80.02,80.1,23.41,35.82,74.03,74.62,10.83,9.61,36.13,73.96,75.96,0.0,0.55,12.07,12.13,5.75,10.62,7.47,13.47,6.54,16.33,11.46,5.75,76.37,80.0,7.85,26.43,15.16,14.58,14.58,10.26,13.83,14.14,17.83,17.56,17.35,16.0,15.38,12.73,17.39,14.42,26.97,10.99,76.62,76.57,0.92,0.72,0.63,0.9,2.52,2.69,6.07,2.99,2.63,1.92,7.95,9.42,10.29,74.02,18.63,11.12,18.44,8.05,2.55,1.84,8.1,22.59,73.61,8.94,7.29,10.78,6.8,16.16,72.47,72.52,22.36,20.65,6.52,25.29,35.43,28.84,55.18
14.42,14.0,77.68,24.01,14.25,16.68,26.04,21.48,16.15,8.94,73.64,4.72,4.82,128.18,14.18,76.52,76.78,15.37,7.53,12.92,35.53,10.51,13.35,12.67,5.54,12.64,79.31,0.94,15.75,13.96,21.81,27.9,13.15,7.21,21.83,27.22,17.55,26.01,27.52,20.92,18.92,17.77,25.5,15.05,20.81,26.96,16.48,21.79,17.81,15.73,17.7,8.01,7.44,17.63,25.82,15.48,27.1,79.83,20.53,12.83,73.24,10.83,77.64,75.94,72.71,8.93,72.21,73.62,12.4,76.1,60.29,3.6,4.94,2.78,78.22,14.18,2.7,2.27,4.45,94.19,74.93,66.77,121.85,6.14,1.35,74.91,74.12,4.07,8.55,11.26,6.13,77.86,13.15,14.55,7.97,7.47,78.61,78.61,74.13,28.49,79.08,69.81,117.19,67.56,73.21,67.77,3.7,12.58,37.97,34.32,76.57,26.99,38.95,124.33,13.27,12.0,74.22,74.22,79.56,99.13,12.09,68.68,10.84,12.39,2.36,20.94,122.52,119.23,80.09,26.38,15.76,97.36,87.3,80.87,14.11,12.74,1.17,79.48,79.56,22.86,35.49,73.49,74.08,10.28,9.07,35.81,73.42,75.41,0.55,0.0,11.53,11.58,5.2,10.07,6.93,12.92,5.99,15.78,10.92,5.2,75.82,79.46,7.3,25.89,14.62,14.03,14.03,9.71,13.29,13.59,17.28,17.02,16.8,15.45,14.83,12.18,16.85,13.88,26.43,10.44,76.07,76.03,0.6,0.4,0.99,0.86,1.97,2.15,5.52,2.45,2.3,1.59,7.41,8.87,9.74,73.47,18.08,10.57,17.89,7.5,2.01,1.52,7.55,22.26,73.28,8.39,6.75,10.45,6.26,15.83,71.92,71.97,21.81,20.11,5.97,24.97,35.11,28.52,54.85
17.91,17.48,71.08,17.41,6.81,9.25,29.52,14.04,8.72,17.41,67.04,9.58,9.69,121.57,17.66,69.91,70.17,7.93,15.79,21.18,39.01,1.35,16.83,6.29,11.79,19.04,72.7,11.64,19.24,17.44,14.38,20.46,6.77,10.7,15.22,27.62,10.11,18.58,20.08,13.48,11.48,26.25,18.07,7.62,13.37,19.52,9.05,14.36,10.37,8.29,26.18,14.07,15.18,10.2,18.38,8.05,26.38,73.22,13.09,5.39,66.64,14.31,71.03,69.34,66.1,16.12,65.61,67.01,18.8,69.5,65.03,9.32,8.65,9.19,71.62,19.35,11.73,10.93,10.1,87.59,68.33,70.25,125.33,12.0,11.5,68.3,67.52,13.83,11.86,15.04,12.0,71.26,16.63,18.03,13.8,15.72,72.01,72.01,67.53,31.97,72.48,74.55,110.58,71.04,66.6,72.51,12.39,16.06,46.44,37.81,69.96,19.55,43.69,127.81,16.76,15.48,67.61,67.62,72.95,92.52,15.58,62.08,1.68,2.05,12.42,13.5,126.01,112.63,73.49,18.95,25.75,90.76,80.7,74.27,17.59,16.22,12.41,72.87,72.95,31.78,43.97,66.88,67.47,17.34,13.79,44.29,66.81,68.81,12.35,11.8,0.0,0.05,7.11,16.82,14.41,6.33,7.28,19.26,17.67,7.11,69.22,72.85,13.72,18.45,18.1,17.52,17.52,16.89,16.77,19.99,20.76,20.5,20.28,18.93,18.32,4.74,9.41,2.66,18.99,7.58,69.46,69.42,11.85,11.64,12.8,12.25,10.2,9.76,9.24,10.17,11.22,11.48,6.34,6.24,16.92,66.87,10.64,6.26,10.46,15.76,12.19,12.57,15.84,30.42,78.02,7.98,6.22,18.93,6.46,24.31,65.32,65.37,15.21,12.67,6.55,28.96,43.58,26.62,59.59
17.96,17.53,71.13,17.46,6.86,9.3,29.57,14.1,8.77,17.46,67.09,9.64,9.74,121.63,17.71,69.96,70.22,7.98,15.84,21.23,39.06,1.4,16.88,6.34,11.84,19.09,72.75,11.69,19.29,17.49,14.43,20.51,6.82,10.75,15.27,27.67,10.17,18.63,20.14,13.53,11.53,26.3,18.12,7.67,13.42,19.58,9.1,14.41,10.43,8.34,26.23,14.12,15.23,10.25,18.43,8.1,26.43,73.27,13.15,5.44,66.69,14.36,71.08,69.39,66.15,16.17,65.66,67.06,18.86,69.55,65.08,9.37,8.7,9.24,71.67,19.4,11.78,10.99,10.16,87.64,68.38,70.3,125.39,12.05,11.55,68.35,67.57,13.88,11.91,15.1,12.05,71.31,16.68,18.09,13.85,15.77,72.06,72.06,67.58,32.02,72.53,74.6,110.63,71.09,66.66,72.57,12.44,16.11,46.5,37.86,70.02,19.6,43.74,127.86,16.81,15.54,67.66,67.67,73.01,92.57,15.63,62.13,1.73,2.1,12.47,13.55,126.06,112.68,73.54,19.0,25.8,90.81,80.75,74.32,17.65,16.27,12.47,72.93,73.0,31.83,44.02,66.93,67.53,17.39,13.84,44.34,66.86,68.86,12.4,11.85,0.05,0.0,7.16,16.88,14.47,6.39,7.33,19.31,17.72,7.16,69.27,72.9,13.77,18.5,18.15,17.57,17.57,16.94,16.82,20.04,20.82,20.55,20.33,18.98,18.37,4.8,9.46,2.71,19.04,7.63,69.52,69.47,11.9,11.7,12.85,12.31,10.25,9.82,9.29,10.22,11.27,11.53,6.39,6.29,16.97,66.92,10.7,6.31,10.51,15.81,12.25,12.62,15.89,30.47,78.07,8.03,6.27,18.98,6.51,24.36,65.37,65.42,15.26,12.72,6.6,29.01,43.64,26.67,59.64
17.01,16.59,77.01,23.34,11.25,13.69,28.63,18.49,13.16,10.34,72.97,5.74,5.84,127.5,16.77,75.84,76.1,12.37,9.42,14.81,38.12,7.51,15.94,9.68,7.4,18.14,78.63,4.56,18.34,16.55,18.82,24.9,10.16,9.8,21.15,28.62,14.56,23.02,24.53,17.92,15.92,19.18,22.51,12.06,17.81,23.97,13.49,18.8,14.82,12.73,19.1,10.23,9.33,14.64,22.82,12.49,30.82,79.15,17.54,9.83,72.57,13.41,76.96,75.26,72.03,10.82,71.54,72.94,17.91,75.43,61.69,2.24,1.58,2.11,77.55,18.46,4.65,3.86,3.03,93.52,74.25,69.35,124.44,8.32,4.43,74.23,73.45,6.75,9.58,14.15,8.31,77.19,15.73,17.14,10.19,9.36,77.94,77.94,73.46,31.08,78.41,71.21,116.51,70.15,72.53,69.18,5.59,15.17,39.37,36.91,75.89,23.99,40.35,126.92,15.86,14.59,73.54,73.55,78.88,98.45,14.68,68.01,7.84,9.4,5.35,17.95,125.11,118.56,79.41,23.39,18.67,96.69,86.62,80.2,16.7,15.33,5.34,78.8,78.88,30.88,36.89,72.81,73.4,12.17,12.89,37.21,72.74,74.74,5.27,4.73,8.53,8.59,0.0,11.96,8.82,12.26,4.86,18.37,12.81,0.0,75.15,78.78,9.52,22.89,17.21,16.62,16.62,11.6,15.88,19.1,19.87,19.61,19.39,18.04,17.42,9.19,13.85,10.89,23.44,7.45,75.39,75.35,4.77,4.57,5.72,5.18,3.12,2.69,2.16,3.09,4.14,4.4,4.27,5.45,11.63,72.8,15.09,7.58,14.9,9.4,4.62,5.5,9.44,23.66,74.68,5.91,3.76,11.85,3.26,17.24,71.25,71.3,21.14,17.11,3.3,26.37,36.51,29.92,56.25
3.53,4.49,80.58,26.92,19.24,21.68,12.47,26.47,21.15,18.38,76.55,6.99,7.09,125.67,3.36,79.42,79.68,20.36,8.8,8.15,24.79,15.5,2.0,18.72,6.63,2.56,82.21,9.0,4.86,3.14,26.81,32.89,19.2,8.1,24.73,40.05,22.55,31.01,32.51,25.91,23.91,27.22,30.5,20.05,25.8,31.96,21.48,26.79,22.8,20.72,27.14,3.44,2.87,22.63,30.81,20.48,38.81,82.73,25.52,17.82,76.15,4.39,80.54,78.84,75.61,2.32,75.12,76.52,2.33,79.0,69.74,12.32,11.79,11.5,81.12,4.1,11.5,10.5,13.17,97.1,77.83,56.02,111.11,5.63,8.57,77.81,77.02,13.52,7.1,7.72,5.63,80.77,1.8,3.73,3.72,8.73,81.51,81.51,77.03,14.92,81.99,79.25,120.09,56.82,76.11,77.22,7.58,2.86,37.28,23.58,79.47,31.98,48.39,113.59,1.59,2.69,77.12,77.12,82.46,102.03,2.29,71.58,15.83,17.39,11.8,25.93,111.78,82.89,82.99,31.38,22.42,100.27,90.2,83.78,2.76,3.02,10.06,82.38,82.46,13.82,44.94,76.39,76.98,0.8,3.11,45.25,76.32,78.31,9.99,9.44,16.52,16.57,12.71,0.0,3.45,15.82,10.61,4.88,0.84,12.71,78.72,82.36,3.67,30.88,5.3,4.72,4.72,0.68,2.39,3.52,6.38,6.12,5.9,4.55,4.09,17.18,21.84,18.87,31.42,15.94,78.97,78.93,9.49,9.29,10.44,9.9,10.69,10.87,12.38,11.17,10.99,11.04,10.95,16.03,0.71,76.38,23.07,16.07,22.89,8.77,8.25,10.96,3.53,31.7,82.73,11.94,11.37,19.89,12.07,25.28,74.82,74.88,24.71,25.1,10.79,41.39,37.47,39.05,64.29
6.96,7.25,78.78,25.12,15.92,17.26,15.91,23.15,16.47,15.23,74.75,3.84,3.94,128.92,6.8,77.62,77.88,16.19,5.65,10.21,28.04,12.18,5.43,13.97,3.28,6.0,80.41,5.85,8.29,6.57,22.13,29.57,14.45,5.12,22.93,33.52,18.3,27.69,27.09,22.59,19.23,24.07,27.18,15.88,22.48,28.63,18.16,23.46,19.48,16.04,24.0,1.34,0.8,19.31,27.49,15.8,35.49,80.93,22.2,14.5,74.35,3.98,78.74,77.04,73.81,2.29,73.32,74.72,5.76,77.2,66.59,9.17,8.65,8.35,79.32,7.54,8.35,7.36,10.02,95.3,76.03,59.28,114.37,2.65,5.42,76.01,75.22,10.37,5.2,7.31,2.65,78.97,5.23,7.17,3.31,5.58,79.71,79.71,75.23,18.36,80.19,76.1,118.29,60.07,74.31,74.07,3.64,5.09,39.34,26.84,77.67,28.66,45.24,116.84,5.03,4.51,75.32,75.32,80.66,100.23,4.6,69.78,12.51,14.07,8.66,22.61,115.04,82.48,81.19,28.06,19.4,98.47,88.4,81.98,6.2,5.25,6.91,80.58,80.66,15.96,41.79,74.59,75.18,3.65,2.71,42.1,74.52,76.51,6.84,6.3,13.2,13.25,9.56,3.44,0.0,14.02,7.46,8.32,4.28,9.56,76.92,80.56,1.77,27.56,7.87,7.28,7.28,3.08,5.83,6.95,9.82,9.56,9.34,7.99,7.35,13.85,18.52,15.55,26.0,11.74,77.17,77.13,6.34,6.14,7.29,6.75,7.55,7.72,9.23,8.02,7.84,7.89,7.8,11.7,3.1,74.58,18.4,11.87,19.57,5.62,5.1,7.81,2.01,28.55,79.58,8.79,8.22,16.74,8.92,22.13,73.03,73.08,22.92,21.78,7.65,31.26,39.53,35.73,61.14
17.75,17.32,67.34,13.67,5.23,12.79,29.36,17.59,12.27,20.96,63.3,10.78,10.88,117.84,17.5,66.18,66.44,11.48,16.81,22.2,38.85,5.1,16.67,9.83,11.63,18.88,68.97,12.51,19.08,17.28,17.93,24.01,10.31,10.54,11.49,31.16,13.66,22.12,23.63,17.03,15.03,29.8,21.62,11.16,16.92,23.07,12.6,17.9,13.92,11.84,29.72,13.91,15.02,13.74,21.93,11.59,29.93,69.49,16.64,8.94,62.9,14.15,67.3,65.6,62.36,15.96,61.87,63.28,18.64,65.76,68.58,12.87,12.2,12.73,67.88,19.19,12.64,11.85,13.65,83.85,64.59,70.09,125.17,11.84,13.3,64.56,63.78,17.38,11.7,9.59,11.84,67.52,16.47,17.87,13.64,16.75,68.27,68.27,63.79,31.81,68.74,78.1,106.85,70.88,62.87,76.06,13.93,15.9,44.18,37.65,66.23,23.1,47.24,127.65,16.6,15.32,63.88,63.88,69.22,88.79,15.42,58.34,5.43,6.66,13.32,17.05,125.85,108.89,69.75,22.5,32.62,87.02,76.96,70.53,17.43,16.06,13.29,69.14,69.22,31.62,47.52,63.15,63.74,17.18,13.63,47.83,63.07,65.07,13.22,12.68,5.79,5.84,10.65,16.66,14.25,0.0,10.83,19.1,17.51,10.65,65.48,69.12,13.56,22.0,17.94,17.36,17.36,16.73,16.61,19.83,20.6,20.34,20.12,18.77,18.16,8.29,12.96,7.27,22.54,11.12,65.73,65.69,12.72,12.52,13.67,13.13,11.84,13.31,12.78,13.71,12.13,12.34,9.89,9.78,16.76,63.13,14.19,9.8,14.0,16.79,13.96,13.43,15.68,33.97,81.57,11.53,9.76,22.47,10.01,27.86,61.58,61.63,11.47,16.22,10.09,32.5,41.32,30.17,63.13
13.72,13.29,75.49,21.82,9.73,12.17,25.33,16.96,11.64,12.69,71.45,3.74,3.85,125.98,13.48,74.32,74.58,10.85,9.95,15.33,34.82,5.99,12.64,8.16,5.41,14.85,77.11,5.59,15.05,13.25,17.3,23.38,8.64,6.51,19.63,30.54,13.04,21.5,23.01,16.4,14.4,21.53,20.99,10.54,16.29,22.45,11.97,17.28,13.3,11.21,21.46,8.23,8.0,13.12,21.3,10.97,29.3,77.63,16.02,8.31,71.05,10.12,75.44,73.74,70.51,9.49,70.02,71.42,14.62,73.9,64.05,4.6,3.93,4.47,76.02,15.16,6.61,5.61,5.38,92.0,72.73,66.06,121.15,6.32,5.16,72.71,71.93,9.4,7.58,10.85,6.32,75.67,12.44,13.85,8.19,9.88,76.41,76.41,71.94,27.78,76.89,73.57,114.99,66.86,71.01,71.53,5.34,11.87,41.72,33.62,74.37,22.47,42.71,123.62,12.57,11.3,72.02,72.02,77.36,96.93,11.39,66.48,6.32,7.88,7.28,16.42,121.82,117.04,77.89,21.87,20.35,95.17,85.1,78.68,13.41,12.03,6.65,77.28,77.36,27.59,39.25,71.29,71.88,10.84,9.6,39.56,71.22,73.22,6.58,6.03,7.01,7.06,2.39,10.63,7.49,10.74,0.0,15.08,11.48,2.39,73.62,77.26,7.52,21.37,13.91,13.33,13.33,10.27,12.58,15.81,16.58,16.31,16.1,14.74,14.13,7.67,12.33,9.36,21.91,5.93,73.87,73.83,6.08,5.87,7.03,6.49,5.8,5.97,4.52,6.27,6.1,6.07,4.3,5.18,10.3,71.28,13.57,6.06,13.38,9.92,5.35,7.55,9.2,26.02,77.04,5.28,2.23,14.21,1.74,19.59,69.73,69.78,19.62,15.59,0.73,28.72,38.86,29.54,58.61
2.06,4.69,82.91,29.24,21.57,24.01,12.29,28.8,23.48,26.73,78.88,11.46,11.56,127.21,3.67,81.75,82.01,22.69,13.72,12.21,26.33,17.83,4.01,21.05,10.56,3.31,84.54,15.88,2.15,3.45,29.14,35.22,21.53,10.95,27.06,42.38,24.88,33.34,34.84,28.24,26.24,35.57,32.83,22.38,28.13,34.29,23.81,29.12,25.13,23.05,35.49,7.51,7.79,24.96,33.14,22.81,41.14,85.06,27.85,20.15,78.48,6.8,82.87,81.17,77.94,7.24,77.45,78.85,3.68,81.33,79.79,18.64,17.97,17.17,83.45,3.18,17.17,16.17,19.42,99.43,80.16,57.57,112.65,8.8,15.45,80.14,79.35,19.96,9.43,8.66,8.8,83.1,3.8,4.13,7.25,13.65,83.84,83.84,79.36,14.74,84.32,89.31,82.12,58.36,78.44,87.28,12.5,4.67,37.74,25.13,81.8,34.31,58.45,115.13,3.93,4.86,79.45,79.45,84.79,104.36,4.77,73.91,18.16,19.72,17.85,28.26,113.32,82.16,85.32,33.71,26.48,102.6,92.53,86.11,2.46,4.83,16.93,84.71,84.79,13.64,53.29,78.72,79.31,5.72,7.23,53.6,78.65,80.64,16.87,16.32,18.85,18.9,16.42,4.92,8.36,18.15,15.08,0.0,5.67,16.42,81.05,84.69,7.75,33.21,5.5,4.92,4.92,5.6,3.18,2.55,1.5,1.24,1.02,1.84,5.63,19.51,24.17,21.2,33.75,18.27,81.3,81.26,16.37,16.16,17.32,16.77,16.36,16.54,18.55,16.84,16.66,16.63,14.84,18.36,5.63,78.71,25.4,18.4,25.22,13.69,13.67,17.84,8.45,40.05,92.78,15.95,15.07,28.24,15.78,33.63,77.15,77.2,27.04,27.43,15.86,43.72,37.93,41.38,74.35
3.99,4.95,82.3,28.63,20.96,23.39,12.93,28.19,22.86,18.94,78.26,7.55,7.65,126.13,3.82,81.13,81.39,22.07,9.36,8.9,25.25,17.21,2.46,20.43,7.19,3.03,83.92,9.56,5.32,3.6,28.52,34.6,20.91,8.66,26.44,41.76,24.26,32.72,34.23,27.63,25.62,27.78,32.21,21.76,27.52,33.67,23.19,28.5,24.52,22.43,27.7,4.0,3.43,24.34,32.53,22.19,40.52,84.44,27.24,19.53,77.86,4.95,82.25,80.56,77.32,2.88,76.83,78.23,2.79,80.72,70.3,12.88,12.35,12.06,82.84,4.56,12.06,11.06,13.73,98.81,79.55,56.49,111.57,6.19,9.13,79.52,78.74,14.08,7.66,8.28,6.19,82.48,2.26,4.19,4.28,9.29,83.23,83.23,78.75,15.38,83.7,79.81,121.8,57.28,77.82,77.78,8.14,3.42,38.03,24.04,81.18,33.7,48.95,114.05,2.06,3.25,78.83,78.84,84.17,103.74,2.85,73.3,17.55,19.1,12.36,27.65,112.24,82.42,84.71,33.09,23.17,101.98,91.92,85.49,3.23,3.58,10.62,84.09,84.17,14.28,45.5,78.1,78.69,1.36,3.67,45.81,78.03,80.03,10.55,10.0,18.24,18.29,13.27,0.56,4.0,17.53,11.17,5.35,0.0,13.27,80.44,84.07,4.23,32.6,5.76,5.18,5.18,1.24,2.85,3.98,6.85,6.58,6.36,5.01,4.55,18.89,23.56,20.59,33.14,17.66,80.68,80.64,10.05,9.85,11.0,10.46,11.25,11.43,12.94,11.73,11.55,11.6,11.51,17.75,1.27,78.09,24.79,17.78,24.6,9.33,8.81,11.52,4.09,32.26,83.29,12.5,11.93,20.45,12.63,25.84,76.54,76.59,26.43,26.82,11.35,43.1,38.22,40.76,64.85
17.01,16.59,77.01,23.34,11.25,13.69,28.63,18.49,13.16,10.34,72.97,5.74,5.84,127.5,16.77,75.84,76.1,12.37,9.42,14.81,38.12,7.51,15.94,9.68,7.4,18.14,78.63,4.56,18.34,16.55,18.82,24.9,10.16,9.8,21.15,28.62,14.56,23.02,24.53,17.92,15.92,19.18,22.51,12.06,17.81,23.97,13.49,18.8,14.82,12.73,19.1,10.23,9.33,14.64,22.82,12.49,30.82,79.15,17.54,9.83,72.57,13.41,76.96,75.26,72.03,10.82,71.54,72.94,17.91,75.43,61.69,2.24,1.58,2.11,77.55,18.46,4.65,3.86,3.03,93.52,74.25,69.35,124.44,8.32,4.43,74.23,73.45,6.75,9.58,14.15,8.31,77.19,15.73,17.14,10.19,9.36,77.94,77.94,73.46,31.08,78.41,71.21,116.51,70.15,72.53,69.18,5.59,15.17,39.37,36.91,75.89,23.99,40.35,126.92,15.86,14.59,73.54,73.55,78.88,98.45,14.68,68.01,7.84,9.4,5.35,17.95,125.11,118.56,79.41,23.39,18.67,96.69,86.62,80.2,16.7,15.33,5.34,78.8,78.88,30.88,36.89,72.81,73.4,12.17,12.89,37.21,72.74,74.74,5.27,4.73,8.53,8.59,0.0,11.96,8.82,12.26,4.86,18.37,12.81,0.0,75.15,78.78,9.52,22.89,17.21,16.62,16.62,11.6,15.88,19.1,19.87,19.61,19.39,18.04,17.42,9.19,13.85,10.89,23.44,7.45,75.39,75.35,4.77,4.57,5.72,5.18,3.12,2.69,2.16,3.09,4.14,4.4,4.27,5.45,11.63,72.8,15.09,7.58,14.9,9.4,4.62,5.5,9.44,23.66,74.68,5.91,3.76,11.85,3.26,17.24,71.25,71.3,21.14,17.11,3.3,26.37,36.51,29.92,56.25
81.54,81.11,5.26,60.73,65.83,60.61,93.16,61.98,62.59,84.75,2.09,74.58,74.68,58.07,81.3,2.24,6.45,62.6,80.61,86.0,102.64,68.9,80.46,64.84,75.43,82.67,10.42,76.31,82.87,81.07,59.94,52.99,65.33,74.33,60.16,74.76,57.94,52.74,70.5,56.05,59.54,79.6,51.38,62.28,55.94,52.05,64.22,57.37,59.62,60.98,79.53,77.7,78.81,65.37,49.83,61.42,73.52,13.88,56.41,64.42,3.56,77.94,2.58,0.9,4.28,79.76,4.52,2.55,82.44,1.06,84.85,76.66,75.99,76.53,8.67,82.98,76.44,75.64,77.44,19.61,2.47,130.06,76.91,75.64,77.09,1.49,3.84,81.17,75.49,75.19,75.63,6.95,80.26,81.67,77.44,80.54,9.06,9.06,4.15,95.61,13.14,84.21,47.08,127.92,3.52,87.83,77.72,79.7,107.87,101.44,2.29,52.08,69.29,135.47,80.39,79.12,17.37,17.37,10.2,29.02,79.21,11.65,69.23,70.45,77.11,64.77,74.98,49.13,22.44,53.3,96.41,26.1,17.17,13.16,81.23,79.85,77.08,11.76,13.61,95.41,97.56,3.26,1.68,80.98,77.42,97.87,3.19,1.37,77.02,76.47,69.58,69.64,74.45,80.46,78.05,66.29,74.62,82.9,81.3,74.45,0.0,13.51,77.35,52.62,81.73,81.15,81.15,80.52,80.4,83.63,84.4,84.13,83.92,82.57,81.95,63.76,64.58,65.46,69.41,67.07,2.17,0.99,76.52,76.31,77.47,76.92,75.63,77.1,76.58,77.51,75.93,76.13,73.68,66.97,80.55,2.88,61.39,64.82,59.28,80.58,77.75,77.23,79.47,77.56,91.97,75.32,73.56,86.27,73.8,82.83,10.84,10.89,60.14,56.01,73.89,76.1,105.01,73.76,78.27
82.78,82.36,11.87,61.97,67.07,61.85,94.4,63.22,63.84,86.0,8.46,75.82,75.92,55.68,82.54,11.33,10.4,63.84,81.85,87.24,103.89,70.14,81.71,66.09,76.67,83.92,10.45,77.55,84.12,82.32,61.18,54.23,66.57,75.57,61.4,76.0,59.19,53.99,71.74,57.29,60.78,80.85,52.62,63.53,57.19,53.3,65.47,58.61,60.86,62.22,80.77,78.95,80.05,66.61,51.08,62.66,74.77,3.26,57.66,65.66,8.2,79.19,12.2,10.76,16.18,81.0,7.17,10.3,83.68,10.92,92.2,77.91,77.24,77.77,5.29,84.23,77.68,76.89,78.69,30.39,9.75,127.67,74.52,76.88,78.34,9.86,9.07,82.41,76.73,76.43,76.88,11.49,81.51,82.91,78.68,81.79,5.64,5.64,11.9,96.85,2.52,91.56,44.69,125.52,8.16,95.17,78.97,80.94,109.11,102.68,11.38,53.32,92.08,133.08,81.63,80.36,24.71,24.71,10.71,26.63,80.45,18.99,70.47,71.69,78.36,66.01,72.59,46.73,29.78,54.54,97.66,38.2,13.97,2.67,82.47,81.1,78.33,2.23,2.99,96.65,98.8,8.3,8.89,82.22,78.67,99.12,8.23,10.23,78.26,77.71,70.83,70.88,75.69,81.7,79.29,67.54,75.86,84.14,82.55,75.69,10.64,0.0,78.59,53.86,82.98,82.4,82.4,81.77,81.65,84.87,85.64,85.38,85.16,83.81,83.19,65.01,65.83,66.7,70.65,68.31,11.02,10.84,77.76,77.56,78.71,78.17,76.87,78.35,77.82,78.75,77.17,77.38,74.93,68.21,81.79,10.63,62.64,66.06,60.52,81.82,79.0,78.47,80.71,78.81,99.31,76.57,74.8,87.51,75.05,84.07,18.18,18.23,61.38,57.25,75.13,77.35,106.25,75.01,85.61
6.74,6.21,78.09,24.42,16.75,19.19,18.36,23.98,18.66,15.76,74.06,3.86,3.96,128.73,6.5,76.93,77.19,17.87,6.42,11.55,27.85,13.01,5.67,13.99,2.96,6.24,79.72,6.38,8.08,6.28,24.32,30.4,14.47,4.43,22.24,37.56,20.05,28.52,30.02,23.42,21.42,24.6,28.01,17.56,23.31,29.46,18.99,24.3,20.31,18.23,24.53,0.71,2.66,20.14,28.32,17.99,36.32,80.24,23.03,15.33,73.66,3.04,78.05,76.35,73.12,3.6,72.63,74.03,6.0,76.51,67.12,10.39,9.95,9.57,78.63,7.78,9.57,8.57,11.23,94.61,75.34,59.09,114.17,1.96,5.95,75.32,74.53,10.9,4.51,6.25,1.96,78.28,5.47,6.87,1.12,6.35,79.02,79.02,74.54,20.81,79.5,76.63,117.6,59.88,73.62,74.6,4.17,4.69,40.68,26.65,76.98,29.49,45.77,116.65,5.6,4.11,74.63,74.63,79.97,99.54,4.21,69.09,13.34,14.9,9.19,23.44,114.84,81.45,80.5,28.89,20.17,97.78,87.71,81.29,6.43,4.85,7.44,79.89,79.97,16.2,42.32,73.9,74.49,4.19,1.77,42.63,73.83,75.82,7.37,6.83,14.03,14.08,9.58,3.67,1.8,13.33,7.48,8.1,4.52,9.58,76.23,79.87,0.0,28.39,6.83,6.25,6.25,3.74,5.61,7.19,9.6,9.34,9.12,7.77,7.16,14.68,19.35,16.38,28.93,11.76,76.48,76.44,6.87,6.67,7.82,7.28,8.76,8.93,10.53,9.23,9.06,9.03,7.82,11.72,3.77,73.88,20.58,11.89,20.4,6.39,6.07,8.34,3.32,29.08,80.11,8.81,8.24,17.27,8.94,22.66,72.33,72.38,22.22,22.61,7.66,31.79,34.68,36.56,61.67
31.8,31.38,53.75,18.15,16.22,11.03,43.42,13.48,13.01,31.31,49.71,23.48,23.58,104.25,31.56,52.59,52.85,13.01,29.68,35.07,52.91,17.98,30.73,13.44,25.69,32.94,55.38,25.53,33.13,31.34,7.74,0.6,13.92,24.59,14.36,22.56,7.55,0.37,18.24,5.66,7.9,27.41,1.6,12.7,5.55,3.3,14.64,5.17,10.04,11.39,27.33,27.97,29.07,15.79,4.16,11.83,21.33,55.9,6.02,14.81,49.31,28.21,53.71,52.01,50.0,30.02,48.28,51.42,32.7,52.17,44.38,23.22,22.55,23.08,54.29,33.25,25.62,24.83,24.0,70.26,51.0,84.15,123.09,25.9,25.4,50.98,50.19,27.73,25.76,28.94,25.9,53.93,30.52,31.93,27.7,29.62,54.68,54.68,51.42,45.87,55.15,43.75,93.26,84.94,49.28,67.46,26.29,29.96,55.67,51.7,52.64,4.01,38.64,141.71,30.65,29.38,51.51,51.51,55.63,75.2,29.47,45.97,18.31,16.24,26.32,12.92,121.16,95.3,57.38,0.5,46.56,76.75,63.37,56.94,31.49,30.12,26.31,55.55,55.63,45.67,45.36,49.56,50.15,31.24,27.68,45.68,49.49,51.48,26.25,25.7,19.0,19.05,21.0,30.72,28.31,22.73,21.18,33.16,31.56,21.0,51.89,55.53,27.61,0.0,32.0,31.41,31.41,30.79,30.67,33.89,34.66,34.4,34.18,32.83,32.21,14.15,15.0,15.85,17.15,17.46,52.14,52.1,25.75,25.54,26.69,26.15,24.09,23.66,23.13,24.07,25.11,25.37,20.24,17.36,30.81,51.75,9.14,15.21,9.7,29.65,26.09,26.47,29.73,25.37,51.5,21.88,20.12,32.82,20.36,30.64,49.21,49.26,14.35,5.62,20.44,23.91,52.81,21.57,37.8
4.35,2.48,81.59,27.92,20.25,22.68,17.42,27.48,22.15,21.92,77.55,10.14,10.24,127.79,2.77,80.42,80.68,21.36,12.57,12.79,26.91,16.5,4.58,19.72,9.11,6.79,83.21,12.54,5.68,3.0,27.81,33.89,20.2,9.62,25.73,41.05,23.55,32.01,33.52,26.92,24.91,30.76,31.5,21.05,26.81,32.96,22.48,27.79,23.81,21.72,30.68,5.92,7.03,23.63,31.82,21.48,39.81,83.73,26.53,18.82,77.15,4.21,81.54,79.85,76.61,7.23,76.12,77.52,6.56,80.01,78.47,17.31,16.64,15.85,82.13,6.59,15.85,14.85,18.09,98.1,78.84,58.14,113.23,7.47,12.11,78.81,78.03,17.05,7.44,4.12,7.47,81.77,4.38,2.77,5.65,12.51,82.52,82.52,78.04,19.87,82.99,87.98,76.82,58.94,77.11,85.95,10.33,4.2,43.3,25.7,80.47,32.99,57.12,115.71,4.51,4.6,78.12,78.13,83.46,103.03,4.51,72.59,16.84,18.39,15.34,26.94,113.9,76.85,84.0,32.38,27.06,101.27,91.21,84.78,5.35,4.36,13.59,83.38,83.46,19.67,48.47,77.39,77.98,6.29,5.64,48.79,77.32,79.32,13.53,12.98,17.53,17.58,15.09,5.5,7.6,16.82,13.75,5.71,6.24,15.09,79.73,83.36,6.16,31.89,0.0,1.23,1.23,6.12,3.76,5.96,7.21,6.94,6.73,5.38,6.21,18.18,22.85,19.88,32.43,16.95,79.97,79.93,13.03,12.82,13.98,13.43,15.04,15.21,17.22,15.51,15.34,15.31,13.51,17.04,6.15,77.38,24.08,17.07,23.89,12.54,12.22,14.5,7.69,35.24,91.46,14.62,13.75,23.43,14.45,28.82,75.83,75.88,25.72,26.1,14.53,42.39,43.48,40.05,73.02
3.54,1.67,81.64,27.97,20.29,22.73,16.6,27.53,22.2,25.45,77.6,10.18,10.29,126.97,1.96,80.47,80.73,21.41,12.63,11.97,26.09,16.55,3.77,19.77,9.28,5.98,83.26,14.6,4.87,2.18,27.86,33.94,20.25,9.67,25.78,41.1,23.6,32.06,33.57,26.96,24.96,34.29,31.55,21.1,26.86,33.01,22.53,27.84,23.86,21.77,34.21,5.98,7.08,23.68,31.86,21.53,39.86,83.78,26.58,18.87,77.2,4.27,81.59,79.89,76.66,6.42,76.17,77.57,5.74,80.05,78.52,17.36,16.69,15.89,82.18,5.77,15.89,14.9,18.14,98.15,78.88,57.33,112.42,7.53,14.17,78.86,78.08,18.69,8.15,3.72,7.52,81.82,3.57,1.95,5.71,12.57,82.56,82.56,78.09,19.05,83.04,88.03,77.62,58.12,77.16,86.0,10.38,3.39,42.48,24.89,80.52,33.03,57.17,114.89,3.7,3.79,78.17,78.17,83.51,103.08,3.69,72.63,16.88,18.44,16.57,26.99,113.09,77.66,84.04,32.43,26.24,101.32,91.25,84.83,4.53,3.55,15.66,83.43,83.51,18.86,52.01,77.44,78.03,5.48,5.7,52.32,77.37,79.37,15.59,15.04,17.57,17.63,15.14,4.68,7.66,16.87,13.8,4.89,5.43,15.14,79.78,83.41,6.21,31.93,1.0,0.0,0.0,5.31,2.94,5.15,6.4,6.13,5.91,4.56,5.4,18.23,22.89,19.93,32.48,17.0,80.02,79.98,15.09,14.89,16.04,15.5,15.09,15.26,17.27,15.56,15.38,15.35,13.56,17.09,5.33,77.43,24.13,17.12,23.94,12.6,12.39,16.56,7.75,38.77,91.51,14.67,13.79,26.96,14.5,32.35,75.88,75.93,25.77,26.15,14.58,42.44,42.67,40.1,73.07
3.54,1.67,81.64,27.97,20.29,22.73,16.6,27.53,22.2,25.45,77.6,10.18,10.29,126.97,1.96,80.47,80.73,21.41,12.63,11.97,26.09,16.55,3.77,19.77,9.28,5.98,83.26,14.6,4.87,2.18,27.86,33.94,20.25,9.67,25.78,41.1,23.6,32.06,33.57,26.96,24.96,34.29,31.55,21.1,26.86,33.01,22.53,27.84,23.86,21.77,34.21,5.98,7.08,23.68,31.86,21.53,39.86,83.78,26.58,18.87,77.2,4.27,81.59,79.89,76.66,6.42,76.17,77.57,5.74,80.05,78.52,17.36,16.69,15.89,82.18,5.77,15.89,14.9,18.14,98.15,78.88,57.33,112.42,7.53,14.17,78.86,78.08,18.69,8.15,3.72,7.52,81.82,3.57,1.95,5.71,12.57,82.56,82.56,78.09,19.05,83.04,88.03,77.62,58.12,77.16,86.0,10.38,3.39,42.48,24.89,80.52,33.03,57.17,114.89,3.7,3.79,78.17,78.17,83.51,103.08,3.69,72.63,16.88,18.44,16.57,26.99,113.09,77.66,84.04,32.43,26.24,101.32,91.25,84.83,4.53,3.55,15.66,83.43,83.51,18.86,52.01,77.44,78.03,5.48,5.7,52.32,77.37,79.37,15.59,15.04,17.57,17.63,15.14,4.68,7.66,16.87,13.8,4.89,5.43,15.14,79.78,83.41,6.21,31.93,1.0,0.0,0.0,5.31,2.94,5.15,6.4,6.13,5.91,4.56,5.4,18.23,22.89,19.93,32.48,17.0,80.02,79.98,15.09,14.89,16.04,15.5,15.09,15.26,17.27,15.56,15.38,15.35,13.56,17.09,5.33,77.43,24.13,17.12,23.94,12.6,12.39,16.56,7.75,38.77,91.51,14.67,13.79,26.96,14.5,32.35,75.88,75.93,25.77,26.15,14.58,42.44,42.67,40.1,73.07
4.21,5.17,80.7,27.03,19.36,21.79,13.15,26.59,21.26,18.02,76.66,6.63,6.73,126.35,4.04,79.53,79.79,20.47,8.44,8.55,25.47,15.61,2.68,18.83,6.07,3.24,82.32,8.64,5.54,3.82,26.92,33.0,19.31,8.21,24.84,40.16,22.66,31.12,32.63,26.02,24.02,26.86,30.61,20.16,25.92,32.07,21.59,26.9,22.92,20.83,26.78,3.55,2.51,22.74,30.92,20.59,38.92,82.84,25.64,17.93,76.26,4.5,80.65,78.96,75.72,1.96,75.23,76.63,3.01,79.12,69.38,11.96,11.43,11.14,81.24,4.78,11.14,10.14,12.81,97.21,77.94,56.7,111.79,5.75,8.21,77.92,77.14,13.16,7.21,7.83,5.74,80.88,2.48,4.41,3.83,8.37,81.63,81.63,77.15,15.6,82.1,78.89,120.2,57.5,76.22,76.86,7.22,2.98,37.68,24.26,79.58,32.09,48.03,114.27,2.27,2.81,77.23,77.24,82.57,102.14,2.4,71.7,15.94,17.5,11.44,26.05,112.46,83.0,83.1,31.49,22.82,100.38,90.31,83.89,3.44,3.13,9.7,82.49,82.57,13.2,44.58,76.5,77.09,0.89,3.23,44.89,76.43,78.43,9.63,9.08,16.63,16.69,12.35,0.68,3.08,15.93,10.24,5.56,1.52,12.35,78.84,82.47,3.79,30.99,5.75,5.17,5.17,0.0,3.07,4.2,7.06,6.8,6.58,5.23,4.77,17.29,21.96,18.99,31.54,14.53,79.08,79.04,9.13,8.92,10.08,9.54,10.33,10.51,12.02,10.81,10.63,10.67,10.59,14.48,0.03,76.49,23.19,14.65,23.0,8.41,7.89,10.6,3.17,31.34,82.37,11.58,11.01,19.53,11.71,24.92,74.94,74.99,24.83,25.21,10.43,34.05,37.87,39.16,63.93
2.89,2.78,79.73,26.06,18.39,20.83,15.72,25.62,20.3,23.55,75.7,8.28,8.38,126.09,1.25,78.57,78.83,19.51,11.15,11.13,25.21,14.65,2.93,17.87,7.38,5.14,81.36,12.7,4.22,1.03,25.96,32.04,18.35,7.76,23.88,39.19,21.69,30.16,31.66,25.06,23.06,32.38,29.65,19.2,24.95,31.1,20.63,25.93,21.95,19.87,32.31,4.33,4.86,21.78,29.96,19.62,37.96,81.88,24.67,16.97,75.29,3.62,79.69,77.99,74.76,4.31,74.26,75.67,4.9,78.15,76.61,15.45,14.78,13.99,80.27,5.45,13.99,12.99,16.24,96.24,76.98,56.45,111.54,5.62,12.27,76.96,76.17,16.78,6.25,6.2,5.62,79.91,2.73,1.63,4.06,11.09,80.66,80.66,76.18,18.17,81.14,86.13,80.22,57.24,75.26,84.09,8.9,1.49,41.6,24.01,78.62,31.13,55.27,114.01,2.86,1.68,76.27,76.27,81.61,101.18,1.59,70.73,14.98,16.54,14.67,25.08,112.21,80.25,82.14,30.53,25.4,99.42,89.35,82.92,3.69,1.64,13.75,81.53,81.61,17.98,50.1,75.54,76.13,3.65,4.05,50.42,75.47,77.46,13.69,13.14,15.67,15.72,13.24,3.14,5.43,14.97,11.9,4.24,3.98,13.24,77.87,81.51,4.57,30.03,3.59,3.01,3.01,3.2,0.0,4.49,5.75,5.48,5.26,3.91,4.52,16.32,20.99,18.02,30.57,15.09,78.12,78.08,13.19,12.98,14.13,13.59,13.18,13.36,15.37,13.66,13.48,13.45,11.66,15.18,3.23,75.52,22.22,15.22,22.04,11.12,10.49,14.66,5.52,36.87,89.6,12.77,11.89,25.06,12.6,30.44,73.97,74.02,23.86,24.25,12.68,40.54,41.79,38.2,71.17
2.29,4.92,84.04,30.37,22.7,25.14,10.75,29.93,24.61,22.09,80.0,10.69,10.8,127.87,5.57,82.88,83.14,23.82,12.5,11.0,26.99,18.96,3.35,22.17,10.34,0.97,85.67,12.71,2.46,5.34,30.27,36.35,22.66,12.07,28.19,43.5,26.0,34.47,35.97,29.37,27.37,35.35,33.96,23.5,29.26,35.41,24.94,30.24,26.26,24.18,35.28,7.15,6.58,26.09,34.27,23.93,42.27,86.19,28.98,21.28,79.6,7.93,84.0,82.3,79.07,6.03,78.57,79.98,1.34,82.46,76.46,16.03,19.09,15.21,84.58,1.21,15.21,14.21,16.87,100.55,81.29,58.23,113.32,9.93,12.28,81.27,80.48,17.22,10.56,11.26,9.93,84.22,3.08,4.36,7.42,12.44,84.97,84.97,80.49,13.2,85.44,85.98,82.35,59.02,79.57,83.94,11.28,5.8,36.2,25.79,82.93,35.44,55.12,115.79,3.8,5.99,80.58,80.58,85.92,105.49,6.0,75.04,19.29,20.85,15.51,29.39,113.99,82.39,86.45,34.84,21.56,103.72,93.66,87.23,1.54,5.96,13.76,85.84,85.92,12.1,48.65,79.85,80.44,4.51,6.82,48.96,79.78,81.77,13.7,13.15,19.98,20.03,17.55,3.71,7.15,19.28,14.31,2.49,4.46,17.55,82.18,85.82,7.38,34.34,5.73,5.15,5.15,4.39,4.6,0.0,3.99,3.72,3.51,2.16,6.3,20.63,25.3,22.33,34.88,19.4,82.43,82.39,13.2,12.99,14.15,13.6,14.4,14.57,19.68,14.87,14.7,14.74,15.97,19.49,4.41,79.83,26.53,19.53,26.35,12.48,11.96,14.67,7.24,38.43,89.45,17.08,16.2,23.6,16.9,28.99,78.28,78.33,28.17,28.56,16.99,44.85,36.39,42.51,71.02
3.56,5.28,84.41,30.74,23.07,25.51,12.16,30.3,24.98,28.22,80.37,12.96,13.06,128.71,5.17,83.25,83.51,24.19,15.21,13.71,27.83,19.33,5.5,22.54,12.05,4.81,86.04,17.37,3.64,4.95,30.64,36.72,23.03,12.44,28.56,43.87,26.37,34.83,36.34,29.74,27.74,37.06,34.33,23.87,29.63,35.78,25.31,30.61,26.63,24.55,36.99,9.01,9.29,26.46,34.64,24.3,42.64,86.56,29.35,21.65,79.97,8.3,84.37,82.67,79.43,8.74,78.94,80.35,5.18,82.83,81.29,20.13,19.46,18.67,84.95,4.67,18.67,17.67,20.91,100.92,81.66,59.06,114.15,10.3,16.95,81.64,80.85,21.46,10.93,9.26,10.3,84.59,5.3,5.62,8.74,15.15,85.34,85.34,80.86,14.61,85.81,90.81,82.71,59.86,79.94,88.77,13.99,6.16,38.04,26.62,83.3,35.81,59.95,116.63,5.43,6.36,80.95,80.95,86.29,105.86,6.26,75.41,19.66,21.22,19.35,29.76,114.82,82.75,86.82,35.21,26.06,104.09,94.03,87.6,3.95,6.32,18.43,86.21,86.29,14.42,54.78,80.22,80.81,7.21,8.73,55.1,80.15,82.14,18.37,17.82,20.35,20.4,17.92,6.42,9.86,19.65,16.58,1.85,7.16,17.92,82.55,86.19,9.24,34.71,6.09,5.51,5.51,7.1,4.68,4.04,0.0,0.52,1.04,3.34,7.13,21.0,25.67,22.7,35.25,19.77,82.8,82.76,17.87,17.66,18.81,18.27,17.86,18.03,20.05,18.33,18.16,18.13,16.34,19.86,7.12,80.2,26.9,19.9,26.71,15.19,15.16,19.33,9.95,41.55,94.28,17.44,16.57,29.74,17.27,35.12,78.65,78.7,28.54,28.93,17.36,45.22,38.23,42.88,75.85
3.04,4.77,83.9,30.23,22.56,24.99,12.97,29.79,24.46,27.71,79.86,12.44,12.55,128.19,4.66,82.73,82.99,23.67,14.7,13.19,27.31,18.81,4.99,22.03,11.54,4.29,85.52,16.86,3.13,4.43,30.12,36.2,22.51,11.93,28.04,43.36,25.86,34.32,35.83,29.22,27.22,36.55,33.81,23.36,29.12,35.27,24.79,30.1,26.12,24.03,36.47,8.5,8.77,25.94,34.12,23.79,42.12,86.04,28.84,21.13,79.46,7.78,83.85,82.15,78.92,8.22,78.43,79.83,4.67,82.32,80.78,19.62,18.95,18.15,84.44,4.16,18.15,17.16,20.4,100.41,81.14,58.55,113.64,9.79,16.43,81.12,80.34,20.95,10.41,8.74,9.78,84.08,4.79,5.11,8.23,14.63,84.83,84.83,80.35,15.42,85.3,90.29,82.2,59.34,79.42,88.26,13.48,5.65,38.85,26.11,82.78,35.29,59.43,116.11,4.92,5.85,80.43,80.44,85.77,105.34,5.75,74.9,19.14,20.7,18.83,29.25,114.31,82.24,86.3,34.69,27.46,103.58,93.51,87.09,3.44,5.81,17.92,85.69,85.77,15.22,54.27,79.7,80.29,6.7,8.21,54.58,79.63,81.63,17.85,17.3,19.83,19.89,17.4,5.9,9.35,19.13,16.06,1.33,6.65,17.4,82.04,85.67,8.73,34.19,5.58,4.99,4.99,6.58,4.16,3.53,1.0,0.0,0.52,2.82,6.62,20.49,25.15,22.19,34.74,19.26,82.28,82.24,17.35,17.15,18.3,17.76,17.35,17.52,19.53,17.82,17.64,17.61,15.82,19.35,6.61,79.69,26.39,19.38,26.2,14.67,14.65,18.82,9.43,41.03,93.77,16.93,16.05,29.22,16.76,34.61,78.14,78.19,28.03,28.41,16.84,44.7,39.04,42.36,75.33
3.04,4.77,83.9,30.23,22.56,24.99,12.9,29.79,24.46,27.71,79.86,12.44,12.55,128.19,4.66,82.73,82.99,23.67,14.7,13.19,27.31,18.81,4.99,22.03,11.54,4.29,85.52,16.86,3.13,4.43,30.12,36.2,22.51,11.93,28.04,43.36,25.86,34.32,35.83,29.22,27.22,36.55,33.81,23.36,29.12,35.27,24.79,30.1,26.12,24.03,36.47,8.5,8.77,25.94,34.12,23.79,42.12,86.04,28.84,21.13,79.46,7.78,83.85,82.16,78.92,8.22,78.43,79.83,4.67,82.32,80.78,19.62,18.95,18.15,84.44,4.16,18.15,17.16,20.4,100.41,81.14,58.55,113.64,9.79,16.43,81.12,80.34,20.95,10.41,8.74,9.78,84.08,4.79,5.11,8.23,14.63,84.83,84.83,80.35,15.35,85.3,90.29,82.2,59.34,79.42,88.26,13.48,5.65,38.78,26.11,82.78,35.29,59.43,116.11,4.92,5.85,80.43,80.44,85.77,105.34,5.75,74.9,19.14,20.7,18.83,29.25,114.31,82.24,86.3,34.69,27.46,103.58,93.51,87.09,3.44,5.81,17.92,85.69,85.77,15.16,54.27,79.7,80.29,6.7,8.21,54.58,79.63,81.63,17.85,17.3,19.83,19.89,17.4,5.9,9.35,19.13,16.06,1.33,6.65,17.4,82.04,85.67,8.73,34.19,5.58,4.99,4.99,6.58,4.16,3.53,0.94,0.67,0.0,2.82,6.62,20.49,25.16,22.19,34.74,19.26,82.28,82.24,17.35,17.15,18.3,17.76,17.35,17.52,19.53,17.82,17.64,17.61,15.82,19.35,6.61,79.69,26.39,19.38,26.2,14.67,14.65,18.82,9.43,41.03,93.77,16.93,16.06,29.22,16.76,34.61,78.14,78.19,28.03,28.41,16.84,44.7,38.97,42.36,75.33
1.84,4.47,82.69,29.02,21.35,23.79,12.37,28.58,23.26,26.5,78.65,11.24,11.34,126.99,3.45,81.53,81.79,22.47,13.49,11.99,26.11,17.61,3.78,20.82,10.33,3.09,84.31,15.65,1.92,3.23,28.92,35.0,21.3,10.72,26.84,42.15,24.65,33.11,34.62,28.02,26.02,35.34,32.61,22.15,27.91,34.06,23.59,28.89,24.91,22.83,35.27,7.29,7.57,24.73,32.92,22.58,40.92,84.84,27.63,19.93,78.25,6.58,82.65,80.95,77.71,7.02,77.22,78.63,3.46,81.11,79.57,18.41,17.74,16.95,83.23,2.95,16.95,15.95,19.19,99.2,79.94,57.34,112.43,8.58,15.22,79.91,79.13,19.74,9.21,8.44,8.58,82.87,3.58,3.9,7.02,13.43,83.62,83.62,79.14,14.82,84.09,89.09,81.9,58.14,78.22,87.05,12.27,4.44,37.82,24.9,81.58,34.09,58.23,114.91,3.71,4.64,79.22,79.23,84.57,104.13,4.54,73.69,17.94,19.49,17.62,28.04,113.1,81.93,85.1,33.49,26.26,102.37,92.31,85.88,2.23,4.6,16.71,84.49,84.57,13.72,53.06,78.5,79.09,5.49,7.01,53.38,78.42,80.42,16.64,16.1,18.63,18.68,16.2,4.7,8.14,17.93,14.86,0.43,5.44,16.2,80.83,84.47,7.52,32.99,5.27,4.69,4.69,5.38,2.96,2.32,1.93,1.67,1.45,0.0,5.41,19.28,23.95,20.98,33.53,18.05,81.08,81.03,16.14,15.94,17.09,16.55,16.14,16.31,18.33,16.61,16.44,16.41,14.62,18.14,5.4,78.48,25.18,18.18,24.99,13.46,13.44,17.61,8.23,39.83,92.56,15.72,14.85,28.02,15.55,33.4,76.93,76.98,26.82,27.21,15.64,43.5,38.01,41.16,74.13
14.0,15.5,92.45,38.78,31.11,33.54,11.21,38.34,33.01,36.26,88.41,21.0,21.1,121.57,13.97,91.28,91.54,32.23,23.87,17.82,20.69,27.37,13.69,30.58,20.09,11.36,94.07,25.41,15.33,13.75,38.67,44.75,31.06,20.48,36.59,51.91,34.41,42.87,44.38,37.78,35.77,45.1,42.36,31.91,37.67,43.82,33.34,38.65,34.67,32.59,45.03,17.05,18.15,34.49,42.68,32.34,50.67,94.59,37.39,29.69,88.01,16.34,92.4,90.71,87.47,17.03,86.98,88.38,11.74,90.87,89.33,28.17,27.5,26.71,92.99,11.69,26.71,25.71,28.95,108.96,89.7,51.93,107.02,18.34,24.98,89.67,88.89,29.5,18.96,19.67,18.33,92.63,13.49,14.34,16.78,23.8,93.38,93.38,88.9,13.66,93.85,98.84,131.45,52.73,87.97,96.81,21.62,14.2,37.08,19.49,91.33,43.85,67.98,109.5,13.62,14.4,88.98,88.99,94.33,113.89,14.3,83.45,27.7,29.25,27.38,37.8,107.69,133.49,94.86,43.24,28.51,112.13,102.07,95.64,14.45,14.36,26.47,94.24,94.32,13.46,62.82,88.25,88.84,15.4,16.77,63.13,88.18,90.18,26.4,25.86,28.39,28.44,25.95,14.6,18.73,27.68,24.61,15.36,15.35,25.95,90.59,94.22,17.28,42.75,16.31,15.73,15.73,15.28,12.72,12.19,10.95,11.3,11.82,15.03,0.0,29.04,33.71,30.74,43.29,27.81,90.84,90.79,25.9,25.7,26.85,26.31,25.9,26.07,28.09,26.37,26.2,26.17,24.37,27.9,15.31,88.24,34.94,27.93,34.75,23.84,23.2,27.37,18.82,49.58,102.32,25.48,24.61,37.77,25.31,43.16,86.69,86.74,36.58,36.97,25.39,53.25,37.27,50.91,83.88
19.41,18.98,66.14,13.52,2.1,5.79,31.03,10.58,5.26,18.9,62.11,11.09,11.19,116.64,19.17,64.98,65.24,3.44,17.29,22.68,40.52,5.58,18.33,2.84,13.3,20.54,67.77,13.12,20.74,18.95,10.92,17.04,3.32,12.2,7.4,24.15,6.65,15.16,16.62,10.06,8.02,29.0,14.65,4.15,9.95,16.11,5.59,10.94,6.13,4.83,28.92,15.58,16.68,6.74,14.96,4.58,22.92,68.29,9.67,1.94,61.71,15.81,66.1,64.4,62.39,17.63,60.68,63.81,20.31,64.56,61.57,10.8,10.13,10.67,66.68,20.86,13.21,12.42,11.59,82.66,63.39,71.75,126.84,13.51,12.98,63.37,62.58,15.31,13.36,16.55,13.5,66.33,18.13,19.54,15.31,17.23,67.07,67.07,63.82,33.48,67.55,71.09,105.65,72.55,61.67,69.05,13.9,17.57,47.93,39.31,65.03,16.13,40.23,129.32,18.26,16.99,63.9,63.91,68.02,87.59,17.08,58.37,5.91,2.12,13.9,10.04,127.51,107.69,69.77,15.53,27.23,89.15,75.76,69.34,19.1,17.72,13.9,67.94,68.02,33.28,46.95,61.95,62.54,18.85,15.29,47.27,61.88,63.87,13.83,13.28,3.77,3.82,8.59,18.33,15.92,6.58,8.76,20.77,19.17,8.59,64.28,67.92,15.22,15.03,19.61,19.02,19.02,18.39,18.27,21.5,22.27,22.0,21.79,20.44,19.82,0.0,5.95,1.73,15.53,5.07,64.53,64.49,13.33,13.13,14.28,13.74,11.68,11.25,10.72,11.65,12.7,12.96,7.85,4.97,18.42,64.14,7.18,2.81,6.99,17.26,13.7,14.05,17.34,26.96,74.56,9.49,7.7,20.41,7.95,25.79,61.61,61.66,7.39,9.25,8.03,25.5,45.07,23.16,56.13
23.15,22.73,67.46,25.13,7.55,4.78,34.77,6.11,2.36,20.99,63.42,13.07,13.18,117.95,22.91,66.29,66.55,4.06,19.28,24.66,44.26,9.31,22.08,4.49,17.04,24.29,69.08,15.21,24.48,22.69,8.72,13.62,4.97,15.94,11.59,19.68,5.82,13.14,9.36,8.71,5.82,24.53,15.25,3.75,8.6,16.71,1.86,9.58,5.89,3.56,24.45,19.32,20.42,1.5,17.86,3.32,12.79,69.6,8.37,6.14,63.02,19.56,67.41,65.72,63.7,21.37,61.99,65.13,24.05,65.88,57.1,12.9,12.23,12.76,68.0,24.6,15.3,14.51,13.68,83.97,64.71,75.5,130.58,17.25,15.76,64.68,63.9,17.41,17.11,20.29,17.25,67.64,21.87,23.28,19.05,19.21,68.39,68.39,65.13,37.22,68.86,66.61,106.96,76.29,62.98,64.58,15.88,21.31,52.79,43.05,66.34,16.74,35.75,133.06,22.0,20.73,65.21,65.22,69.34,88.9,20.82,59.68,9.64,7.57,16.0,5.57,131.25,109.01,71.09,13.51,29.32,90.46,77.08,70.65,22.84,21.47,15.99,69.25,69.33,37.02,42.48,63.26,63.85,22.59,19.03,42.8,63.19,65.19,15.93,15.38,10.33,10.38,10.68,22.07,16.81,12.03,10.86,24.51,22.91,10.68,65.6,69.23,18.96,13.01,23.35,22.76,22.76,22.14,22.02,25.24,26.01,25.75,25.53,24.18,23.56,5.48,0.0,7.18,8.26,7.17,65.85,65.8,15.43,15.22,16.37,15.83,13.77,13.34,12.81,13.75,14.79,15.05,9.85,7.07,22.16,65.46,5.09,4.97,6.75,19.25,15.68,16.15,21.08,22.48,70.09,11.49,9.8,22.5,10.04,27.75,62.92,62.97,11.57,8.18,10.12,21.02,49.93,13.03,51.65
19.19,18.76,72.36,18.69,3.7,7.39,30.8,12.19,6.86,18.69,68.32,10.87,10.97,122.85,18.94,71.19,71.45,5.05,17.07,22.46,40.29,2.63,18.11,4.45,13.07,20.32,73.98,12.92,20.52,18.72,12.52,18.65,4.93,11.98,9.01,25.76,8.26,16.76,18.23,11.67,9.63,30.61,16.26,5.76,11.56,17.71,7.19,12.54,7.74,6.44,30.53,15.35,16.46,8.34,16.57,6.19,24.52,74.5,11.28,3.54,67.92,15.59,72.31,70.62,67.38,17.4,66.89,68.29,20.08,70.78,63.18,10.6,9.93,10.47,72.9,20.63,13.01,12.22,11.39,88.87,69.61,71.53,126.62,13.28,12.78,69.58,68.8,15.11,13.14,16.32,13.28,72.54,17.91,19.31,15.08,17.0,73.29,73.29,68.81,33.25,73.76,72.69,111.86,72.32,67.88,70.66,13.67,17.34,47.72,39.09,71.24,17.74,41.83,129.09,18.04,16.77,68.89,68.9,74.24,93.8,16.86,63.36,2.96,0.83,13.7,11.65,127.29,113.91,74.77,17.14,27.03,92.04,81.98,75.55,18.88,17.5,13.7,74.15,74.23,33.06,45.25,68.16,68.75,18.62,15.07,45.57,68.09,70.09,13.63,13.08,2.48,2.54,8.39,18.1,15.7,8.19,8.56,20.54,18.95,8.39,70.5,74.13,15.0,16.64,19.38,18.8,18.8,18.17,18.05,21.27,22.05,21.78,21.56,20.21,19.6,2.93,7.56,0.0,17.14,6.67,70.75,70.7,13.13,12.92,14.08,13.54,11.48,11.04,10.52,11.45,12.5,12.76,7.62,6.58,18.2,68.15,8.79,4.42,8.6,17.04,13.48,13.85,17.12,28.56,76.17,9.26,7.5,20.21,7.74,25.59,66.6,66.65,9.0,10.86,7.83,27.1,44.87,24.76,57.73
32.83,32.4,69.68,23.93,17.23,11.08,44.45,8.83,11.81,24.92,65.65,24.5,24.6,120.18,32.59,68.52,68.78,13.74,30.71,39.54,53.94,18.98,31.75,14.17,26.72,33.96,71.31,26.51,34.16,32.37,10.24,16.85,14.65,25.62,19.35,6.93,11.03,17.92,3.16,13.3,10.59,11.78,17.3,13.43,13.19,16.83,10.27,14.17,11.34,11.85,11.7,29.0,30.1,10.06,21.52,12.27,4.53,71.83,12.96,15.82,65.24,29.23,69.64,67.94,65.93,31.05,64.22,67.35,33.73,68.1,45.02,24.19,23.52,24.06,70.22,34.28,26.6,25.81,24.98,86.2,66.93,85.17,140.26,26.93,27.19,66.91,66.12,27.15,26.78,29.97,26.92,69.86,31.55,32.96,28.73,30.64,70.61,70.61,67.36,46.9,71.09,54.53,109.19,85.97,65.21,52.5,27.31,30.99,40.85,52.73,68.57,16.17,23.67,142.74,31.68,30.41,67.44,67.44,71.56,91.13,30.5,61.9,19.31,17.25,27.29,7.17,140.93,111.23,73.31,18.29,31.59,92.68,79.3,72.87,32.52,31.14,27.29,71.48,71.56,46.7,30.4,65.49,66.08,32.27,28.71,30.71,65.42,67.41,27.22,26.67,20.0,20.06,21.98,31.75,28.24,21.71,22.15,34.19,32.59,21.98,67.82,71.46,28.64,17.79,33.02,32.44,32.44,31.81,31.69,34.92,35.69,35.42,35.21,33.86,33.24,15.16,9.73,16.86,0.0,16.95,68.07,68.03,26.72,26.51,27.67,27.13,25.07,24.63,24.11,25.04,26.09,26.35,21.35,16.85,31.84,67.68,9.86,14.75,12.04,30.68,27.11,27.44,30.76,9.73,58.01,22.99,21.09,21.64,21.33,15.82,65.15,65.2,19.34,12.96,21.42,8.27,38.0,4.77,39.57
19.59,19.16,66.89,21.59,4.09,6.03,31.2,11.32,6.62,17.34,62.85,9.43,9.53,117.38,19.34,65.72,65.98,3.0,15.63,21.02,40.69,5.76,18.51,2.4,13.47,20.72,68.51,11.57,20.92,19.12,11.6,17.78,2.88,12.38,9.4,24.9,6.9,15.9,17.37,10.81,8.7,29.74,15.39,4.4,10.7,16.85,6.33,11.68,6.38,4.68,29.67,15.75,16.86,7.48,15.71,5.94,23.66,69.03,9.27,2.68,62.45,15.99,66.84,65.15,70.28,17.8,61.42,64.56,20.48,65.31,62.31,9.25,8.58,9.12,67.43,21.03,11.66,10.87,10.04,83.4,64.14,71.93,127.02,13.68,12.11,64.11,63.33,13.76,13.54,16.73,13.68,67.07,18.31,19.71,15.48,15.57,67.82,67.82,71.7,33.65,68.29,71.83,106.39,72.72,62.41,69.8,12.24,17.74,46.38,39.49,65.77,16.88,40.97,129.49,18.44,17.17,71.79,71.79,68.76,88.33,17.26,66.25,6.09,4.11,12.35,10.78,127.69,108.44,77.66,16.27,25.68,89.89,76.51,70.08,19.28,17.9,12.35,68.68,68.76,33.46,43.9,62.69,63.28,19.02,15.47,44.22,62.62,64.62,12.28,11.73,6.78,6.83,7.04,18.51,13.17,8.57,7.21,20.94,19.35,7.04,65.03,68.66,15.4,15.78,19.78,19.2,19.2,18.57,18.45,21.67,22.45,22.18,21.96,20.61,20.0,2.02,6.69,3.72,16.27,0.0,65.28,65.23,11.78,11.57,12.73,12.19,10.13,9.7,9.17,10.1,11.15,11.41,6.21,3.43,18.6,64.89,7.86,2.01,7.24,15.6,12.04,12.5,17.52,27.7,75.3,7.85,6.15,18.86,6.39,24.24,69.49,69.55,9.38,8.85,6.48,26.24,43.52,23.9,56.87
80.26,79.84,5.98,59.45,64.55,59.34,91.88,60.7,61.32,83.48,3.47,73.3,73.4,58.79,80.02,2.96,7.17,61.32,79.33,84.72,101.37,67.62,79.19,63.57,74.15,81.4,11.14,75.03,81.6,79.8,58.66,51.71,64.05,73.05,58.88,73.48,56.67,51.47,69.22,54.78,58.26,78.33,50.1,61.01,54.67,50.78,62.95,56.09,58.34,59.7,78.25,76.43,77.53,64.09,48.56,60.14,72.25,14.38,55.14,63.14,3.3,76.67,3.29,1.59,2.6,78.48,4.65,0.87,81.16,1.78,81.81,75.39,74.72,75.25,10.06,81.71,75.16,74.37,76.17,20.33,3.85,130.77,77.63,74.36,75.82,1.17,3.59,79.89,74.21,73.91,74.36,7.66,78.99,80.39,76.16,79.27,10.45,10.45,2.47,94.33,13.64,81.17,47.8,128.63,3.26,84.79,76.45,78.42,106.59,100.17,3.01,50.8,66.25,136.18,79.12,77.84,14.32,14.33,10.91,29.74,77.93,8.6,67.95,69.18,75.84,63.5,75.7,49.84,20.48,52.02,95.14,27.48,17.89,13.66,79.95,78.58,75.81,12.26,14.11,94.13,96.28,4.65,3.06,79.7,76.15,96.6,4.58,2.75,75.74,75.2,68.31,68.36,73.17,79.18,76.77,65.02,73.34,81.62,80.03,73.17,2.02,14.01,76.07,51.34,80.46,79.88,79.88,79.25,79.13,82.35,83.12,82.86,82.64,81.29,80.67,62.49,63.31,64.18,68.13,65.79,0.0,1.39,75.24,75.04,76.19,75.65,74.35,75.83,75.3,76.23,74.65,74.86,72.41,65.7,79.27,1.2,60.12,63.54,58.0,79.3,76.48,75.95,78.19,76.29,88.92,74.05,72.28,84.99,72.53,81.56,7.8,7.85,58.86,54.73,72.61,74.83,103.73,72.49,75.23
81.88,81.46,4.65,61.07,66.18,60.96,93.5,62.32,62.94,85.1,2.43,74.92,75.02,57.46,81.64,1.63,5.84,62.94,80.95,86.34,102.99,69.24,80.81,65.19,75.77,83.02,9.82,76.65,83.22,81.42,60.29,53.33,65.67,74.68,60.5,75.1,58.29,53.09,70.84,56.4,59.88,79.95,51.72,62.63,56.29,52.4,64.57,57.71,59.97,61.32,79.88,78.05,79.15,65.72,50.18,61.76,73.87,14.22,56.76,64.77,3.76,78.29,1.97,0.27,3.49,80.1,4.87,1.76,82.78,0.45,84.24,77.01,76.34,76.87,9.01,83.33,76.78,75.99,77.79,19.0,2.81,129.45,76.3,75.98,77.44,1.69,4.05,81.52,75.84,75.53,75.98,6.34,80.61,82.01,77.78,80.89,9.4,9.4,3.36,95.95,13.48,83.61,46.47,127.31,3.73,87.22,78.07,80.04,108.21,101.79,1.68,52.42,68.68,134.86,80.74,79.46,16.76,16.76,9.59,28.41,79.56,11.04,69.57,70.8,77.46,65.12,74.38,48.52,21.83,53.64,96.76,25.49,16.56,13.5,81.57,80.2,77.43,12.11,13.96,95.76,97.91,3.61,2.02,81.32,77.77,98.22,3.54,1.71,77.36,76.82,69.93,69.98,74.79,80.8,78.39,66.64,74.96,83.24,81.65,74.79,0.99,13.86,77.7,52.96,82.08,81.5,81.5,80.87,80.75,83.97,84.74,84.48,84.26,82.91,82.3,64.11,64.93,65.81,69.75,67.42,1.39,0.0,76.86,76.66,77.81,77.27,75.98,77.45,76.92,77.85,76.27,76.48,74.03,67.32,80.89,2.09,61.74,65.16,59.62,80.93,78.1,77.57,79.82,77.91,91.36,75.67,73.9,86.61,74.15,83.18,10.23,10.28,60.49,56.35,74.23,76.45,105.36,74.11,77.66
14.47,14.04,77.73,24.06,14.29,16.73,26.09,21.53,16.2,9.54,73.69,4.76,4.87,128.23,14.23,76.56,76.82,15.41,7.58,12.97,35.58,10.55,13.39,12.72,5.59,12.68,79.35,0.99,15.8,14.01,21.86,27.94,13.2,7.26,21.87,27.82,17.6,26.06,27.57,20.96,18.96,18.38,25.55,15.1,20.85,27.01,16.53,21.84,17.86,15.77,18.3,8.05,7.49,17.68,25.86,15.53,27.7,79.87,20.58,12.87,73.29,10.87,77.68,75.99,72.75,8.98,72.26,73.66,12.45,76.15,60.89,3.65,4.98,2.83,78.27,14.22,3.3,1.83,4.49,94.24,74.98,66.81,121.9,6.18,1.39,74.95,74.17,4.67,8.6,11.31,6.18,77.91,13.19,14.6,8.02,7.52,78.66,78.66,74.18,28.54,79.13,70.41,117.23,67.61,73.26,68.38,3.75,12.63,38.57,34.37,76.61,27.03,39.55,124.38,13.32,12.05,74.26,74.27,79.61,99.17,12.14,68.73,10.88,12.44,2.96,20.98,122.57,119.28,80.14,26.43,16.57,97.41,87.35,80.92,14.16,12.78,1.14,79.52,79.6,22.91,36.1,73.53,74.12,10.33,9.11,36.41,73.46,75.46,0.92,0.6,11.57,11.63,5.25,10.12,6.97,12.97,6.04,15.83,10.96,5.25,75.87,79.5,7.35,25.93,14.66,14.08,14.08,9.76,13.33,13.64,17.33,17.06,16.85,15.5,14.88,12.23,16.89,13.92,26.47,10.49,76.12,76.07,0.0,0.21,1.37,0.98,2.02,2.19,5.57,2.49,2.32,2.19,7.45,8.92,9.79,73.52,18.13,10.62,17.94,7.55,2.05,2.12,7.6,22.86,73.88,8.44,6.79,11.05,6.3,16.44,71.97,72.02,21.86,20.15,6.02,25.57,35.71,29.12,55.45
14.26,13.84,77.52,23.85,14.09,16.53,25.88,21.32,16.0,9.33,73.49,4.56,4.66,128.02,14.02,76.36,76.62,15.21,7.37,12.76,35.37,10.35,13.19,12.51,5.38,12.48,79.15,0.79,15.6,13.8,21.66,27.74,13.0,7.05,21.67,27.62,17.39,25.85,27.36,20.76,18.76,18.17,25.35,14.89,20.65,26.8,16.33,21.63,17.65,15.57,18.1,7.85,7.28,17.47,25.66,15.32,27.49,79.67,20.37,12.67,73.09,10.67,77.48,75.78,72.55,8.77,72.06,73.46,12.24,75.94,60.69,3.44,4.78,2.62,78.06,14.02,3.1,1.62,4.29,94.04,74.77,66.61,121.69,5.98,1.19,74.75,73.96,4.47,8.39,11.1,5.97,77.71,12.99,14.39,7.81,7.31,78.45,78.45,73.97,28.33,78.93,70.2,117.03,67.4,73.05,68.17,3.54,12.42,38.36,34.17,76.41,26.83,39.35,124.17,13.12,11.84,74.06,74.06,79.4,98.97,11.93,68.52,10.68,12.23,2.76,20.78,122.36,119.07,79.93,26.23,16.37,97.21,87.14,80.71,13.95,12.58,0.94,79.32,79.4,22.7,35.89,73.33,73.92,10.12,8.91,36.2,73.26,75.25,0.72,0.4,11.37,11.42,5.04,9.91,6.77,12.76,5.83,15.62,10.76,5.04,75.66,79.3,7.14,25.73,14.46,13.88,13.88,9.55,13.13,13.43,17.12,16.86,16.64,15.29,14.68,12.02,16.69,13.72,26.27,10.29,75.91,75.87,0.21,0.0,1.16,0.78,1.81,1.99,5.36,2.29,2.11,1.99,7.25,8.72,9.58,73.31,17.92,10.41,17.73,7.35,1.85,1.91,7.39,22.65,73.68,8.23,6.59,10.84,6.1,16.23,71.76,71.81,21.65,19.95,5.81,25.36,35.5,28.91,55.24
15.42,14.99,78.68,25.01,15.24,17.68,27.03,22.47,17.15,9.71,74.64,5.71,5.81,129.17,15.17,77.51,77.77,16.36,6.99,11.62,36.52,11.5,14.34,13.67,6.53,13.63,80.3,1.94,16.75,14.95,22.81,28.89,14.15,8.2,22.82,27.99,18.54,27.01,28.51,21.91,19.91,18.55,26.5,16.05,21.8,27.95,17.48,22.78,18.8,16.72,18.48,9.0,8.43,18.63,26.81,16.47,27.87,80.82,21.52,13.82,74.24,11.82,78.63,76.93,73.7,9.92,73.21,74.61,13.39,77.09,61.07,4.6,5.93,3.78,79.22,15.17,3.48,3.05,5.44,95.19,75.92,67.76,122.85,7.13,2.34,75.9,75.12,4.85,9.55,12.26,7.13,78.86,14.14,15.54,8.96,6.92,79.61,79.61,75.13,29.48,80.08,70.58,118.18,68.55,74.2,68.55,4.7,13.57,38.74,35.32,77.56,27.98,39.72,125.32,14.27,13.0,75.21,75.22,80.55,100.12,13.09,69.67,11.83,13.39,3.13,21.93,123.52,120.23,81.08,27.38,14.2,98.36,88.29,81.87,15.11,13.73,1.95,80.47,80.55,23.86,36.27,74.48,75.07,11.28,10.06,36.58,74.41,76.41,0.63,0.99,12.52,12.57,6.19,11.07,7.92,13.91,6.99,16.77,11.91,6.19,76.82,80.45,8.29,26.88,15.61,15.03,15.03,10.71,14.28,14.58,18.28,18.01,17.79,16.44,15.83,13.17,17.84,14.87,27.42,11.44,77.06,77.02,1.37,1.16,0.0,1.34,2.97,3.14,6.52,3.44,3.07,2.37,8.4,9.87,10.73,74.47,19.07,11.56,18.89,6.91,3.0,2.29,8.54,23.03,74.06,9.39,7.74,11.22,7.25,16.61,72.92,72.97,22.81,21.1,6.96,25.74,35.88,29.29,55.62
14.88,14.45,78.13,24.47,14.7,17.14,26.49,21.93,16.61,9.57,74.1,5.17,5.27,128.63,14.63,76.97,77.23,15.82,7.99,13.37,35.98,10.96,13.8,13.12,5.99,13.09,79.76,1.4,16.21,14.41,22.27,28.35,13.61,7.66,22.28,27.86,18.0,26.46,27.97,21.37,19.37,18.41,25.96,15.5,21.26,27.41,16.94,22.24,18.26,16.18,18.34,8.46,7.89,18.09,26.27,15.93,27.73,80.28,20.98,13.28,73.7,11.28,78.09,76.39,73.16,9.38,72.67,74.07,12.85,76.55,60.93,4.05,5.39,3.23,78.67,14.63,3.34,2.24,4.9,94.65,75.38,67.22,122.31,6.59,1.8,75.36,74.58,4.71,9.01,11.72,6.58,78.32,13.6,15.0,8.42,7.92,79.06,79.06,74.58,28.94,79.54,70.45,117.64,68.01,73.66,68.41,4.16,13.03,38.6,34.78,77.02,27.44,39.59,124.78,13.73,12.45,74.67,74.67,80.01,99.58,12.55,69.13,11.29,12.85,3.0,21.39,122.98,119.68,80.54,26.84,14.52,97.82,87.75,81.33,14.57,13.19,0.64,79.93,80.01,23.32,36.13,73.94,74.53,10.74,9.52,36.44,73.87,75.86,0.9,0.86,11.98,12.03,5.65,10.53,7.38,13.37,6.45,16.23,11.37,5.65,76.27,79.91,7.75,26.34,15.07,14.49,14.49,10.17,13.74,14.04,17.73,17.47,17.25,15.9,15.29,12.63,17.3,14.33,26.88,10.9,76.52,76.48,0.98,0.78,1.34,0.0,2.43,2.6,5.97,2.9,2.94,2.23,7.86,9.33,10.19,73.93,18.53,11.02,18.35,7.96,1.93,2.15,8.0,22.9,73.92,8.85,7.2,11.09,6.71,16.47,72.38,72.43,22.27,20.56,6.42,25.6,35.74,29.15,55.49
15.91,15.48,77.24,23.57,12.27,14.71,27.52,19.5,14.18,9.78,73.2,5.12,5.22,127.73,15.67,76.07,76.33,13.39,8.92,13.83,37.01,8.53,14.83,10.7,6.78,17.04,78.86,1.94,17.24,15.44,19.84,25.92,11.18,8.7,21.38,28.07,15.58,24.04,25.55,18.94,16.94,18.62,23.53,13.08,18.83,24.99,14.51,19.82,15.84,13.75,18.55,9.6,8.82,15.66,23.84,13.51,27.94,79.38,18.56,10.85,72.8,12.31,77.19,75.5,72.26,10.31,71.77,73.17,16.81,75.66,61.14,1.63,4.77,0.81,77.78,17.35,2.03,1.24,2.47,93.75,74.48,68.25,123.34,7.69,2.73,74.46,73.68,4.82,9.86,13.05,7.69,77.42,14.63,16.04,9.57,8.85,78.17,78.17,73.69,29.97,78.64,70.65,116.74,69.05,72.76,68.62,5.09,14.06,38.81,35.81,76.12,25.01,39.79,125.82,14.76,13.49,73.77,73.78,79.11,98.68,13.58,68.24,8.86,10.42,2.71,18.96,124.01,118.79,79.64,24.41,16.05,96.92,86.85,80.43,15.6,14.22,2.72,79.03,79.11,29.78,36.34,73.04,73.63,11.67,11.79,36.65,72.97,74.97,2.65,2.11,9.55,9.61,3.23,11.46,8.31,12.47,5.89,17.27,12.3,3.23,75.38,79.01,8.9,23.91,16.1,15.52,15.52,11.1,14.77,18.0,18.77,18.5,18.29,16.93,16.32,10.21,14.87,11.9,24.45,8.47,75.62,75.58,2.15,1.95,3.1,2.56,0.0,0.17,5.36,0.47,1.52,1.78,5.29,7.72,11.12,73.03,16.11,8.6,15.92,8.89,3.39,2.88,8.93,23.1,74.13,6.93,4.77,11.29,4.28,16.68,71.48,71.53,21.37,18.13,4.32,25.81,35.95,29.36,55.69
16.03,15.6,77.36,23.69,12.1,14.54,27.64,19.33,14.01,9.61,73.32,5.24,5.34,127.85,15.79,76.19,76.45,13.22,9.04,13.95,37.13,8.36,14.95,10.53,6.9,17.16,78.98,2.06,17.36,15.56,19.67,25.75,11.01,8.82,21.5,27.89,15.4,23.87,25.37,18.77,16.77,18.45,23.36,12.91,18.66,24.81,14.34,19.64,15.66,13.58,18.37,9.72,8.94,15.49,23.67,13.33,27.77,79.5,18.38,10.68,72.92,12.43,77.31,75.62,72.38,10.43,71.89,73.29,16.93,75.78,60.97,1.46,4.6,0.64,77.9,17.47,2.15,1.36,2.3,93.87,74.6,68.37,123.46,7.81,2.85,74.58,73.8,4.94,9.98,13.17,7.81,77.54,14.75,16.16,9.69,8.97,78.29,78.29,73.81,30.09,78.76,70.48,116.86,69.17,72.88,68.45,5.21,14.18,38.64,35.93,76.24,24.84,39.62,125.94,14.88,13.61,73.89,73.9,79.23,98.8,13.7,68.36,8.69,10.25,2.83,18.79,124.13,118.91,79.76,24.24,16.17,97.04,86.97,80.55,15.72,14.34,2.84,79.15,79.23,29.9,36.17,73.16,73.75,11.79,11.91,36.48,73.09,75.09,2.77,2.23,9.38,9.43,3.05,11.58,8.43,12.59,4.88,17.39,12.42,3.05,75.5,79.13,9.02,23.74,16.22,15.64,15.64,11.22,14.89,18.12,18.89,18.62,18.41,17.05,16.44,10.03,14.7,11.73,24.28,8.3,75.74,75.7,2.27,2.07,3.22,2.68,0.62,0.0,5.19,0.59,1.64,1.9,5.11,7.55,11.24,73.15,15.93,8.42,15.75,9.01,3.51,3.0,9.05,22.93,73.96,6.75,4.6,11.12,4.11,16.51,71.6,71.65,21.49,17.96,4.14,25.64,35.78,29.19,55.52
17.52,17.09,77.51,23.85,11.76,14.2,29.14,18.99,13.67,9.21,73.48,6.61,6.71,128.01,17.28,76.35,76.61,12.88,10.41,15.32,38.63,8.02,16.44,10.19,8.27,18.65,79.14,3.43,18.85,17.06,19.33,25.41,10.67,10.31,21.66,27.49,15.07,23.53,17.43,18.43,16.43,18.05,23.02,12.57,18.32,24.48,14.0,19.31,15.32,13.24,17.97,11.09,10.31,15.15,23.33,13.0,27.37,79.66,18.04,10.34,73.08,13.92,77.47,75.77,72.54,11.8,72.05,73.45,18.42,75.93,60.57,1.12,0.43,0.98,78.05,18.96,3.52,2.73,1.9,94.03,74.76,69.86,124.95,9.19,4.22,74.74,73.96,5.63,11.35,14.66,9.18,77.7,16.24,17.65,11.06,10.34,78.44,78.44,73.96,31.59,78.92,70.08,117.02,70.66,73.04,68.05,6.58,15.68,38.24,37.42,76.4,24.5,39.22,127.43,16.37,15.1,74.05,74.05,79.39,98.96,15.19,68.51,8.35,9.91,4.22,18.45,125.62,119.06,79.92,23.9,17.54,97.2,87.13,80.71,17.21,15.83,4.21,79.31,79.39,31.39,35.77,73.32,73.91,13.16,13.4,36.08,73.25,75.24,4.14,3.6,9.04,9.09,2.71,12.95,9.8,12.77,4.54,18.88,13.79,2.71,75.65,79.29,10.39,23.4,17.71,17.13,17.13,12.59,16.38,19.61,20.38,20.11,19.9,18.55,17.93,9.7,14.36,11.39,16.33,7.96,75.9,75.86,3.64,3.44,4.59,4.05,1.99,1.56,0.0,1.96,3.01,3.27,4.77,5.35,12.61,73.31,15.59,8.08,15.41,10.38,4.88,4.37,10.42,22.53,73.56,6.41,4.26,10.72,3.77,16.11,71.76,71.81,21.65,17.62,3.81,25.24,35.38,28.79,55.12
16.06,15.63,77.39,23.72,12.93,15.36,27.68,20.16,14.83,10.43,73.35,5.27,5.37,127.88,15.82,76.22,76.48,14.04,9.07,13.98,37.16,9.18,14.98,11.35,6.93,17.19,79.01,2.09,17.39,15.59,20.49,26.57,11.83,8.85,21.53,28.72,16.23,24.69,26.2,19.59,17.59,19.27,24.18,13.73,19.49,25.64,15.16,20.47,16.49,14.4,19.2,9.75,8.97,16.31,24.49,14.16,28.59,79.53,19.21,11.5,72.95,12.46,77.34,75.65,72.41,10.46,71.92,73.32,16.96,75.81,61.79,2.28,4.39,1.46,77.93,17.5,2.18,1.39,3.12,93.9,74.63,68.4,123.49,7.84,2.88,74.61,73.83,4.97,10.01,13.2,7.84,77.57,14.78,16.19,9.72,9.0,78.32,78.32,73.84,30.12,78.79,71.31,116.89,69.2,72.91,69.27,5.24,14.22,39.46,35.96,76.27,25.66,40.45,125.97,14.91,13.64,73.92,73.93,79.26,98.83,13.73,68.39,9.51,11.07,2.86,19.62,124.16,118.94,79.79,25.06,16.2,97.07,87.0,80.58,15.75,14.37,2.87,79.18,79.26,29.93,36.99,73.19,73.78,11.82,11.94,37.3,73.12,75.12,2.8,2.26,10.21,10.26,3.88,11.61,8.46,12.62,6.04,17.42,12.45,3.88,75.53,79.16,9.05,24.56,16.25,15.67,15.67,11.25,14.92,18.15,18.92,18.65,18.44,17.08,16.47,10.86,15.53,12.56,25.11,9.12,75.77,75.73,2.3,2.1,3.25,2.71,0.65,0.82,4.98,0.0,1.67,1.93,5.94,8.37,11.27,73.18,16.76,9.25,16.57,9.04,3.54,3.03,9.08,23.76,74.78,7.58,5.43,11.95,4.93,17.33,71.63,71.68,21.52,18.78,4.97,26.46,36.6,30.01,56.35
16.08,15.66,77.41,23.74,14.2,16.64,27.7,21.43,16.11,8.21,73.37,5.8,5.91,127.91,15.84,76.24,76.5,15.32,10.26,14.84,37.19,10.46,15.01,12.63,7.47,17.21,79.03,2.63,17.41,15.62,21.77,27.85,13.11,8.87,21.55,26.49,17.5,25.97,27.47,20.87,18.87,17.05,25.46,15.01,20.76,26.91,16.44,21.74,17.76,15.68,16.97,10.29,9.51,17.59,25.77,15.43,26.37,79.55,20.48,12.78,72.97,12.49,77.36,75.67,72.43,11.0,71.94,73.34,16.98,75.83,59.56,3.56,4.93,2.74,77.95,17.53,0.55,1.07,4.19,93.92,74.66,68.42,123.51,10.18,3.42,74.63,73.85,3.34,10.03,13.22,10.18,77.59,14.8,16.21,11.98,10.2,78.34,78.34,73.86,30.15,78.81,69.08,116.91,69.22,72.94,67.05,5.77,14.24,37.24,35.98,76.3,26.94,38.22,125.99,14.93,13.66,73.94,73.95,79.29,98.85,13.75,68.41,10.79,12.35,1.23,20.89,124.18,118.96,79.82,26.34,16.85,97.09,87.03,80.6,15.77,14.4,3.41,79.21,79.28,29.95,34.77,73.22,73.81,12.35,11.96,35.08,73.14,75.14,3.27,2.94,11.48,11.53,5.15,12.14,8.99,12.65,6.58,17.44,12.99,5.15,75.55,79.19,9.58,25.84,16.28,15.69,15.69,11.78,14.95,18.17,18.94,18.68,18.46,17.11,16.49,12.13,16.8,13.83,26.38,10.4,75.8,75.75,2.84,2.63,3.71,3.58,1.93,2.1,5.51,2.4,0.0,1.35,7.21,8.86,11.81,73.2,18.03,10.52,17.85,9.75,4.08,1.75,9.62,21.53,72.55,8.85,6.7,9.72,6.21,15.11,71.65,71.7,21.54,20.06,6.24,24.24,34.38,27.79,54.12
15.81,15.38,77.14,23.47,13.93,16.36,27.42,21.16,15.83,8.66,73.1,5.25,5.36,127.63,15.56,75.97,76.23,15.05,8.67,13.3,36.91,10.18,14.73,12.35,7.16,16.94,78.76,2.08,17.14,15.34,21.49,27.57,12.83,8.6,21.28,26.94,17.23,25.69,27.2,20.6,18.59,17.5,25.18,14.73,20.49,26.64,16.16,21.47,17.49,15.4,17.42,9.74,9.06,17.31,25.5,15.16,26.82,79.28,20.21,12.51,72.7,12.21,77.09,75.39,72.16,10.55,71.67,73.07,16.71,75.55,60.02,3.28,4.6,2.46,77.67,17.25,1.33,0.79,4.12,93.65,74.38,68.15,123.24,7.83,2.97,74.36,73.58,3.8,9.76,12.95,7.83,77.32,14.53,15.94,11.7,8.6,78.06,78.06,73.59,29.87,78.54,69.53,116.64,68.94,72.66,67.5,5.32,13.96,37.69,35.71,76.02,26.67,38.67,125.71,14.66,13.39,73.67,73.67,79.01,98.58,13.48,68.13,10.52,12.07,2.01,20.62,123.91,118.68,79.54,26.06,15.53,96.82,86.75,80.33,15.5,14.12,2.79,78.93,79.01,29.68,35.22,72.94,73.53,11.9,11.69,35.53,72.87,74.86,1.95,1.62,11.21,11.26,4.88,11.69,8.54,12.37,6.02,17.16,12.54,4.88,75.27,78.91,9.03,25.57,16.0,15.42,15.42,11.33,14.67,17.89,18.67,18.4,18.18,16.83,16.22,11.86,16.53,13.56,26.11,10.12,75.52,75.48,2.22,2.01,2.39,2.26,1.65,1.83,5.18,2.13,0.82,0.0,6.94,8.54,11.36,72.93,17.76,10.25,17.57,8.59,3.63,1.24,9.17,21.98,73.01,8.58,6.43,10.17,5.94,15.56,71.38,71.43,21.27,19.79,5.97,24.69,34.83,28.24,54.57
13.39,12.96,75.23,21.57,9.48,10.82,25.0,16.71,10.03,13.43,71.2,3.73,3.83,125.73,13.14,74.07,74.33,9.75,9.93,15.32,34.49,5.74,12.31,7.53,5.39,14.52,76.86,6.85,14.72,12.92,15.69,23.13,8.01,6.18,19.38,30.29,11.86,21.25,20.65,16.15,12.79,22.27,20.74,9.44,16.04,22.2,11.72,17.03,13.04,9.6,22.2,8.22,7.99,12.87,21.05,9.36,29.05,77.38,15.76,8.06,70.8,9.79,75.19,73.49,70.26,9.47,69.77,71.17,14.29,73.65,64.79,5.34,4.67,5.21,75.77,14.83,7.75,6.96,6.13,91.75,72.48,65.73,120.82,7.48,6.42,72.46,71.68,9.85,7.34,10.53,7.48,75.42,12.11,13.52,9.28,9.87,76.16,76.16,71.68,27.45,76.64,74.31,114.74,66.52,70.76,72.27,6.54,11.54,42.46,33.29,74.12,22.22,43.45,123.29,12.24,10.97,71.77,71.77,77.11,96.68,11.06,66.23,6.07,7.63,8.44,16.17,121.49,116.78,77.64,21.62,21.77,94.92,84.85,78.43,13.08,11.7,7.9,77.03,77.11,27.26,39.99,71.04,71.63,12.82,9.27,40.31,70.97,72.96,7.84,7.29,6.76,6.81,3.13,12.31,7.47,7.24,3.88,14.74,13.15,3.13,73.37,77.01,7.51,21.12,13.58,13.0,13.0,12.37,12.25,15.47,16.25,15.98,15.76,14.41,13.8,7.42,12.08,9.11,19.56,5.3,73.62,73.58,7.34,7.13,8.28,7.74,6.22,5.78,5.26,6.19,7.24,7.5,0.0,5.26,12.4,71.03,11.96,5.43,13.13,9.9,6.34,8.59,9.19,26.76,77.78,2.15,1.78,14.95,2.48,20.33,69.48,69.53,19.37,15.34,2.57,31.63,39.61,29.29,59.35
17.04,16.62,75.08,21.41,6.31,7.9,28.66,13.54,7.12,14.29,71.04,6.83,6.93,125.57,16.8,73.91,74.17,6.84,13.03,18.42,38.15,5.58,15.96,4.62,8.5,18.17,76.7,8.52,18.37,16.58,12.78,20.0,5.1,9.83,11.61,27.11,8.94,18.12,17.74,12.41,9.88,23.13,17.61,6.53,12.3,19.07,8.54,13.28,9.02,6.69,23.06,13.21,11.09,9.69,17.92,6.44,25.87,77.22,11.91,4.9,70.64,13.44,75.03,73.34,70.1,15.26,69.61,71.01,17.94,73.5,64.53,6.2,5.53,6.07,75.62,18.49,8.61,7.82,6.99,91.59,72.32,69.38,124.47,11.14,8.38,72.3,71.52,10.71,10.99,14.18,11.13,75.26,15.76,17.17,12.94,12.97,76.01,76.01,71.53,31.11,76.48,74.04,114.58,70.18,70.6,72.01,9.64,15.2,43.33,36.94,73.96,19.09,43.18,126.95,15.89,14.62,71.61,71.62,76.95,96.52,14.71,66.08,5.91,7.47,9.3,13.0,125.14,116.63,77.48,18.49,22.63,94.76,84.69,78.27,16.73,15.35,9.3,76.87,76.95,30.91,40.85,70.88,71.47,16.48,12.92,41.17,70.81,72.81,9.23,8.68,6.6,6.66,3.99,15.96,10.57,10.33,4.16,18.4,16.8,3.99,73.22,76.85,12.85,17.99,17.24,16.65,16.65,16.02,15.9,19.13,19.9,19.63,19.42,18.07,17.45,4.24,8.91,5.94,16.65,2.39,73.46,73.42,8.73,8.52,9.68,9.14,7.08,6.65,6.12,7.05,8.1,8.36,3.61,0.0,16.05,70.87,9.04,2.51,9.88,13.01,8.58,9.45,14.97,27.62,77.52,5.25,3.1,15.81,3.34,21.19,69.32,69.37,11.6,11.49,3.43,28.45,40.47,26.11,59.08
4.23,5.2,80.72,27.05,19.38,21.82,13.18,26.61,21.29,18.04,76.69,6.65,6.75,126.37,4.06,79.56,79.82,20.5,8.46,8.58,25.49,15.64,2.7,18.86,6.1,3.27,82.35,8.67,5.56,3.84,26.95,33.03,19.34,8.24,24.87,40.18,22.68,31.15,32.65,26.05,24.05,26.88,30.64,20.19,25.94,32.09,21.62,26.93,22.94,20.86,26.81,3.58,2.54,22.77,30.95,20.62,38.95,82.87,25.66,17.96,76.28,4.53,80.68,78.98,75.75,1.99,75.26,76.66,3.03,79.14,69.4,11.99,11.46,11.17,81.26,4.81,11.17,10.17,12.83,97.24,77.97,56.73,111.82,5.77,8.24,77.95,77.16,13.18,7.24,7.86,5.77,80.9,2.5,4.43,3.86,8.4,81.65,81.65,77.17,15.63,82.13,78.92,120.23,57.52,76.25,76.88,7.24,3.0,37.71,24.29,79.61,32.12,48.06,114.29,2.3,2.83,77.26,77.26,82.6,102.17,2.43,71.72,15.97,17.53,11.47,26.07,112.49,83.03,83.13,31.52,22.85,100.41,90.34,83.91,3.47,3.16,9.72,82.52,82.6,13.23,44.6,76.53,77.12,0.92,3.25,44.92,76.46,78.45,9.66,9.11,16.66,16.71,12.38,0.71,3.11,15.96,10.27,5.59,1.55,12.38,78.86,82.5,3.81,31.02,5.78,5.2,5.2,0.03,3.1,4.22,7.09,6.83,6.61,5.26,4.8,17.31,21.98,19.01,31.56,14.56,79.11,79.07,9.16,8.95,10.1,9.56,10.36,10.53,12.05,10.83,10.66,10.7,10.62,14.51,0.0,76.51,23.21,14.68,23.03,8.43,7.92,10.62,3.2,31.37,82.39,11.6,11.03,19.56,11.74,24.94,74.96,75.01,24.85,25.24,10.46,34.08,37.9,39.19,63.96
79.88,79.46,6.19,59.07,64.17,58.95,91.5,60.32,60.94,83.1,4.54,72.92,73.02,58.89,79.64,3.05,7.38,60.94,78.95,84.34,100.99,67.24,78.81,63.19,73.77,81.02,11.24,74.65,81.21,79.42,58.28,51.33,63.67,72.67,58.5,73.1,56.28,51.09,68.84,54.39,57.88,77.95,49.72,60.62,54.28,50.39,62.56,55.71,57.96,59.32,77.87,76.05,77.15,63.71,48.18,59.76,71.87,14.0,54.75,62.76,2.92,76.29,3.39,2.55,2.45,78.1,4.27,0.33,80.78,2.34,81.66,75.0,74.33,74.87,11.07,81.33,74.78,73.99,75.79,20.42,4.87,130.88,77.73,73.98,75.44,1.87,3.21,79.51,73.83,73.53,73.98,7.88,78.6,80.01,75.78,78.89,11.46,11.46,1.46,93.95,13.25,81.02,47.9,128.73,2.88,84.63,76.07,78.04,106.21,99.78,3.1,50.42,66.1,136.29,78.73,77.46,14.17,14.18,11.02,29.84,77.55,8.45,67.57,68.79,75.46,63.11,75.8,49.94,20.33,51.64,94.76,27.33,17.99,13.27,79.57,78.2,75.43,11.88,13.73,93.75,95.9,5.72,4.13,79.32,75.76,96.22,5.65,3.77,75.36,74.81,67.93,67.98,72.79,78.8,76.39,64.64,72.96,81.24,79.64,72.79,2.73,13.63,75.69,50.96,80.08,79.49,79.49,78.87,78.75,81.97,82.74,82.48,82.26,80.91,80.29,62.1,62.93,63.8,67.75,65.41,1.2,2.09,74.86,74.66,75.81,75.27,73.97,75.45,74.92,75.85,74.27,74.47,72.02,65.31,78.89,0.0,59.74,63.16,57.62,78.92,76.1,75.57,77.81,75.91,88.77,73.66,71.9,84.61,72.15,81.17,7.64,7.69,58.48,54.35,72.23,74.44,103.35,72.11,75.07
22.83,22.41,65.97,14.65,8.6,1.38,34.45,4.53,2.66,21.62,61.93,13.7,13.8,116.47,22.59,64.8,65.06,4.75,19.9,25.29,43.94,10.21,21.76,5.18,15.37,23.97,67.59,15.84,24.17,22.37,5.31,9.84,5.66,15.62,10.1,18.1,2.23,9.36,9.72,4.94,2.41,22.95,8.75,4.44,4.83,13.38,3.92,5.81,2.53,2.6,22.87,19.0,20.1,5.06,12.24,3.17,13.15,68.11,4.59,7.19,61.53,19.24,65.92,64.23,62.21,21.05,60.5,63.64,23.73,64.39,55.52,13.53,12.86,13.39,66.51,24.28,15.93,15.14,14.31,82.48,63.22,75.18,130.26,16.93,16.39,63.19,62.41,18.04,16.79,19.97,16.93,66.15,21.56,22.96,18.73,19.84,66.9,66.9,63.64,36.9,67.37,65.04,105.47,75.97,61.5,63.0,16.51,20.99,51.21,42.74,64.86,10.7,34.18,132.74,21.69,20.41,63.73,63.73,67.85,87.41,20.5,58.19,10.54,8.62,16.63,3.99,130.93,107.52,69.6,9.74,42.1,88.97,75.59,69.16,22.52,21.15,16.62,67.77,67.84,36.7,40.9,61.77,62.37,22.27,18.72,41.22,61.7,63.7,16.55,16.01,11.23,11.28,11.31,21.75,17.44,13.08,11.48,24.19,22.6,11.31,64.11,67.74,18.64,9.24,23.03,22.45,22.45,21.82,21.7,24.92,25.69,25.43,25.21,23.86,23.25,6.53,4.28,8.23,8.63,7.8,64.36,64.31,16.05,15.85,17.0,16.46,14.4,13.97,13.44,14.37,15.42,15.68,10.48,7.7,21.84,63.97,0.0,5.6,3.24,19.88,16.31,16.78,20.76,20.91,68.51,12.12,10.42,23.13,10.67,26.18,61.43,61.48,10.08,4.41,10.75,19.45,48.35,13.39,50.08
17.38,16.96,68.2,20.44,4.48,5.52,29.0,11.15,4.73,16.17,64.16,8.25,8.35,118.7,17.14,67.04,67.29,4.45,14.45,19.84,38.49,4.62,16.3,2.79,9.91,18.51,69.82,10.39,18.71,16.92,10.39,18.18,3.27,10.17,9.79,24.72,6.56,16.29,15.35,10.02,7.49,29.57,15.79,4.14,9.91,17.24,6.16,10.9,6.63,4.3,29.5,13.55,14.65,7.31,18.61,4.06,23.49,70.34,9.53,3.07,63.76,13.78,68.16,66.46,69.13,15.6,62.73,65.87,18.28,66.62,62.14,8.07,7.4,7.94,68.74,18.83,10.48,9.69,8.86,84.71,65.45,69.72,124.81,11.48,10.93,65.42,64.64,12.58,11.33,14.52,11.47,68.38,16.1,17.51,13.28,14.39,69.13,69.13,70.56,31.45,69.6,71.66,107.7,70.52,63.73,69.62,11.06,15.54,45.2,37.28,67.09,17.27,40.8,127.29,16.23,14.96,70.64,70.65,70.08,89.64,15.05,65.11,4.95,4.51,11.17,10.61,125.48,109.75,76.52,16.67,24.5,91.2,77.82,71.39,17.07,15.69,11.17,70.0,70.08,31.25,42.72,64.01,64.6,16.82,13.26,43.04,63.93,65.93,11.1,10.55,5.64,5.69,5.86,16.3,11.99,8.97,6.03,18.74,17.14,5.86,66.34,69.98,13.19,16.17,17.58,16.99,16.99,16.36,16.25,19.47,20.24,19.97,19.76,18.41,17.79,2.42,6.52,4.11,14.26,2.35,66.59,66.54,10.6,10.4,11.55,11.01,8.95,8.52,7.99,8.92,9.97,10.23,5.03,2.25,16.39,66.2,6.66,0.0,7.49,14.42,10.86,11.32,15.31,27.53,75.13,6.67,4.97,17.68,5.22,23.06,68.35,68.4,9.77,9.1,5.3,26.07,42.34,23.73,56.7
24.3,23.88,61.36,13.84,8.72,2.73,35.92,7.2,5.51,23.81,57.32,15.98,16.09,111.85,24.06,60.19,60.45,5.51,22.19,27.57,45.41,10.48,23.23,5.94,18.19,25.44,62.98,18.04,25.64,23.84,6.56,8.42,6.42,17.1,8.52,22.17,1.69,7.94,12.38,3.91,3.66,27.02,7.32,5.2,3.8,11.32,7.14,4.78,2.35,3.9,26.94,20.47,21.57,8.29,10.17,4.34,20.94,63.5,3.4,7.31,56.92,20.71,61.31,59.62,57.6,22.52,55.89,59.02,25.2,59.78,59.59,15.72,15.05,15.59,61.9,25.75,18.13,17.33,16.5,77.87,58.6,76.65,131.73,18.4,17.9,58.58,57.8,20.23,18.26,21.44,18.4,61.54,23.03,24.43,20.2,22.12,62.29,62.29,59.03,38.37,62.76,69.11,100.86,77.44,56.88,67.07,18.79,22.46,55.28,44.21,60.24,11.34,38.25,134.21,23.16,21.88,59.11,59.12,63.23,82.8,21.98,53.58,10.81,8.74,18.82,6.66,132.4,102.91,64.99,8.31,32.15,84.36,70.97,64.55,23.99,22.62,18.81,63.15,63.23,38.18,44.97,57.16,57.75,23.74,20.19,45.29,57.09,59.09,18.75,18.2,11.5,11.55,13.51,23.22,20.81,15.23,13.68,25.66,24.07,13.51,59.5,63.13,20.12,7.81,24.5,23.92,23.92,23.29,23.17,26.39,27.16,26.9,26.68,25.33,24.72,6.65,7.5,8.35,11.29,9.97,59.74,59.7,18.25,18.04,19.2,18.65,16.6,16.16,15.64,16.57,17.62,17.87,12.74,9.87,23.31,59.35,3.28,7.71,0.0,22.16,18.59,18.97,22.24,24.98,72.58,14.38,12.62,25.33,12.86,30.25,56.82,56.87,8.51,2.98,12.95,23.52,52.42,21.18,54.15
13.25,12.67,82.62,28.95,18.95,20.28,22.19,26.18,19.5,11.36,78.58,6.86,6.97,135.32,13.08,81.46,81.72,19.22,2.14,6.71,34.44,15.2,11.72,17.0,6.37,12.29,84.25,7.69,14.58,12.86,25.16,32.59,17.48,8.04,26.77,29.65,21.32,30.71,32.5,25.62,22.26,20.2,30.2,18.9,25.51,31.66,21.18,26.49,22.51,19.07,20.13,7.66,7.09,22.33,30.52,18.82,29.52,84.77,25.23,17.53,78.18,9.5,82.58,80.88,77.64,8.58,77.15,78.56,12.05,81.04,62.72,9.48,11.12,8.66,83.16,13.83,8.55,7.64,10.32,99.13,79.87,65.68,120.77,7.74,7.26,79.85,79.06,6.5,10.08,12.09,7.74,82.8,11.52,13.45,7.62,2.07,83.55,83.55,79.07,24.64,84.02,72.24,122.13,66.48,78.15,70.2,5.48,11.38,32.74,33.24,81.51,31.69,41.38,123.24,11.32,10.8,79.16,79.16,84.5,104.07,10.89,73.62,15.54,17.09,8.2,25.64,121.44,124.17,85.03,31.08,15.37,102.3,92.24,85.81,12.49,11.54,6.75,84.42,84.5,20.79,37.92,78.43,79.02,9.93,8.72,38.23,78.36,80.35,5.91,7.7,16.23,16.28,11.08,9.72,6.58,17.86,10.48,14.61,10.57,11.08,80.76,84.4,6.95,30.59,13.29,12.71,12.71,9.36,12.11,13.24,16.11,15.84,15.63,14.28,13.75,16.88,21.55,18.58,32.3,14.77,81.01,80.97,8.18,7.98,5.78,6.1,7.85,8.02,11.71,8.32,8.14,7.43,10.83,14.72,9.39,78.41,21.42,14.89,22.59,0.0,4.82,7.36,7.2,24.69,75.71,11.82,11.24,12.87,12.13,18.26,76.86,76.91,26.75,24.81,10.67,27.39,29.88,30.94,57.27
12.68,12.25,78.97,25.3,14.16,16.14,24.29,21.39,15.36,10.94,74.93,4.0,4.1,134.66,12.43,77.8,78.06,15.08,4.26,9.65,33.78,10.42,11.6,12.86,3.79,11.48,80.59,1.56,14.01,12.21,21.02,27.81,13.34,5.46,23.11,29.23,17.47,25.93,27.44,20.83,18.12,19.78,25.42,14.77,20.72,26.88,16.4,21.71,17.73,14.93,19.71,6.82,6.28,17.55,25.73,14.68,29.1,81.11,20.45,12.74,74.53,9.08,78.92,77.22,73.99,7.77,73.5,74.9,11.24,77.38,62.3,4.89,5.19,4.07,79.51,14.12,4.07,3.07,5.73,95.48,76.21,65.02,120.11,4.91,0.89,76.19,75.41,6.08,7.5,9.52,4.91,79.15,11.4,12.8,6.78,4.2,79.89,79.89,75.42,26.74,80.37,71.82,118.47,65.81,74.49,69.78,2.54,10.83,39.97,32.58,77.85,26.9,40.96,122.58,11.53,10.26,75.5,75.5,80.84,100.41,10.35,69.96,10.75,12.31,4.37,20.85,120.78,120.52,81.37,26.3,17.81,98.65,88.58,82.16,12.37,10.99,1.51,80.76,80.84,26.55,37.5,74.77,75.36,9.12,7.88,37.82,74.7,76.7,2.55,2.01,11.44,11.5,5.12,8.91,5.77,14.2,5.32,14.03,9.76,5.12,77.1,80.74,6.11,25.8,12.87,12.29,12.29,8.55,11.54,12.43,15.54,15.27,15.05,13.7,13.09,12.1,16.76,13.79,26.34,10.63,77.35,77.31,2.05,1.85,3.0,1.93,3.26,3.43,5.78,3.73,3.56,3.6,6.69,9.13,8.58,74.76,17.28,10.75,17.81,4.24,0.0,3.52,6.39,24.27,75.29,7.68,6.66,12.46,6.17,17.84,73.21,73.26,23.1,20.02,5.3,26.97,37.11,30.52,56.86
16.87,16.44,78.19,24.52,14.99,17.42,28.48,22.22,16.89,7.77,74.16,6.2,6.3,128.69,16.62,77.03,77.29,16.1,8.53,13.16,37.97,11.24,15.79,13.41,7.02,14.11,79.82,2.42,18.2,16.4,22.55,28.63,13.89,9.66,22.34,26.06,18.29,26.75,28.91,21.65,19.65,16.61,26.24,15.79,21.55,27.7,17.22,22.53,18.55,16.46,16.54,9.48,8.92,18.37,26.55,16.22,25.93,80.34,21.27,13.56,73.76,13.27,78.15,76.45,73.22,10.41,72.73,74.13,13.88,76.61,59.13,4.34,5.66,3.52,78.73,18.31,1.54,1.85,3.75,94.71,75.44,69.21,124.3,7.61,2.82,75.42,74.63,2.91,10.03,14.0,7.61,78.38,15.59,16.99,9.45,8.46,79.12,79.12,74.64,30.93,79.6,68.64,117.7,70.0,73.72,66.61,5.18,15.02,36.8,36.77,77.08,27.72,37.78,126.77,15.72,14.45,74.73,74.73,80.07,99.64,14.54,69.19,11.57,13.13,1.2,21.68,124.97,119.74,80.6,27.12,15.39,97.88,87.81,81.39,16.56,15.18,2.65,79.99,80.07,30.74,34.33,74.0,74.59,11.76,10.54,34.64,73.93,75.92,1.81,1.48,12.27,12.32,5.94,11.55,8.4,13.43,7.47,18.22,12.4,5.94,76.33,79.97,8.78,26.63,17.06,16.48,16.48,11.19,15.73,15.07,19.73,19.46,19.24,17.89,17.28,12.92,17.59,14.62,27.17,11.18,76.58,76.54,2.08,1.87,2.25,2.12,2.71,2.88,6.24,3.18,1.88,1.17,8.0,9.59,11.22,73.99,18.82,11.31,18.63,8.45,3.49,0.0,9.03,21.09,72.12,9.64,7.49,9.28,6.99,14.67,72.43,72.48,22.32,20.84,7.03,23.8,33.94,27.35,53.68
7.05,7.33,80.26,26.59,18.92,21.36,15.99,26.15,20.83,17.01,76.22,5.61,5.72,129.01,6.88,79.1,79.36,20.04,6.4,8.75,28.13,15.18,5.52,18.39,5.06,6.08,81.89,7.63,8.38,6.66,26.49,32.57,18.88,6.66,24.41,39.72,22.22,30.68,32.19,25.59,23.59,25.84,30.18,19.72,25.48,31.63,21.16,26.46,22.48,20.4,25.77,1.97,1.5,22.3,30.49,20.15,38.49,82.41,25.2,17.5,75.82,4.07,80.22,78.52,75.28,1.29,74.79,76.2,5.85,78.68,68.36,10.95,10.42,10.13,80.8,7.62,10.13,9.13,11.79,96.77,77.51,59.37,114.45,4.2,7.2,77.48,76.7,12.14,6.77,7.4,4.19,80.44,5.32,7.25,3.39,6.34,81.19,81.19,76.71,18.44,81.66,77.88,119.77,60.16,75.79,75.84,5.78,5.18,37.88,26.92,79.15,31.66,47.02,116.93,5.11,4.6,76.8,76.8,82.14,101.7,4.69,71.26,15.51,17.07,10.43,25.61,115.12,82.57,82.67,31.06,23.02,99.94,89.88,83.45,6.28,5.33,8.68,82.06,82.14,16.04,43.56,76.07,76.66,3.73,2.79,43.88,75.99,77.99,8.62,8.07,16.2,16.25,11.34,3.52,2.07,15.5,9.23,8.4,4.37,11.34,78.4,82.04,3.35,30.56,7.95,7.37,7.37,3.16,5.91,7.04,9.91,9.64,9.42,8.07,7.43,16.85,21.52,18.55,31.1,13.52,78.65,78.61,8.12,7.91,9.06,8.52,9.32,9.49,11.01,9.79,9.62,9.66,9.58,13.47,3.19,76.05,22.75,13.64,22.56,6.37,5.86,9.59,0.0,30.33,81.35,10.56,9.99,18.52,10.7,23.91,74.5,74.55,24.39,24.78,9.42,33.04,38.07,38.73,62.92
36.15,35.73,76.27,34.21,24.89,18.74,41.79,15.99,19.47,15.29,72.23,26.06,26.17,126.77,35.91,75.11,75.37,21.4,24.93,29.9,52.0,26.64,35.08,21.83,26.89,33.98,77.9,22.29,37.48,35.69,19.21,25.0,22.31,28.94,27.01,4.09,18.69,24.85,10.08,19.95,18.25,2.17,24.99,21.09,19.84,25.97,17.93,20.82,18.99,19.51,2.1,29.35,28.79,17.72,26.68,19.92,6.66,78.42,20.81,23.48,71.83,32.56,76.23,74.53,72.52,30.28,70.8,73.94,33.75,74.69,44.26,21.69,24.84,21.56,76.81,37.6,20.45,21.14,21.09,92.78,73.52,83.54,138.63,27.48,22.69,73.5,72.71,17.52,30.1,33.29,27.48,76.45,34.87,36.28,29.32,24.86,77.2,77.2,73.94,43.71,77.67,56.51,115.78,84.34,71.8,54.47,25.05,34.31,31.22,50.8,75.16,26.0,25.65,141.11,35.0,33.73,74.03,74.03,78.15,97.72,33.82,68.49,26.97,24.91,20.11,14.83,139.3,117.82,79.9,25.11,18.68,99.27,85.89,79.46,35.84,34.47,22.51,78.07,78.15,39.96,29.12,72.08,72.67,31.63,32.03,29.43,72.01,74.0,21.67,21.35,27.66,27.71,23.29,31.42,28.27,29.37,25.11,37.51,32.26,23.29,74.41,78.05,28.65,24.1,36.35,35.76,35.76,31.06,35.02,37.25,39.01,38.75,38.53,37.18,36.56,22.82,17.38,24.52,9.88,24.6,74.66,74.62,21.95,21.74,22.12,21.98,22.57,22.13,25.42,22.54,21.14,21.04,25.35,24.51,31.09,74.27,17.52,22.41,19.7,24.85,23.35,20.16,28.9,0.0,59.98,26.99,24.84,12.0,24.35,5.86,71.73,71.78,26.99,20.81,24.38,2.73,28.36,5.97,41.55
89.1,88.68,93.95,83.34,75.64,67.85,94.74,65.13,68.58,68.24,92.32,79.01,79.12,152.48,88.86,90.83,95.14,72.15,77.88,82.85,104.96,77.39,88.03,72.58,79.84,86.93,99.0,75.24,90.43,88.64,49.84,50.89,73.06,81.89,78.03,56.97,67.81,50.73,59.93,69.08,67.37,65.89,52.4,71.84,68.98,50.76,68.68,69.96,68.11,68.63,65.82,82.3,81.74,68.47,52.39,72.37,55.64,104.13,69.94,74.23,97.54,85.51,91.17,90.38,87.86,83.23,96.51,88.78,86.7,90.17,8.48,74.64,77.79,74.51,102.52,90.55,73.4,74.09,74.04,106.71,92.65,136.49,191.58,80.43,75.64,90.4,98.42,70.47,83.05,86.24,80.43,95.64,87.82,89.23,82.27,77.81,102.91,102.91,89.29,96.66,103.38,9.35,141.49,137.29,97.51,7.41,78.0,87.26,85.51,103.75,90.88,49.55,29.33,194.06,87.95,86.68,89.37,89.38,98.78,123.42,86.77,83.84,77.73,75.66,73.06,63.95,192.25,143.53,86.16,51.0,72.23,112.52,105.75,105.17,88.79,87.42,75.46,103.78,103.86,92.91,37.54,97.79,91.91,84.58,84.98,37.86,97.71,91.55,74.62,74.3,78.42,78.47,76.24,84.37,81.22,80.12,78.06,90.46,85.22,76.24,91.96,103.76,81.6,50.87,89.3,88.71,88.71,84.01,87.97,90.2,91.96,91.7,91.48,90.13,89.51,73.57,66.5,75.27,59.0,73.72,89.72,90.47,74.9,74.69,75.07,74.93,75.52,75.09,78.37,75.49,74.09,73.99,78.3,73.62,84.04,88.63,66.64,74.21,68.82,77.8,76.3,73.11,81.85,64.42,0.0,79.94,77.79,64.95,77.3,61.42,87.08,87.13,78.01,69.94,77.33,59.56,82.65,55.88,12.15
14.89,14.46,76.74,23.07,10.98,12.32,26.5,18.22,11.53,14.93,72.7,4.33,4.43,127.23,14.65,75.57,75.83,11.26,10.53,15.92,35.99,7.24,13.81,9.03,6.0,16.02,78.36,7.45,16.22,14.42,17.19,24.63,9.52,7.68,20.88,31.79,13.36,22.75,22.15,17.65,14.29,23.77,22.24,10.94,17.54,23.7,13.22,18.53,14.55,11.1,23.7,8.82,8.59,14.37,22.55,10.86,30.55,78.88,17.27,9.56,72.3,11.29,76.69,74.99,71.76,10.08,71.27,72.67,15.79,75.15,66.29,6.84,6.17,6.71,77.28,16.33,8.74,7.74,7.63,93.25,73.98,67.23,122.32,6.91,7.02,73.96,73.18,11.35,8.17,12.03,6.9,76.92,13.61,15.02,8.78,10.47,77.66,77.66,73.19,28.95,78.14,75.81,116.24,68.03,72.26,73.77,7.14,13.04,43.97,34.79,75.62,23.72,44.95,124.79,13.74,12.47,73.27,73.27,78.61,98.18,12.56,67.73,7.57,9.13,9.94,17.67,122.99,118.29,79.14,23.12,22.48,96.42,86.35,79.93,14.58,13.2,8.5,78.53,78.61,28.76,41.49,72.54,73.13,11.43,10.77,41.81,72.47,74.47,8.44,7.89,8.26,8.32,4.63,11.22,8.07,8.75,4.48,16.25,12.07,4.63,74.87,78.51,8.11,22.62,15.08,14.5,14.5,10.86,13.75,16.98,17.75,17.48,17.26,15.91,15.3,8.92,13.58,10.61,21.06,6.81,75.12,75.08,7.94,7.73,8.88,8.34,7.72,7.29,6.76,7.69,8.23,8.2,2.87,6.76,10.89,72.53,13.46,6.93,14.63,10.5,6.94,9.41,9.79,28.26,79.28,0.0,3.28,16.45,3.99,21.83,70.98,71.03,20.87,16.84,4.07,33.13,41.11,30.79,60.85
13.99,13.56,74.39,20.72,8.64,11.07,25.6,15.87,10.55,12.39,70.35,4.46,4.57,124.89,13.75,73.22,73.48,9.76,10.67,16.05,35.09,4.9,12.91,7.25,6.13,15.12,76.01,6.61,15.32,13.52,16.21,22.29,7.73,6.78,18.54,29.44,11.94,20.4,21.91,15.31,13.31,21.22,19.9,9.44,15.2,21.35,10.87,16.18,12.2,10.12,21.15,10.15,8.72,12.02,20.21,9.87,28.21,76.53,14.92,7.22,69.95,10.39,74.35,72.65,69.41,12.2,68.92,70.32,14.89,72.81,63.74,4.29,3.62,4.16,74.93,15.43,6.7,5.91,5.08,90.9,71.64,66.33,121.42,8.08,6.47,71.61,70.83,8.8,7.94,11.13,8.08,74.57,12.71,14.12,9.89,10.6,75.32,75.32,70.84,28.05,75.79,73.26,113.89,67.13,69.92,71.22,7.27,12.14,41.42,33.89,73.28,21.38,42.4,123.89,12.84,11.57,70.92,70.93,76.27,95.83,11.66,65.39,5.23,6.78,7.39,15.33,122.09,115.94,76.8,20.77,20.72,94.07,84.01,77.58,13.68,12.3,7.39,76.19,76.27,27.86,38.94,70.2,70.79,13.42,9.87,39.26,70.12,72.12,7.32,6.77,5.92,5.97,2.08,12.91,8.2,9.65,2.25,15.35,13.75,2.08,72.53,76.17,8.24,20.28,14.18,13.6,13.6,12.97,12.85,16.08,16.85,16.58,16.36,15.01,14.4,6.57,11.24,8.27,20.82,5.02,72.78,72.73,6.82,6.62,7.77,7.23,5.17,4.74,4.21,5.14,6.19,6.45,1.24,4.08,13.0,70.18,12.47,5.15,12.28,10.64,7.07,7.54,11.92,25.71,76.73,2.88,0.0,13.9,1.44,19.29,68.63,68.68,18.52,14.5,1.52,30.78,38.56,28.45,58.3
25.16,24.74,86.49,32.82,21.35,23.79,36.78,26.85,23.26,4.3,82.46,15.08,15.18,136.99,24.92,85.33,85.59,22.47,13.94,18.58,46.27,17.61,24.09,19.78,15.9,23.0,88.12,11.3,26.5,24.7,30.07,35.0,20.26,17.96,30.64,18.09,24.65,33.12,20.94,30.81,26.02,8.64,32.61,22.16,30.7,34.06,23.59,31.68,24.91,22.83,8.57,18.37,17.8,24.74,32.92,22.58,17.96,88.64,27.63,19.93,82.05,21.57,86.45,84.75,81.52,19.29,81.02,82.43,22.76,84.91,51.16,10.71,13.85,10.57,87.03,26.61,9.47,10.15,10.1,103.0,83.74,77.51,132.59,16.5,11.71,83.72,82.93,6.53,19.12,22.3,16.49,86.67,23.89,25.29,18.33,13.88,87.42,87.42,82.94,39.23,87.9,60.67,126.0,78.3,82.02,58.64,14.06,23.32,28.83,45.07,85.38,34.09,29.82,135.07,24.02,22.74,83.03,83.03,88.37,107.94,22.84,77.49,17.94,19.5,9.12,25.69,133.26,128.04,88.9,33.49,17.66,106.18,96.11,89.68,24.85,23.48,11.53,88.29,88.37,36.56,26.36,82.3,82.89,20.64,21.05,26.67,82.23,84.22,10.69,10.36,18.63,18.68,12.3,20.43,17.29,21.73,14.13,26.52,21.28,12.3,84.63,88.27,17.66,32.99,25.36,24.78,24.78,20.07,24.03,23.95,28.02,27.76,27.54,26.19,25.58,19.28,23.95,20.98,20.74,17.55,84.88,84.84,10.96,10.76,11.13,11.0,11.58,11.15,14.44,11.55,10.16,10.06,14.36,16.8,20.1,82.28,25.18,17.67,25.0,13.86,12.37,9.17,17.91,13.12,64.15,16.0,13.85,0.0,13.36,6.7,80.73,80.78,30.62,27.21,13.39,15.83,25.97,19.38,45.71
15.51,15.08,75.5,21.84,9.75,12.19,27.13,16.98,11.66,10.96,71.47,5.98,6.09,126.0,15.27,74.34,74.6,10.87,10.05,15.44,36.61,6.01,14.43,8.18,7.65,16.64,77.13,5.19,16.84,15.04,17.32,23.4,8.66,8.3,19.65,30.56,13.05,21.52,23.02,16.42,14.42,19.8,21.01,10.56,16.31,22.46,11.99,17.3,13.31,11.23,19.73,11.67,10.24,13.14,21.32,10.99,29.32,77.65,16.03,8.33,71.07,11.91,75.46,73.76,70.53,13.73,70.04,71.44,16.41,73.92,62.32,2.87,2.2,2.73,76.04,16.95,5.28,4.48,3.65,92.02,72.75,67.85,122.94,9.61,5.05,72.73,71.94,7.38,9.46,12.65,9.6,75.69,14.23,15.64,11.41,9.98,76.43,76.43,71.95,29.58,76.91,71.83,115.01,68.65,71.03,69.8,6.22,13.67,39.99,35.41,74.39,22.49,40.98,125.42,14.36,13.09,72.04,72.04,77.38,96.95,13.18,66.5,6.34,7.9,5.97,16.44,123.61,117.05,77.91,21.89,19.29,95.19,85.12,78.7,15.2,13.82,5.96,77.3,77.38,29.38,37.52,71.31,71.9,14.95,11.39,37.83,71.24,73.23,5.9,5.35,7.03,7.08,0.65,14.43,9.73,10.76,2.53,16.87,15.27,0.65,73.64,77.28,9.76,21.39,15.7,15.12,15.12,14.49,14.37,17.6,18.37,18.1,17.89,16.53,15.92,7.69,12.35,9.38,21.93,5.95,73.89,73.85,5.4,5.19,6.34,5.8,3.75,3.31,2.79,3.72,4.77,5.02,2.76,5.2,14.52,71.3,13.58,6.07,13.4,10.02,5.24,6.12,10.07,24.28,75.31,4.4,2.25,12.47,0.0,17.86,69.74,69.79,19.63,15.61,1.8,26.99,37.13,29.56,56.87
30.1,29.68,84.05,37.76,31.22,25.07,37.35,23.77,25.8,9.24,80.01,20.01,20.12,134.54,29.86,82.88,83.14,27.74,18.88,25.46,47.56,22.55,29.03,28.16,20.83,27.93,85.67,16.24,31.43,29.64,26.99,32.78,28.65,22.89,36.67,11.75,25.03,32.62,16.42,27.72,24.59,4.29,32.77,27.42,27.62,33.74,24.27,28.6,25.33,25.85,4.22,23.3,22.74,24.06,34.45,26.26,14.28,86.19,28.58,29.81,79.61,26.5,84.0,82.31,80.29,24.22,78.58,81.71,27.7,82.47,48.24,15.64,18.79,15.51,84.59,31.55,14.4,15.09,15.04,100.56,81.29,79.1,134.19,21.43,16.64,81.27,80.49,11.47,24.05,27.24,21.43,84.23,28.82,30.23,23.27,18.81,84.98,84.98,81.72,39.27,85.45,57.76,123.55,79.89,79.57,55.73,19.0,28.26,28.88,46.36,82.93,33.77,26.9,136.66,28.95,27.68,81.8,81.81,85.92,105.49,27.77,76.27,22.88,24.43,14.06,21.17,134.86,125.6,87.68,32.89,14.3,107.05,93.66,87.24,29.79,28.42,16.46,85.84,85.92,35.52,24.01,79.85,80.44,25.58,25.98,24.32,79.78,81.78,15.62,15.3,23.57,23.62,17.24,25.37,22.22,26.67,19.06,31.46,26.21,17.24,82.19,85.82,22.6,31.88,30.3,29.71,29.71,25.01,28.97,28.89,32.96,32.7,32.48,31.13,30.51,29.15,23.72,30.85,16.22,22.48,82.43,82.39,15.9,15.69,16.07,15.93,16.52,16.08,19.37,16.49,15.09,14.99,19.3,21.73,25.04,82.04,23.86,22.61,26.04,18.8,17.3,14.11,22.85,6.79,61.23,20.94,18.79,5.97,18.3,0.0,79.51,79.56,36.65,28.58,18.33,9.5,26.02,13.05,42.8
75.69,75.27,12.09,54.88,63.6,54.85,87.31,56.22,56.83,78.91,10.46,68.73,68.83,64.79,75.45,8.97,13.28,56.83,74.76,80.15,96.8,63.05,74.62,59.08,69.58,76.83,17.14,70.46,77.02,75.23,54.18,47.22,59.56,68.48,54.31,69.0,52.18,46.98,64.73,50.29,53.77,73.84,45.61,56.52,50.18,46.29,58.46,51.61,53.86,55.21,73.77,71.86,72.96,59.61,44.07,55.65,67.76,20.71,50.65,58.66,9.17,72.1,9.3,8.52,5.4,73.91,14.59,6.91,76.59,8.31,77.62,70.81,70.14,70.68,16.97,77.14,70.59,69.8,71.6,24.84,10.79,136.77,83.62,69.79,71.25,8.53,9.46,75.32,69.64,69.34,69.79,13.77,74.41,75.82,71.59,74.7,17.36,17.36,7.43,89.76,19.97,76.99,53.79,134.63,9.14,80.6,71.88,73.85,102.11,95.59,9.02,46.32,62.06,142.18,74.54,73.27,6.75,6.75,16.91,35.73,73.36,1.1,63.38,64.6,71.27,59.01,81.7,55.84,11.82,47.54,90.57,30.66,23.89,23.02,75.38,74.01,71.24,22.57,20.44,89.56,78.13,11.64,10.05,75.13,71.57,78.44,11.56,9.69,71.17,70.62,63.74,63.79,68.6,74.61,72.2,60.45,68.77,77.05,75.45,68.6,10.1,20.34,71.5,46.86,75.89,75.3,75.3,74.68,74.56,77.78,78.55,78.29,78.07,76.72,76.1,58.0,58.82,65.21,63.64,61.31,7.86,8.6,70.67,70.47,71.62,71.08,69.78,71.26,70.73,71.66,70.08,70.28,67.84,67.73,74.7,6.77,55.63,59.05,53.52,74.73,71.91,71.38,73.62,71.8,84.74,69.47,67.71,80.42,67.96,77.07,0.0,0.05,54.29,50.25,68.04,70.34,99.25,68.0,71.04
75.74,75.32,12.14,54.93,63.65,54.9,87.36,56.27,56.88,78.96,10.51,68.78,68.88,64.84,75.5,9.02,13.33,56.88,74.81,80.2,96.85,63.1,74.67,59.13,69.63,76.88,17.19,70.51,77.07,75.28,54.23,47.27,59.61,68.53,54.36,69.05,52.23,47.03,64.78,50.34,53.82,73.89,45.66,56.57,50.23,46.34,58.51,51.66,53.91,55.26,73.82,71.91,73.01,59.66,44.12,55.7,67.81,20.76,50.7,58.71,9.22,72.15,9.35,8.57,5.45,73.96,14.64,6.96,76.64,8.36,77.67,70.86,70.19,70.73,17.02,77.19,70.64,69.85,71.65,24.89,10.84,136.82,83.67,69.84,71.3,8.58,9.51,75.37,69.69,69.39,69.84,13.82,74.46,75.87,71.64,74.75,17.41,17.41,7.48,89.81,20.02,77.04,53.84,134.68,9.19,80.65,71.93,73.9,102.16,95.64,9.07,46.37,62.11,142.23,74.59,73.32,6.8,6.8,16.96,35.78,73.41,1.15,63.43,64.65,71.32,59.06,81.75,55.89,11.87,47.59,90.62,30.71,23.94,23.07,75.43,74.06,71.29,22.62,20.49,89.61,78.18,11.69,10.1,75.18,71.62,78.49,11.61,9.74,71.22,70.67,63.79,63.84,68.65,74.66,72.25,60.5,68.82,77.1,75.51,68.65,10.15,20.39,71.55,46.91,75.94,75.35,75.35,74.73,74.61,77.83,78.6,78.34,78.12,76.77,76.15,58.05,58.87,65.26,63.69,61.36,7.91,8.65,70.72,70.52,71.67,71.13,69.83,71.31,70.78,71.71,70.13,70.33,67.89,67.78,74.75,6.82,55.68,59.1,53.57,74.78,71.96,71.43,73.67,71.85,84.79,69.52,67.76,80.47,68.01,77.12,0.05,0.0,54.34,50.3,68.09,70.39,99.3,68.05,71.09
26.71,26.28,61.6,7.79,7.87,8.93,38.33,13.93,10.53,29.92,57.56,19.75,19.85,112.1,26.47,60.43,60.69,10.53,25.78,31.17,47.82,14.07,25.63,9.94,20.6,27.84,63.22,21.48,28.04,26.25,13.75,18.27,10.42,19.5,0.01,28.31,9.11,15.2,19.12,10.05,10.85,33.16,14.69,10.22,9.94,17.33,12.68,10.92,8.25,8.91,33.08,22.87,23.98,13.83,16.72,9.35,27.07,63.74,9.66,9.03,57.16,23.11,61.55,59.86,56.62,24.93,56.13,57.53,27.61,60.02,65.73,21.83,21.16,21.7,62.14,28.15,21.61,20.82,22.61,78.11,58.85,79.05,130.93,20.81,22.26,58.82,58.04,26.34,20.66,20.36,20.8,61.78,25.43,26.84,22.61,25.71,62.53,62.53,58.05,40.78,63.0,75.24,101.1,79.85,57.13,73.21,22.89,24.87,53.15,46.61,60.48,17.36,44.39,136.62,25.56,24.29,58.13,58.14,63.48,83.04,24.38,52.6,14.4,15.62,22.28,13.39,129.01,103.15,64.01,15.57,41.58,81.28,71.22,64.79,26.4,25.02,22.25,63.39,63.47,40.58,51.11,57.4,57.99,26.15,22.59,51.43,57.33,59.33,22.19,21.64,14.76,14.81,19.62,25.63,23.22,11.46,19.79,28.07,26.47,19.62,59.74,63.37,22.52,15.07,26.9,26.32,26.32,25.69,25.57,28.8,29.57,29.3,29.09,27.74,27.12,8.42,13.05,10.11,18.02,12.16,59.99,59.94,21.69,21.48,22.64,22.09,20.8,22.27,21.75,22.68,21.1,21.3,18.85,12.06,25.72,57.39,10.01,9.91,9.15,25.75,22.93,22.4,24.64,31.12,78.72,20.49,18.73,31.44,18.97,36.38,55.84,55.89,0.0,9.24,19.06,29.65,50.29,27.32,60.28
26.82,26.39,57.31,14.29,11.23,3.85,38.44,10.11,6.92,26.33,53.28,18.5,18.6,107.81,26.58,56.15,56.41,6.92,24.7,30.09,47.93,12.99,25.74,7.35,20.71,27.95,58.94,20.55,28.15,26.36,4.82,5.44,7.83,19.61,8.97,19.19,2.82,4.96,13.51,0.93,4.42,24.04,4.34,6.61,0.82,7.01,8.55,1.8,3.58,5.23,23.97,22.98,24.09,9.7,6.12,5.74,17.96,59.46,1.29,9.82,52.88,23.22,57.27,55.57,53.56,25.04,51.85,54.98,27.72,55.73,56.61,18.24,17.57,18.1,57.85,28.26,20.64,19.85,19.02,73.83,54.56,79.16,134.25,20.92,20.42,54.54,53.76,22.74,20.77,23.96,20.91,57.5,25.54,26.95,22.72,24.64,58.24,58.24,54.99,40.89,58.72,66.13,96.82,79.96,52.84,64.09,21.31,24.98,52.3,46.72,56.2,7.04,35.27,136.73,25.67,24.4,55.07,55.08,59.19,78.76,24.49,49.54,13.32,11.26,21.34,7.78,124.72,98.86,60.94,5.33,43.19,80.32,66.93,60.51,26.51,25.13,21.33,59.11,59.19,40.69,42.0,53.12,53.71,26.26,22.7,42.31,53.05,55.04,21.26,20.72,14.01,14.07,16.02,25.74,23.33,17.74,16.19,28.18,26.58,16.02,55.45,59.09,22.63,4.83,27.01,26.43,26.43,25.8,25.68,28.91,29.68,29.41,29.2,27.85,27.23,9.17,8.91,10.86,12.42,12.06,55.7,55.66,20.76,20.56,21.71,21.17,19.11,18.68,18.15,19.08,20.13,20.39,15.26,11.96,25.83,55.31,4.41,9.86,4.15,24.67,21.11,21.49,24.75,22.0,69.6,16.9,15.13,27.84,15.38,27.27,52.78,52.83,8.96,0.0,15.46,20.54,49.45,18.2,51.17
14.76,14.33,74.75,21.08,9.0,11.44,26.37,16.23,10.91,11.96,70.72,3.92,4.02,125.25,14.52,73.59,73.85,10.12,10.12,15.51,35.86,5.26,13.68,7.43,5.58,15.89,76.38,6.18,16.09,14.29,16.57,22.65,7.91,7.55,18.9,29.8,12.3,20.77,22.27,15.67,13.67,20.8,20.26,9.81,15.56,21.71,11.24,16.54,12.56,10.48,20.72,8.41,8.18,12.39,20.57,10.23,28.57,76.9,15.28,7.58,70.31,11.16,74.71,73.01,69.78,9.67,69.28,70.69,15.66,73.17,63.32,3.87,3.2,3.73,75.29,16.2,6.27,5.48,4.65,91.26,72.0,67.1,122.19,6.5,5.11,71.98,71.19,8.38,7.76,11.9,6.49,74.93,13.48,14.89,8.37,10.06,75.68,75.68,71.2,28.82,76.16,72.83,114.26,67.89,70.28,70.8,5.0,12.91,40.99,34.66,73.64,21.74,41.97,124.66,13.61,12.34,71.29,71.29,76.63,96.2,12.43,65.75,5.59,7.15,6.97,15.69,122.86,116.3,77.16,21.14,20.29,94.44,84.37,77.94,14.45,13.07,6.96,76.55,76.63,28.63,38.52,70.56,71.15,11.02,10.64,38.83,70.49,72.48,6.9,6.35,6.28,6.33,1.65,10.81,7.66,10.01,0.73,16.11,11.65,1.65,72.89,76.53,7.7,20.64,14.95,14.37,14.37,10.45,13.62,16.84,17.62,17.35,17.13,15.78,15.17,6.93,11.6,8.63,21.18,5.2,73.14,73.1,6.4,6.19,7.34,6.8,4.74,4.31,3.78,4.72,5.76,6.02,2.01,4.45,10.48,70.54,12.83,5.32,12.65,10.09,5.3,7.12,9.38,25.28,76.31,3.65,1.5,13.47,1.01,18.86,68.99,69.04,18.88,14.86,0.0,27.99,38.13,28.81,57.87
37.83,37.41,73.62,31.55,22.23,16.08,49.45,13.34,16.81,18.19,69.58,29.51,29.61,124.11,37.59,72.45,72.71,18.75,27.83,32.81,58.94,23.99,36.76,19.17,31.72,38.97,75.24,25.19,39.17,37.37,16.56,22.35,19.65,30.62,24.35,1.44,16.04,22.19,7.43,17.3,15.6,5.07,22.34,18.43,17.19,23.31,15.28,18.17,16.34,16.86,5.0,34.0,35.1,15.07,24.02,17.27,4.0,75.76,18.15,20.82,69.18,34.24,73.57,71.88,69.86,36.05,68.15,71.29,38.73,72.04,45.38,24.6,28.53,24.46,74.16,39.28,23.36,24.04,23.99,90.13,70.87,90.18,145.26,31.93,25.6,70.84,70.06,20.42,31.79,34.97,31.93,73.8,36.56,37.96,33.73,27.77,74.55,74.55,71.29,51.9,75.02,54.9,113.12,90.97,69.14,52.86,27.95,35.99,34.12,57.74,72.5,23.34,24.04,147.74,36.69,35.41,71.37,71.38,75.49,95.06,35.5,65.84,24.32,22.25,23.01,12.17,145.93,115.17,77.25,22.46,21.59,96.62,83.24,76.81,37.52,36.15,25.42,75.41,75.49,42.87,34.77,69.42,70.01,37.27,33.72,35.09,69.35,71.35,24.58,24.25,25.01,25.06,26.98,36.75,33.25,26.71,27.15,39.19,37.6,26.98,71.76,75.39,33.64,21.45,38.03,37.45,37.45,36.82,36.7,39.92,40.69,40.43,40.21,38.86,38.25,20.16,14.73,21.86,7.23,21.95,72.0,71.96,24.85,24.65,25.02,24.89,25.47,25.04,29.11,25.44,24.05,23.95,26.35,21.85,36.84,71.61,14.87,19.75,17.05,27.75,26.26,23.06,35.77,3.03,58.37,27.99,26.09,14.9,26.34,8.77,69.08,69.13,24.34,18.15,26.42,0.0,31.26,3.31,39.94
40.7,42.2,103.84,51.08,45.23,46.3,28.75,43.56,47.03,28.18,99.8,38.95,39.05,144.34,40.67,102.68,102.94,48.97,34.51,28.81,41.19,41.48,37.45,49.4,39.77,35.06,105.47,35.18,38.15,40.45,46.78,52.57,49.88,36.21,48.89,32.25,46.26,52.41,37.65,47.52,45.82,26.76,52.56,48.65,47.41,53.54,45.5,48.39,46.56,47.08,26.69,40.66,38.5,45.29,54.25,47.49,34.67,105.99,48.37,43.8,99.4,43.04,103.8,102.1,99.77,37.79,98.37,101.51,35.43,102.26,69.34,34.58,37.72,34.44,104.38,35.38,33.34,34.03,33.98,120.35,101.09,74.7,129.78,37.52,35.58,101.06,100.28,30.41,37.37,46.37,37.51,104.02,37.17,41.04,40.94,29.15,104.77,104.77,101.2,29.58,105.24,78.86,154.22,75.49,99.37,76.83,37.94,40.9,3.23,39.99,102.73,53.56,48.0,132.26,37.64,41.1,101.28,101.29,105.72,125.28,41.0,95.75,41.81,43.37,33.0,42.4,130.45,156.26,107.15,52.68,20.56,124.43,113.46,107.03,37.02,41.06,35.4,105.64,105.72,27.2,37.39,99.65,100.24,38.02,40.34,37.71,99.57,101.57,34.56,34.23,42.51,42.56,36.18,37.4,39.07,39.98,38.0,37.34,38.24,36.18,101.98,105.62,40.9,51.67,43.01,42.43,42.43,37.9,39.42,35.89,37.65,38.0,38.52,37.85,40.14,43.16,44.95,44.86,37.45,41.42,102.23,102.19,34.84,34.63,35.01,34.87,35.46,35.02,38.31,35.43,34.03,33.93,38.24,40.67,37.93,100.54,45.09,41.55,47.27,28.95,36.24,33.05,37.55,28.17,82.33,39.88,37.73,24.89,37.23,25.73,98.99,99.04,48.88,48.38,37.27,30.88,0.0,34.91,63.9
37.79,37.36,73.57,31.51,22.18,16.03,49.4,13.29,16.76,21.28,69.53,29.46,29.56,124.07,37.54,72.41,72.66,18.7,30.92,35.9,58.89,23.94,36.71,19.12,31.67,38.92,75.19,28.28,39.12,37.32,16.51,22.3,19.61,30.58,24.31,2.77,15.99,22.14,7.38,17.25,15.55,7.62,22.29,18.38,17.14,23.27,15.23,18.12,16.29,16.81,7.54,33.95,35.06,15.02,23.98,17.22,0.84,75.71,18.1,20.77,69.13,34.19,73.53,71.83,69.82,36.0,68.1,71.24,38.68,71.99,43.0,27.69,28.48,27.55,74.11,39.23,26.45,27.13,27.08,90.08,70.82,90.13,145.22,31.88,28.69,70.79,70.01,23.51,31.74,34.92,31.88,73.75,36.51,37.91,33.68,30.86,74.5,74.5,71.24,51.85,74.97,52.52,113.07,90.92,69.1,50.48,31.04,35.94,37.21,57.69,72.46,23.29,21.66,147.69,36.64,35.37,71.33,71.33,75.45,95.01,35.46,65.79,24.27,22.2,26.1,12.13,145.89,115.12,77.2,22.41,26.68,96.57,83.19,76.76,37.48,36.1,28.51,75.37,75.45,45.96,28.39,69.38,69.97,37.22,33.67,28.7,69.3,71.3,27.67,27.34,24.96,25.01,26.93,36.7,33.2,26.67,27.11,39.14,37.55,26.93,71.71,75.35,33.6,21.4,37.98,37.4,37.4,36.77,36.65,39.87,40.65,40.38,40.16,38.81,38.2,20.12,14.68,21.81,7.18,21.9,71.96,71.91,27.94,27.74,28.11,27.98,28.56,28.13,29.06,28.53,27.14,27.04,26.3,21.8,36.8,71.57,14.82,19.7,17.0,30.84,29.35,26.15,35.72,5.58,55.99,27.94,26.05,17.99,26.29,12.17,69.03,69.08,24.29,18.11,26.37,4.12,34.35,0.0,37.56
68.67,68.24,80.54,58.77,55.2,47.42,74.31,36.31,48.15,47.8,78.92,58.58,58.68,139.07,68.43,77.43,81.73,51.72,57.45,62.42,84.52,56.96,67.59,52.15,59.4,66.5,85.59,54.81,70.0,68.2,36.43,37.48,52.63,61.46,54.96,36.54,47.37,37.33,39.5,48.65,39.47,45.46,38.99,51.41,48.54,37.35,48.25,38.81,47.68,48.19,45.38,61.87,61.3,48.04,38.98,51.93,35.21,90.72,49.51,53.79,84.14,65.07,77.76,76.98,74.46,62.79,83.11,75.37,66.26,76.77,8.75,54.21,57.35,54.07,89.11,70.11,52.97,53.66,53.61,93.3,79.25,116.06,157.91,60.0,55.21,76.99,85.01,50.04,62.62,65.81,60.0,82.23,67.39,68.8,61.83,57.38,89.5,89.5,75.88,76.23,89.98,9.97,128.08,116.85,84.1,10.16,57.57,66.82,65.07,83.32,77.48,36.15,15.92,173.62,67.52,66.25,75.97,75.97,85.37,110.02,66.34,70.43,57.29,55.23,52.63,36.18,155.98,130.12,81.84,37.59,51.8,99.12,92.34,91.77,68.36,66.98,55.03,90.37,90.45,72.48,28.18,84.38,78.51,64.15,64.55,28.49,84.31,78.15,54.19,53.86,57.98,58.03,55.81,63.94,60.79,59.69,57.63,70.03,64.78,55.81,78.56,90.35,61.16,37.46,68.86,68.28,68.28,63.58,67.53,69.76,71.53,71.26,71.04,69.69,69.08,53.14,46.07,54.83,38.56,53.29,76.31,77.06,54.46,54.26,54.64,54.5,55.08,54.65,57.94,55.06,53.66,53.56,57.87,53.19,63.6,75.23,46.2,53.78,48.38,57.37,55.87,52.68,61.41,43.98,12.22,59.51,57.36,44.52,56.86,40.99,73.67,73.72,54.94,49.51,56.9,39.13,62.21,35.45,0.0